0 verbose cli /Users/tomasdiez/.nvm/versions/node/v25.7.0/bin/node /Users/tomasdiez/.nvm/versions/node/v25.7.0/bin/npm
1 info using npm@11.10.1
2 info using node@v25.7.0
3 silly config load:file:/Users/tomasdiez/.nvm/versions/node/v25.7.0/lib/node_modules/npm/npmrc
4 silly config load:file:/Users/tomasdiez/.npmrc
5 silly config load:file:/Users/tomasdiez/.nvm/versions/node/v25.7.0/etc/npmrc
6 verbose title npm install openclaw@latest
7 verbose argv "install" "--global" "openclaw@latest" "--unsafe-perm" "true"
8 verbose logfile logs-max:10 dir:/Users/tomasdiez/Web/fablabs.io/.npm-local-cache/_logs/2026-03-03T05_36_51_478Z-
9 verbose logfile /Users/tomasdiez/Web/fablabs.io/.npm-local-cache/_logs/2026-03-03T05_36_51_478Z-debug-0.log
10 warn Unknown cli config "--unsafe-perm". This will stop working in the next major version of npm.
11 silly packumentCache heap:4496293888 maxSize:1124073472 maxEntrySize:562036736
12 silly logfile start cleaning logs, removing 1 files
13 silly logfile done cleaning log files
14 silly packumentCache corgi:https://registry.npmjs.org/openclaw cache-miss
15 http fetch GET 200 https://registry.npmjs.org/openclaw 167ms (cache revalidated)
16 silly packumentCache corgi:https://registry.npmjs.org/openclaw set size:115823 disposed:false
17 silly idealTree buildDeps
18 silly fetch manifest openclaw@2026.3.2
19 silly packumentCache full:https://registry.npmjs.org/openclaw cache-miss
20 http fetch GET 200 https://registry.npmjs.org/openclaw 49ms (cache revalidated)
21 silly packumentCache full:https://registry.npmjs.org/openclaw set size:534004 disposed:false
22 silly placeDep ROOT openclaw@2026.3.2 OK for:  want: 2026.3.2
23 silly fetch manifest @napi-rs/canvas@^0.1.89
24 silly packumentCache full:https://registry.npmjs.org/@napi-rs%2fcanvas cache-miss
25 silly fetch manifest node-llama-cpp@3.16.2
26 silly packumentCache full:https://registry.npmjs.org/node-llama-cpp cache-miss
27 silly fetch manifest @agentclientprotocol/sdk@0.14.1
28 silly packumentCache full:https://registry.npmjs.org/@agentclientprotocol%2fsdk cache-miss
29 silly fetch manifest @aws-sdk/client-bedrock@^3.1000.0
30 silly packumentCache full:https://registry.npmjs.org/@aws-sdk%2fclient-bedrock cache-miss
31 silly fetch manifest @buape/carbon@0.0.0-beta-20260216184201
32 silly packumentCache full:https://registry.npmjs.org/@buape%2fcarbon cache-miss
33 silly fetch manifest @clack/prompts@^1.0.1
34 silly packumentCache full:https://registry.npmjs.org/@clack%2fprompts cache-miss
35 silly fetch manifest @discordjs/voice@^0.19.0
36 silly packumentCache full:https://registry.npmjs.org/@discordjs%2fvoice cache-miss
37 silly fetch manifest @grammyjs/runner@^2.0.3
38 silly packumentCache full:https://registry.npmjs.org/@grammyjs%2frunner cache-miss
39 silly fetch manifest @grammyjs/transformer-throttler@^1.2.1
40 silly packumentCache full:https://registry.npmjs.org/@grammyjs%2ftransformer-throttler cache-miss
41 http fetch GET 200 https://registry.npmjs.org/node-llama-cpp 52ms (cache revalidated)
42 silly packumentCache full:https://registry.npmjs.org/node-llama-cpp set size:776731 disposed:false
43 silly fetch manifest @homebridge/ciao@^1.3.5
44 silly packumentCache full:https://registry.npmjs.org/@homebridge%2fciao cache-miss
45 http fetch GET 200 https://registry.npmjs.org/@homebridge%2fciao 52ms (cache revalidated)
46 silly packumentCache full:https://registry.npmjs.org/@homebridge%2fciao set size:572406 disposed:false
47 silly fetch manifest @larksuiteoapi/node-sdk@^1.59.0
48 silly packumentCache full:https://registry.npmjs.org/@larksuiteoapi%2fnode-sdk cache-miss
49 http fetch GET 200 https://registry.npmjs.org/@clack%2fprompts 145ms (cache revalidated)
50 silly packumentCache full:https://registry.npmjs.org/@clack%2fprompts set size:149957 disposed:false
51 silly fetch manifest @line/bot-sdk@^10.6.0
52 silly packumentCache full:https://registry.npmjs.org/@line%2fbot-sdk cache-miss
53 http fetch GET 200 https://registry.npmjs.org/@buape%2fcarbon 148ms (cache revalidated)
54 silly packumentCache full:https://registry.npmjs.org/@buape%2fcarbon set size:456959 disposed:false
55 silly fetch manifest @lydell/node-pty@1.2.0-beta.3
56 silly packumentCache full:https://registry.npmjs.org/@lydell%2fnode-pty cache-miss
57 http fetch GET 200 https://registry.npmjs.org/@grammyjs%2ftransformer-throttler 156ms (cache revalidated)
58 silly packumentCache full:https://registry.npmjs.org/@grammyjs%2ftransformer-throttler set size:30520 disposed:false
59 silly fetch manifest @mariozechner/pi-agent-core@0.55.3
60 silly packumentCache full:https://registry.npmjs.org/@mariozechner%2fpi-agent-core cache-miss
61 http fetch GET 200 https://registry.npmjs.org/@discordjs%2fvoice 167ms (cache revalidated)
62 silly packumentCache full:https://registry.npmjs.org/@discordjs%2fvoice set size:5943077 disposed:false
63 silly fetch manifest @mariozechner/pi-ai@0.55.3
64 silly packumentCache full:https://registry.npmjs.org/@mariozechner%2fpi-ai cache-miss
65 http fetch GET 200 https://registry.npmjs.org/@larksuiteoapi%2fnode-sdk 92ms (cache revalidated)
66 silly packumentCache full:https://registry.npmjs.org/@larksuiteoapi%2fnode-sdk set size:318213 disposed:false
67 silly fetch manifest @mariozechner/pi-coding-agent@0.55.3
68 silly packumentCache full:https://registry.npmjs.org/@mariozechner%2fpi-coding-agent cache-miss
69 http fetch GET 200 https://registry.npmjs.org/@line%2fbot-sdk 66ms (cache revalidated)
70 silly packumentCache full:https://registry.npmjs.org/@line%2fbot-sdk set size:287164 disposed:false
71 silly fetch manifest @mariozechner/pi-tui@0.55.3
72 silly packumentCache full:https://registry.npmjs.org/@mariozechner%2fpi-tui cache-miss
73 http fetch GET 200 https://registry.npmjs.org/@mariozechner%2fpi-coding-agent 55ms (cache revalidated)
74 silly packumentCache full:https://registry.npmjs.org/@mariozechner%2fpi-coding-agent set size:675945 disposed:false
75 silly fetch manifest @mozilla/readability@^0.6.0
76 silly packumentCache full:https://registry.npmjs.org/@mozilla%2freadability cache-miss
77 http fetch GET 200 https://registry.npmjs.org/@mariozechner%2fpi-agent-core 107ms (cache revalidated)
78 silly packumentCache full:https://registry.npmjs.org/@mariozechner%2fpi-agent-core set size:378154 disposed:false
79 silly fetch manifest @sinclair/typebox@0.34.48
80 silly packumentCache full:https://registry.npmjs.org/@sinclair%2ftypebox cache-miss
81 http fetch GET 200 https://registry.npmjs.org/@sinclair%2ftypebox 77ms (cache revalidated)
82 silly packumentCache full:https://registry.npmjs.org/@sinclair%2ftypebox set size:1145528 disposed:false
83 silly fetch manifest @slack/bolt@^4.6.0
84 silly packumentCache full:https://registry.npmjs.org/@slack%2fbolt cache-miss
85 http fetch GET 200 https://registry.npmjs.org/@agentclientprotocol%2fsdk 390ms (cache revalidated)
86 silly packumentCache full:https://registry.npmjs.org/@agentclientprotocol%2fsdk set size:63529 disposed:false
87 silly fetch manifest @slack/web-api@^7.14.1
88 silly packumentCache full:https://registry.npmjs.org/@slack%2fweb-api cache-miss
89 http fetch GET 200 https://registry.npmjs.org/@grammyjs%2frunner 432ms (cache revalidated)
90 silly packumentCache full:https://registry.npmjs.org/@grammyjs%2frunner set size:47308 disposed:false
91 silly fetch manifest @snazzah/davey@^0.1.9
92 silly packumentCache full:https://registry.npmjs.org/@snazzah%2fdavey cache-miss
93 http fetch GET 200 https://registry.npmjs.org/@lydell%2fnode-pty 332ms (cache revalidated)
94 silly packumentCache full:https://registry.npmjs.org/@lydell%2fnode-pty set size:27944 disposed:false
95 silly fetch manifest @whiskeysockets/baileys@7.0.0-rc.9
96 silly packumentCache full:https://registry.npmjs.org/@whiskeysockets%2fbaileys cache-miss
97 http fetch GET 200 https://registry.npmjs.org/@snazzah%2fdavey 61ms (cache revalidated)
98 silly packumentCache full:https://registry.npmjs.org/@snazzah%2fdavey set size:48682 disposed:false
99 silly fetch manifest ajv@^8.18.0
100 silly packumentCache full:https://registry.npmjs.org/ajv cache-miss
101 http fetch GET 200 https://registry.npmjs.org/@mariozechner%2fpi-ai 321ms (cache revalidated)
102 silly packumentCache full:https://registry.npmjs.org/@mariozechner%2fpi-ai set size:630570 disposed:false
103 silly fetch manifest chalk@^5.6.2
104 silly packumentCache full:https://registry.npmjs.org/chalk cache-miss
105 http fetch GET 200 https://registry.npmjs.org/@mariozechner%2fpi-tui 317ms (cache revalidated)
106 silly packumentCache full:https://registry.npmjs.org/@mariozechner%2fpi-tui set size:562522 disposed:false
107 silly fetch manifest chokidar@^5.0.0
108 silly packumentCache full:https://registry.npmjs.org/chokidar cache-miss
109 http fetch GET 200 https://registry.npmjs.org/ajv 53ms (cache revalidated)
110 silly packumentCache full:https://registry.npmjs.org/ajv set size:1120197 disposed:false
111 silly fetch manifest cli-highlight@^2.1.11
112 silly packumentCache full:https://registry.npmjs.org/cli-highlight cache-miss
113 http fetch GET 200 https://registry.npmjs.org/chalk 48ms (cache revalidated)
114 silly packumentCache full:https://registry.npmjs.org/chalk set size:117861 disposed:false
115 silly fetch manifest commander@^14.0.3
116 silly packumentCache full:https://registry.npmjs.org/commander cache-miss
117 http fetch GET 200 https://registry.npmjs.org/chokidar 44ms (cache revalidated)
118 silly packumentCache full:https://registry.npmjs.org/chokidar set size:255902 disposed:false
119 silly fetch manifest croner@^10.0.1
120 silly packumentCache full:https://registry.npmjs.org/croner cache-miss
121 http fetch GET 200 https://registry.npmjs.org/@mozilla%2freadability 331ms (cache revalidated)
122 silly packumentCache full:https://registry.npmjs.org/@mozilla%2freadability set size:33244 disposed:false
123 silly fetch manifest discord-api-types@^0.38.40
124 silly packumentCache full:https://registry.npmjs.org/discord-api-types cache-miss
125 http fetch GET 200 https://registry.npmjs.org/commander 46ms (cache revalidated)
126 silly packumentCache full:https://registry.npmjs.org/commander set size:306325 disposed:false
127 silly fetch manifest dotenv@^17.3.1
128 silly packumentCache full:https://registry.npmjs.org/dotenv cache-miss
129 http fetch GET 200 https://registry.npmjs.org/croner 46ms (cache revalidated)
130 silly packumentCache full:https://registry.npmjs.org/croner set size:726306 disposed:false
131 silly fetch manifest express@^5.2.1
132 silly packumentCache full:https://registry.npmjs.org/express cache-miss
133 http fetch GET 200 https://registry.npmjs.org/discord-api-types 59ms (cache revalidated)
134 silly packumentCache full:https://registry.npmjs.org/discord-api-types set size:7804551 disposed:false
135 silly fetch manifest file-type@^21.3.0
136 silly packumentCache full:https://registry.npmjs.org/file-type cache-miss
137 http fetch GET 200 https://registry.npmjs.org/express 72ms (cache revalidated)
138 silly packumentCache full:https://registry.npmjs.org/express set size:801227 disposed:false
139 silly fetch manifest gaxios@7.1.3
140 silly packumentCache full:https://registry.npmjs.org/gaxios cache-miss
141 http fetch GET 200 https://registry.npmjs.org/dotenv 107ms (cache revalidated)
142 silly packumentCache full:https://registry.npmjs.org/dotenv set size:270065 disposed:false
143 silly fetch manifest google-auth-library@10.6.1
144 silly packumentCache full:https://registry.npmjs.org/google-auth-library cache-miss
145 http fetch GET 200 https://registry.npmjs.org/@slack%2fbolt 379ms (cache revalidated)
146 silly packumentCache full:https://registry.npmjs.org/@slack%2fbolt set size:483873 disposed:false
147 silly fetch manifest grammy@^1.41.0
148 silly packumentCache full:https://registry.npmjs.org/grammy cache-miss
149 http fetch GET 200 https://registry.npmjs.org/@slack%2fweb-api 346ms (cache revalidated)
150 silly packumentCache full:https://registry.npmjs.org/@slack%2fweb-api set size:388555 disposed:false
151 silly fetch manifest https-proxy-agent@^7.0.6
152 silly packumentCache full:https://registry.npmjs.org/https-proxy-agent cache-miss
153 http fetch GET 200 https://registry.npmjs.org/file-type 83ms (cache revalidated)
154 silly packumentCache full:https://registry.npmjs.org/file-type set size:536399 disposed:false
155 silly fetch manifest ipaddr.js@^2.3.0
156 silly packumentCache full:https://registry.npmjs.org/ipaddr.js cache-miss
157 http fetch GET 200 https://registry.npmjs.org/grammy 53ms (cache revalidated)
158 silly packumentCache full:https://registry.npmjs.org/grammy set size:411367 disposed:false
159 silly fetch manifest jiti@^2.6.1
160 silly packumentCache full:https://registry.npmjs.org/jiti cache-miss
161 http fetch GET 200 https://registry.npmjs.org/gaxios 71ms (cache revalidated)
162 silly packumentCache full:https://registry.npmjs.org/gaxios set size:345358 disposed:false
163 silly fetch manifest json5@^2.2.3
164 silly packumentCache full:https://registry.npmjs.org/json5 cache-miss
165 http fetch GET 200 https://registry.npmjs.org/https-proxy-agent 54ms (cache revalidated)
166 silly packumentCache full:https://registry.npmjs.org/https-proxy-agent set size:76241 disposed:false
167 silly fetch manifest jszip@^3.10.1
168 silly packumentCache full:https://registry.npmjs.org/jszip cache-miss
169 http fetch GET 200 https://registry.npmjs.org/google-auth-library 66ms (cache revalidated)
170 silly packumentCache full:https://registry.npmjs.org/google-auth-library set size:720826 disposed:false
171 silly fetch manifest linkedom@^0.18.12
172 silly packumentCache full:https://registry.npmjs.org/linkedom cache-miss
173 http fetch GET 200 https://registry.npmjs.org/ipaddr.js 64ms (cache revalidated)
174 silly packumentCache full:https://registry.npmjs.org/ipaddr.js set size:67857 disposed:false
175 silly fetch manifest long@^5.3.2
176 silly packumentCache full:https://registry.npmjs.org/long cache-miss
177 http fetch GET 200 https://registry.npmjs.org/jiti 58ms (cache revalidated)
178 silly packumentCache full:https://registry.npmjs.org/jiti set size:382310 disposed:false
179 silly fetch manifest markdown-it@^14.1.1
180 silly packumentCache full:https://registry.npmjs.org/markdown-it cache-miss
181 http fetch GET 200 https://registry.npmjs.org/jszip 59ms (cache revalidated)
182 silly packumentCache full:https://registry.npmjs.org/jszip set size:98327 disposed:false
183 silly fetch manifest node-domexception@npm:@nolyfill/domexception@^1.0.28
184 silly packumentCache full:https://registry.npmjs.org/@nolyfill%2fdomexception cache-miss
185 http fetch GET 200 https://registry.npmjs.org/json5 69ms (cache revalidated)
186 silly packumentCache full:https://registry.npmjs.org/json5 set size:86136 disposed:false
187 silly fetch manifest node-edge-tts@^1.2.10
188 silly packumentCache full:https://registry.npmjs.org/node-edge-tts cache-miss
189 http fetch GET 200 https://registry.npmjs.org/linkedom 66ms (cache revalidated)
190 silly packumentCache full:https://registry.npmjs.org/linkedom set size:1003891 disposed:false
191 silly fetch manifest opusscript@^0.1.1
192 silly packumentCache full:https://registry.npmjs.org/opusscript cache-miss
193 http fetch GET 200 https://registry.npmjs.org/cli-highlight 317ms (cache revalidated)
194 silly packumentCache full:https://registry.npmjs.org/cli-highlight set size:82544 disposed:false
195 silly fetch manifest osc-progress@^0.3.0
196 silly packumentCache full:https://registry.npmjs.org/osc-progress cache-miss
197 http fetch GET 200 https://registry.npmjs.org/@aws-sdk%2fclient-bedrock 907ms (cache revalidated)
198 silly packumentCache full:https://registry.npmjs.org/@aws-sdk%2fclient-bedrock set size:1337045 disposed:false
199 silly fetch manifest pdfjs-dist@^5.5.207
200 silly packumentCache full:https://registry.npmjs.org/pdfjs-dist cache-miss
201 http fetch GET 200 https://registry.npmjs.org/long 70ms (cache revalidated)
202 silly packumentCache full:https://registry.npmjs.org/long set size:80704 disposed:false
203 silly fetch manifest playwright-core@1.58.2
204 silly packumentCache full:https://registry.npmjs.org/playwright-core cache-miss
205 http fetch GET 200 https://registry.npmjs.org/markdown-it 67ms (cache revalidated)
206 silly packumentCache full:https://registry.npmjs.org/markdown-it set size:222261 disposed:false
207 silly fetch manifest qrcode-terminal@^0.12.0
208 silly packumentCache full:https://registry.npmjs.org/qrcode-terminal cache-miss
209 http fetch GET 200 https://registry.npmjs.org/node-edge-tts 71ms (cache revalidated)
210 silly packumentCache full:https://registry.npmjs.org/node-edge-tts set size:36689 disposed:false
211 silly fetch manifest sharp@^0.34.5
212 silly packumentCache full:https://registry.npmjs.org/sharp cache-miss
213 http fetch GET 200 https://registry.npmjs.org/opusscript 68ms (cache revalidated)
214 silly packumentCache full:https://registry.npmjs.org/opusscript set size:17409 disposed:false
215 silly fetch manifest sqlite-vec@0.1.7-alpha.2
216 silly packumentCache full:https://registry.npmjs.org/sqlite-vec cache-miss
217 http fetch GET 200 https://registry.npmjs.org/pdfjs-dist 56ms (cache revalidated)
218 silly packumentCache full:https://registry.npmjs.org/pdfjs-dist set size:2090403 disposed:false
219 silly fetch manifest strip-ansi@^7.2.0
220 silly packumentCache full:https://registry.npmjs.org/strip-ansi cache-miss
221 http fetch GET 200 https://registry.npmjs.org/qrcode-terminal 65ms (cache revalidated)
222 silly packumentCache full:https://registry.npmjs.org/qrcode-terminal set size:29799 disposed:false
223 silly fetch manifest tar@7.5.9
224 silly packumentCache full:https://registry.npmjs.org/tar cache-miss
225 http fetch GET 200 https://registry.npmjs.org/sqlite-vec 60ms (cache revalidated)
226 silly packumentCache full:https://registry.npmjs.org/sqlite-vec set size:114564 disposed:false
227 silly fetch manifest tslog@^4.10.2
228 silly packumentCache full:https://registry.npmjs.org/tslog cache-miss
229 http fetch GET 200 https://registry.npmjs.org/sharp 65ms (cache revalidated)
230 silly packumentCache full:https://registry.npmjs.org/sharp set size:1034463 disposed:false
231 silly fetch manifest undici@^7.22.0
232 silly packumentCache full:https://registry.npmjs.org/undici cache-miss
233 http fetch GET 200 https://registry.npmjs.org/strip-ansi 73ms (cache revalidated)
234 silly packumentCache full:https://registry.npmjs.org/strip-ansi set size:44998 disposed:false
235 silly fetch manifest ws@^8.19.0
236 silly packumentCache full:https://registry.npmjs.org/ws cache-miss
237 http fetch GET 200 https://registry.npmjs.org/tar 68ms (cache revalidated)
238 silly packumentCache full:https://registry.npmjs.org/tar set size:501367 disposed:false
239 silly fetch manifest yaml@^2.8.2
240 silly packumentCache full:https://registry.npmjs.org/yaml cache-miss
241 http fetch GET 200 https://registry.npmjs.org/tslog 66ms (cache revalidated)
242 silly packumentCache full:https://registry.npmjs.org/tslog set size:598246 disposed:false
243 silly fetch manifest zod@^4.3.6
244 silly packumentCache full:https://registry.npmjs.org/zod cache-miss
245 http fetch GET 200 https://registry.npmjs.org/undici 62ms (cache revalidated)
246 silly packumentCache full:https://registry.npmjs.org/undici set size:1271191 disposed:false
247 silly fetch manifest @discordjs/opus@^0.10.0
248 silly packumentCache full:https://registry.npmjs.org/@discordjs%2fopus cache-miss
249 http fetch GET 200 https://registry.npmjs.org/@whiskeysockets%2fbaileys 598ms (cache revalidated)
250 silly packumentCache full:https://registry.npmjs.org/@whiskeysockets%2fbaileys set size:202548 disposed:false
251 http fetch GET 200 https://registry.npmjs.org/ws 114ms (cache revalidated)
252 silly packumentCache full:https://registry.npmjs.org/ws set size:413307 disposed:false
253 http fetch GET 200 https://registry.npmjs.org/yaml 114ms (cache revalidated)
254 silly packumentCache full:https://registry.npmjs.org/yaml set size:361552 disposed:false
255 http fetch GET 200 https://registry.npmjs.org/zod 119ms (cache revalidated)
256 silly packumentCache full:https://registry.npmjs.org/zod set size:3489329 disposed:false
257 http fetch GET 200 https://registry.npmjs.org/@discordjs%2fopus 123ms (cache revalidated)
258 silly packumentCache full:https://registry.npmjs.org/@discordjs%2fopus set size:48010 disposed:false
259 http fetch GET 200 https://registry.npmjs.org/osc-progress 332ms (cache revalidated)
260 silly packumentCache full:https://registry.npmjs.org/osc-progress set size:11308 disposed:false
261 http fetch GET 200 https://registry.npmjs.org/playwright-core 630ms (cache updated)
262 silly packumentCache full:https://registry.npmjs.org/playwright-core set size:undefined disposed:false
263 http fetch GET 200 https://registry.npmjs.org/@napi-rs%2fcanvas 1643ms (cache revalidated)
264 silly packumentCache full:https://registry.npmjs.org/@napi-rs%2fcanvas set size:541259 disposed:false
265 http fetch GET 200 https://registry.npmjs.org/@nolyfill%2fdomexception 828ms (cache revalidated)
266 silly packumentCache full:https://registry.npmjs.org/@nolyfill%2fdomexception set size:2251 disposed:false
267 silly fetch manifest typescript@>=5.0.0
268 silly packumentCache full:https://registry.npmjs.org/typescript cache-miss
269 http fetch GET 200 https://registry.npmjs.org/typescript 67ms (cache revalidated)
270 silly packumentCache full:https://registry.npmjs.org/typescript set size:15306474 disposed:false
271 silly fetch manifest @types/express@^5.0.0
272 silly packumentCache full:https://registry.npmjs.org/@types%2fexpress cache-miss
273 http fetch GET 200 https://registry.npmjs.org/@types%2fexpress 77ms (cache revalidated)
274 silly packumentCache full:https://registry.npmjs.org/@types%2fexpress set size:111364 disposed:false
275 silly fetch manifest audio-decode@^2.1.3
276 silly packumentCache full:https://registry.npmjs.org/audio-decode cache-miss
277 http fetch GET 200 https://registry.npmjs.org/audio-decode 71ms (cache revalidated)
278 silly packumentCache full:https://registry.npmjs.org/audio-decode set size:68555 disposed:false
279 silly fetch manifest jimp@^1.6.0
280 silly packumentCache full:https://registry.npmjs.org/jimp cache-miss
281 http fetch GET 200 https://registry.npmjs.org/jimp 65ms (cache revalidated)
282 silly packumentCache full:https://registry.npmjs.org/jimp set size:1192935 disposed:false
283 silly fetch manifest link-preview-js@^3.0.0
284 silly packumentCache full:https://registry.npmjs.org/link-preview-js cache-miss
285 http fetch GET 200 https://registry.npmjs.org/link-preview-js 50ms (cache revalidated)
286 silly packumentCache full:https://registry.npmjs.org/link-preview-js set size:145310 disposed:false
287 silly fetch manifest canvas@>= 2
288 silly packumentCache full:https://registry.npmjs.org/canvas cache-miss
289 http fetch GET 200 https://registry.npmjs.org/canvas 53ms (cache revalidated)
290 silly packumentCache full:https://registry.npmjs.org/canvas set size:366497 disposed:false
291 silly fetch manifest bufferutil@^4.0.1
292 silly packumentCache full:https://registry.npmjs.org/bufferutil cache-miss
293 http fetch GET 200 https://registry.npmjs.org/bufferutil 58ms (cache revalidated)
294 silly packumentCache full:https://registry.npmjs.org/bufferutil set size:52763 disposed:false
295 silly fetch manifest utf-8-validate@>=5.0.2
296 silly packumentCache full:https://registry.npmjs.org/utf-8-validate cache-miss
297 http fetch GET 200 https://registry.npmjs.org/utf-8-validate 54ms (cache revalidated)
298 silly packumentCache full:https://registry.npmjs.org/utf-8-validate set size:77148 disposed:false
299 silly placeDep node_modules/openclaw @agentclientprotocol/sdk@0.14.1 OK for: openclaw@2026.3.2 want: 0.14.1
300 silly placeDep node_modules/openclaw zod@4.3.6 OK for: @agentclientprotocol/sdk@0.14.1 want: ^3.25.0 || ^4.0.0
301 silly placeDep node_modules/openclaw @aws-sdk/client-bedrock@3.1000.0 OK for: openclaw@2026.3.2 want: ^3.1000.0
302 silly placeDep node_modules/openclaw @buape/carbon@0.0.0-beta-20260216184201 OK for: openclaw@2026.3.2 want: 0.0.0-beta-20260216184201
303 silly placeDep node_modules/openclaw @clack/prompts@1.0.1 OK for: openclaw@2026.3.2 want: ^1.0.1
304 silly placeDep node_modules/openclaw @discordjs/opus@0.10.0 OK for: openclaw@2026.3.2 want: ^0.10.0
305 silly placeDep node_modules/openclaw @discordjs/voice@0.19.0 OK for: openclaw@2026.3.2 want: ^0.19.0
306 silly placeDep node_modules/openclaw @grammyjs/runner@2.0.3 OK for: openclaw@2026.3.2 want: ^2.0.3
307 silly placeDep node_modules/openclaw grammy@1.41.1 OK for: @grammyjs/runner@2.0.3 want: ^1.13.1
308 silly placeDep node_modules/openclaw @grammyjs/transformer-throttler@1.2.1 OK for: openclaw@2026.3.2 want: ^1.2.1
309 silly placeDep node_modules/openclaw @homebridge/ciao@1.3.5 OK for: openclaw@2026.3.2 want: ^1.3.5
310 silly placeDep node_modules/openclaw @larksuiteoapi/node-sdk@1.59.0 OK for: openclaw@2026.3.2 want: ^1.59.0
311 silly placeDep node_modules/openclaw @line/bot-sdk@10.6.0 OK for: openclaw@2026.3.2 want: ^10.6.0
312 silly placeDep node_modules/openclaw @lydell/node-pty@1.2.0-beta.3 OK for: openclaw@2026.3.2 want: 1.2.0-beta.3
313 silly placeDep node_modules/openclaw @mariozechner/pi-agent-core@0.55.3 OK for: openclaw@2026.3.2 want: 0.55.3
314 silly placeDep node_modules/openclaw @mariozechner/pi-ai@0.55.3 OK for: openclaw@2026.3.2 want: 0.55.3
315 silly placeDep node_modules/openclaw @mariozechner/pi-coding-agent@0.55.3 OK for: openclaw@2026.3.2 want: 0.55.3
316 silly placeDep node_modules/openclaw @mariozechner/pi-tui@0.55.3 OK for: openclaw@2026.3.2 want: 0.55.3
317 silly placeDep node_modules/openclaw @mozilla/readability@0.6.0 OK for: openclaw@2026.3.2 want: ^0.6.0
318 silly placeDep node_modules/openclaw @napi-rs/canvas@0.1.95 OK for: openclaw@2026.3.2 want: ^0.1.89
319 silly placeDep node_modules/openclaw @sinclair/typebox@0.34.48 OK for: openclaw@2026.3.2 want: 0.34.48
320 silly placeDep node_modules/openclaw @slack/bolt@4.6.0 OK for: openclaw@2026.3.2 want: ^4.6.0
321 silly placeDep node_modules/openclaw @types/express@5.0.6 OK for: @slack/bolt@4.6.0 want: ^5.0.0
322 silly placeDep node_modules/openclaw @slack/web-api@7.14.1 OK for: openclaw@2026.3.2 want: ^7.14.1
323 silly placeDep node_modules/openclaw @snazzah/davey@0.1.10 OK for: openclaw@2026.3.2 want: ^0.1.9
324 silly placeDep node_modules/openclaw @whiskeysockets/baileys@7.0.0-rc.9 OK for: openclaw@2026.3.2 want: 7.0.0-rc.9
325 silly placeDep node_modules/openclaw sharp@0.34.5 OK for: @whiskeysockets/baileys@7.0.0-rc.9 want: *
326 silly placeDep node_modules/openclaw ajv@8.18.0 OK for: openclaw@2026.3.2 want: ^8.18.0
327 silly placeDep node_modules/openclaw chalk@5.6.2 OK for: openclaw@2026.3.2 want: ^5.6.2
328 silly placeDep node_modules/openclaw chokidar@5.0.0 OK for: openclaw@2026.3.2 want: ^5.0.0
329 silly placeDep node_modules/openclaw cli-highlight@2.1.11 OK for: openclaw@2026.3.2 want: ^2.1.11
330 silly placeDep node_modules/openclaw commander@14.0.3 OK for: openclaw@2026.3.2 want: ^14.0.3
331 silly placeDep node_modules/openclaw croner@10.0.1 OK for: openclaw@2026.3.2 want: ^10.0.1
332 silly placeDep node_modules/openclaw discord-api-types@0.38.40 OK for: openclaw@2026.3.2 want: ^0.38.40
333 silly placeDep node_modules/openclaw dotenv@17.3.1 OK for: openclaw@2026.3.2 want: ^17.3.1
334 silly placeDep node_modules/openclaw express@5.2.1 OK for: openclaw@2026.3.2 want: ^5.2.1
335 silly placeDep node_modules/openclaw file-type@21.3.0 OK for: openclaw@2026.3.2 want: ^21.3.0
336 silly placeDep node_modules/openclaw gaxios@7.1.3 OK for: openclaw@2026.3.2 want: 7.1.3
337 silly placeDep node_modules/openclaw google-auth-library@10.6.1 OK for: openclaw@2026.3.2 want: 10.6.1
338 silly placeDep node_modules/openclaw https-proxy-agent@7.0.6 OK for: openclaw@2026.3.2 want: ^7.0.6
339 silly placeDep node_modules/openclaw ipaddr.js@2.3.0 OK for: openclaw@2026.3.2 want: ^2.3.0
340 silly placeDep node_modules/openclaw jiti@2.6.1 OK for: openclaw@2026.3.2 want: ^2.6.1
341 silly placeDep node_modules/openclaw json5@2.2.3 OK for: openclaw@2026.3.2 want: ^2.2.3
342 silly placeDep node_modules/openclaw jszip@3.10.1 OK for: openclaw@2026.3.2 want: ^3.10.1
343 silly placeDep node_modules/openclaw linkedom@0.18.12 OK for: openclaw@2026.3.2 want: ^0.18.12
344 silly placeDep node_modules/openclaw long@5.3.2 OK for: openclaw@2026.3.2 want: ^5.3.2
345 silly placeDep node_modules/openclaw markdown-it@14.1.1 OK for: openclaw@2026.3.2 want: ^14.1.1
346 silly placeDep node_modules/openclaw node-domexception@1.0.28 OK for: openclaw@2026.3.2 want: npm:@nolyfill/domexception@^1.0.28
347 silly placeDep node_modules/openclaw node-edge-tts@1.2.10 OK for: openclaw@2026.3.2 want: ^1.2.10
348 silly placeDep node_modules/openclaw node-llama-cpp@3.16.2 OK for: openclaw@2026.3.2 want: 3.16.2
349 silly placeDep node_modules/openclaw opusscript@0.1.1 OK for: openclaw@2026.3.2 want: ^0.1.1
350 silly placeDep node_modules/openclaw osc-progress@0.3.0 OK for: openclaw@2026.3.2 want: ^0.3.0
351 silly placeDep node_modules/openclaw pdfjs-dist@5.5.207 OK for: openclaw@2026.3.2 want: ^5.5.207
352 silly placeDep node_modules/openclaw playwright-core@1.58.2 OK for: openclaw@2026.3.2 want: 1.58.2
353 silly placeDep node_modules/openclaw qrcode-terminal@0.12.0 OK for: openclaw@2026.3.2 want: ^0.12.0
354 silly placeDep node_modules/openclaw sqlite-vec@0.1.7-alpha.2 OK for: openclaw@2026.3.2 want: 0.1.7-alpha.2
355 silly placeDep node_modules/openclaw strip-ansi@7.2.0 OK for: openclaw@2026.3.2 want: ^7.2.0
356 silly placeDep node_modules/openclaw tar@7.5.9 OK for: openclaw@2026.3.2 want: 7.5.9
357 silly placeDep node_modules/openclaw tslog@4.10.2 OK for: openclaw@2026.3.2 want: ^4.10.2
358 silly placeDep node_modules/openclaw undici@7.22.0 OK for: openclaw@2026.3.2 want: ^7.22.0
359 silly placeDep node_modules/openclaw ws@8.19.0 OK for: openclaw@2026.3.2 want: ^8.19.0
360 silly placeDep node_modules/openclaw yaml@2.8.2 OK for: openclaw@2026.3.2 want: ^2.8.2
361 silly fetch manifest @aws-crypto/sha256-browser@5.2.0
362 silly packumentCache full:https://registry.npmjs.org/@aws-crypto%2fsha256-browser cache-miss
363 silly fetch manifest @aws-crypto/sha256-js@5.2.0
364 silly packumentCache full:https://registry.npmjs.org/@aws-crypto%2fsha256-js cache-miss
365 silly fetch manifest @aws-sdk/core@^3.973.15
366 silly packumentCache full:https://registry.npmjs.org/@aws-sdk%2fcore cache-miss
367 silly fetch manifest @aws-sdk/credential-provider-node@^3.972.14
368 silly packumentCache full:https://registry.npmjs.org/@aws-sdk%2fcredential-provider-node cache-miss
369 silly fetch manifest @aws-sdk/middleware-host-header@^3.972.6
370 silly packumentCache full:https://registry.npmjs.org/@aws-sdk%2fmiddleware-host-header cache-miss
371 silly fetch manifest @aws-sdk/middleware-logger@^3.972.6
372 silly packumentCache full:https://registry.npmjs.org/@aws-sdk%2fmiddleware-logger cache-miss
373 silly fetch manifest @aws-sdk/middleware-recursion-detection@^3.972.6
374 silly packumentCache full:https://registry.npmjs.org/@aws-sdk%2fmiddleware-recursion-detection cache-miss
375 silly fetch manifest @aws-sdk/middleware-user-agent@^3.972.15
376 silly packumentCache full:https://registry.npmjs.org/@aws-sdk%2fmiddleware-user-agent cache-miss
377 silly fetch manifest @aws-sdk/region-config-resolver@^3.972.6
378 silly packumentCache full:https://registry.npmjs.org/@aws-sdk%2fregion-config-resolver cache-miss
379 http fetch GET 200 https://registry.npmjs.org/@aws-sdk%2fregion-config-resolver 70ms (cache revalidated)
380 silly packumentCache full:https://registry.npmjs.org/@aws-sdk%2fregion-config-resolver set size:245244 disposed:false
381 silly fetch manifest @aws-sdk/token-providers@3.1000.0
382 silly packumentCache full:https://registry.npmjs.org/@aws-sdk%2ftoken-providers cache-miss
383 http fetch GET 200 https://registry.npmjs.org/@aws-sdk%2fmiddleware-recursion-detection 77ms (cache revalidated)
384 silly packumentCache full:https://registry.npmjs.org/@aws-sdk%2fmiddleware-recursion-detection set size:451944 disposed:false
385 silly fetch manifest @aws-sdk/types@^3.973.4
386 silly packumentCache full:https://registry.npmjs.org/@aws-sdk%2ftypes cache-miss
387 http fetch GET 200 https://registry.npmjs.org/@aws-crypto%2fsha256-browser 80ms (cache revalidated)
388 silly packumentCache full:https://registry.npmjs.org/@aws-crypto%2fsha256-browser set size:64772 disposed:false
389 silly fetch manifest @aws-sdk/util-endpoints@^3.996.3
390 silly packumentCache full:https://registry.npmjs.org/@aws-sdk%2futil-endpoints cache-miss
391 http fetch GET 200 https://registry.npmjs.org/@aws-sdk%2fcredential-provider-node 83ms (cache revalidated)
392 silly packumentCache full:https://registry.npmjs.org/@aws-sdk%2fcredential-provider-node set size:1757064 disposed:false
393 silly fetch manifest @aws-sdk/util-user-agent-browser@^3.972.6
394 silly packumentCache full:https://registry.npmjs.org/@aws-sdk%2futil-user-agent-browser cache-miss
395 http fetch GET 200 https://registry.npmjs.org/@aws-sdk%2ftypes 94ms (cache revalidated)
396 silly packumentCache full:https://registry.npmjs.org/@aws-sdk%2ftypes set size:510086 disposed:false
397 silly fetch manifest @aws-sdk/util-user-agent-node@^3.973.0
398 silly packumentCache full:https://registry.npmjs.org/@aws-sdk%2futil-user-agent-node cache-miss
399 http fetch GET 200 https://registry.npmjs.org/@aws-sdk%2futil-user-agent-node 91ms (cache revalidated)
400 silly packumentCache full:https://registry.npmjs.org/@aws-sdk%2futil-user-agent-node set size:1017292 disposed:false
401 silly fetch manifest @smithy/config-resolver@^4.4.9
402 silly packumentCache full:https://registry.npmjs.org/@smithy%2fconfig-resolver cache-miss
403 http fetch GET 200 https://registry.npmjs.org/@aws-sdk%2fmiddleware-logger 319ms (cache revalidated)
404 silly packumentCache full:https://registry.npmjs.org/@aws-sdk%2fmiddleware-logger set size:578869 disposed:false
405 silly fetch manifest @smithy/core@^3.23.6
406 silly packumentCache full:https://registry.npmjs.org/@smithy%2fcore cache-miss
407 http fetch GET 200 https://registry.npmjs.org/@aws-sdk%2fcore 333ms (cache revalidated)
408 silly packumentCache full:https://registry.npmjs.org/@aws-sdk%2fcore set size:715985 disposed:false
409 silly fetch manifest @smithy/fetch-http-handler@^5.3.11
410 silly packumentCache full:https://registry.npmjs.org/@smithy%2ffetch-http-handler cache-miss
411 http fetch GET 200 https://registry.npmjs.org/@smithy%2fconfig-resolver 67ms (cache revalidated)
412 silly packumentCache full:https://registry.npmjs.org/@smithy%2fconfig-resolver set size:239714 disposed:false
413 silly fetch manifest @smithy/hash-node@^4.2.10
414 silly packumentCache full:https://registry.npmjs.org/@smithy%2fhash-node cache-miss
415 http fetch GET 200 https://registry.npmjs.org/@aws-sdk%2fmiddleware-user-agent 344ms (cache revalidated)
416 silly packumentCache full:https://registry.npmjs.org/@aws-sdk%2fmiddleware-user-agent set size:982851 disposed:false
417 silly fetch manifest @smithy/invalid-dependency@^4.2.10
418 silly packumentCache full:https://registry.npmjs.org/@smithy%2finvalid-dependency cache-miss
419 http fetch GET 200 https://registry.npmjs.org/@aws-sdk%2fmiddleware-host-header 351ms (cache revalidated)
420 silly packumentCache full:https://registry.npmjs.org/@aws-sdk%2fmiddleware-host-header set size:653507 disposed:false
421 silly fetch manifest @smithy/middleware-content-length@^4.2.10
422 silly packumentCache full:https://registry.npmjs.org/@smithy%2fmiddleware-content-length cache-miss
423 http fetch GET 200 https://registry.npmjs.org/@aws-crypto%2fsha256-js 355ms (cache revalidated)
424 silly packumentCache full:https://registry.npmjs.org/@aws-crypto%2fsha256-js set size:54628 disposed:false
425 silly fetch manifest @smithy/middleware-endpoint@^4.4.20
426 silly packumentCache full:https://registry.npmjs.org/@smithy%2fmiddleware-endpoint cache-miss
427 http fetch GET 200 https://registry.npmjs.org/@aws-sdk%2futil-endpoints 320ms (cache revalidated)
428 silly packumentCache full:https://registry.npmjs.org/@aws-sdk%2futil-endpoints set size:540034 disposed:false
429 silly fetch manifest @smithy/middleware-retry@^4.4.37
430 silly packumentCache full:https://registry.npmjs.org/@smithy%2fmiddleware-retry cache-miss
431 http fetch GET 200 https://registry.npmjs.org/@aws-sdk%2ftoken-providers 612ms (cache revalidated)
432 silly packumentCache full:https://registry.npmjs.org/@aws-sdk%2ftoken-providers set size:1046641 disposed:false
433 silly fetch manifest @smithy/middleware-serde@^4.2.11
434 silly packumentCache full:https://registry.npmjs.org/@smithy%2fmiddleware-serde cache-miss
435 http fetch GET 200 https://registry.npmjs.org/@smithy%2finvalid-dependency 350ms (cache revalidated)
436 silly packumentCache full:https://registry.npmjs.org/@smithy%2finvalid-dependency set size:179557 disposed:false
437 silly fetch manifest @smithy/middleware-stack@^4.2.10
438 silly packumentCache full:https://registry.npmjs.org/@smithy%2fmiddleware-stack cache-miss
439 http fetch GET 200 https://registry.npmjs.org/@smithy%2fmiddleware-content-length 346ms (cache revalidated)
440 silly packumentCache full:https://registry.npmjs.org/@smithy%2fmiddleware-content-length set size:203483 disposed:false
441 silly fetch manifest @smithy/node-config-provider@^4.3.10
442 silly packumentCache full:https://registry.npmjs.org/@smithy%2fnode-config-provider cache-miss
443 http fetch GET 200 https://registry.npmjs.org/@smithy%2ffetch-http-handler 364ms (cache revalidated)
444 silly packumentCache full:https://registry.npmjs.org/@smithy%2ffetch-http-handler set size:248198 disposed:false
445 silly fetch manifest @smithy/node-http-handler@^4.4.12
446 silly packumentCache full:https://registry.npmjs.org/@smithy%2fnode-http-handler cache-miss
447 http fetch GET 200 https://registry.npmjs.org/@aws-sdk%2futil-user-agent-browser 611ms (cache revalidated)
448 silly packumentCache full:https://registry.npmjs.org/@aws-sdk%2futil-user-agent-browser set size:659849 disposed:false
449 silly fetch manifest @smithy/protocol-http@^5.3.10
450 silly packumentCache full:https://registry.npmjs.org/@smithy%2fprotocol-http cache-miss
451 http fetch GET 200 https://registry.npmjs.org/@smithy%2fcore 383ms (cache revalidated)
452 silly packumentCache full:https://registry.npmjs.org/@smithy%2fcore set size:517539 disposed:false
453 silly fetch manifest @smithy/smithy-client@^4.12.0
454 silly packumentCache full:https://registry.npmjs.org/@smithy%2fsmithy-client cache-miss
455 http fetch GET 200 https://registry.npmjs.org/@smithy%2fmiddleware-retry 330ms (cache revalidated)
456 silly packumentCache full:https://registry.npmjs.org/@smithy%2fmiddleware-retry set size:589281 disposed:false
457 silly fetch manifest @smithy/types@^4.13.0
458 silly packumentCache full:https://registry.npmjs.org/@smithy%2ftypes cache-miss
459 http fetch GET 200 https://registry.npmjs.org/@smithy%2fmiddleware-serde 97ms (cache revalidated)
460 silly packumentCache full:https://registry.npmjs.org/@smithy%2fmiddleware-serde set size:206091 disposed:false
461 silly fetch manifest @smithy/url-parser@^4.2.10
462 silly packumentCache full:https://registry.npmjs.org/@smithy%2furl-parser cache-miss
463 http fetch GET 200 https://registry.npmjs.org/@smithy%2fhash-node 649ms (cache revalidated)
464 silly packumentCache full:https://registry.npmjs.org/@smithy%2fhash-node set size:189065 disposed:false
465 silly fetch manifest @smithy/util-base64@^4.3.1
466 silly packumentCache full:https://registry.npmjs.org/@smithy%2futil-base64 cache-miss
467 http fetch GET 200 https://registry.npmjs.org/@smithy%2fmiddleware-endpoint 648ms (cache revalidated)
468 silly packumentCache full:https://registry.npmjs.org/@smithy%2fmiddleware-endpoint set size:468932 disposed:false
469 silly fetch manifest @smithy/util-body-length-browser@^4.2.1
470 silly packumentCache full:https://registry.npmjs.org/@smithy%2futil-body-length-browser cache-miss
471 http fetch GET 200 https://registry.npmjs.org/@smithy%2fsmithy-client 333ms (cache revalidated)
472 silly packumentCache full:https://registry.npmjs.org/@smithy%2fsmithy-client set size:503603 disposed:false
473 silly fetch manifest @smithy/util-body-length-node@^4.2.2
474 silly packumentCache full:https://registry.npmjs.org/@smithy%2futil-body-length-node cache-miss
475 http fetch GET 200 https://registry.npmjs.org/@smithy%2fmiddleware-stack 355ms (cache revalidated)
476 silly packumentCache full:https://registry.npmjs.org/@smithy%2fmiddleware-stack set size:154963 disposed:false
477 silly fetch manifest @smithy/util-defaults-mode-browser@^4.3.36
478 silly packumentCache full:https://registry.npmjs.org/@smithy%2futil-defaults-mode-browser cache-miss
479 http fetch GET 200 https://registry.npmjs.org/@smithy%2fprotocol-http 352ms (cache revalidated)
480 silly packumentCache full:https://registry.npmjs.org/@smithy%2fprotocol-http set size:189298 disposed:false
481 silly fetch manifest @smithy/util-defaults-mode-node@^4.2.39
482 silly packumentCache full:https://registry.npmjs.org/@smithy%2futil-defaults-mode-node cache-miss
483 http fetch GET 200 https://registry.npmjs.org/@smithy%2ftypes 330ms (cache revalidated)
484 silly packumentCache full:https://registry.npmjs.org/@smithy%2ftypes set size:179487 disposed:false
485 silly fetch manifest @smithy/util-endpoints@^3.3.1
486 silly packumentCache full:https://registry.npmjs.org/@smithy%2futil-endpoints cache-miss
487 http fetch GET 200 https://registry.npmjs.org/@smithy%2futil-defaults-mode-browser 61ms (cache revalidated)
488 silly packumentCache full:https://registry.npmjs.org/@smithy%2futil-defaults-mode-browser set size:490888 disposed:false
489 silly fetch manifest @smithy/util-middleware@^4.2.10
490 silly packumentCache full:https://registry.npmjs.org/@smithy%2futil-middleware cache-miss
491 http fetch GET 200 https://registry.npmjs.org/@smithy%2furl-parser 329ms (cache revalidated)
492 silly packumentCache full:https://registry.npmjs.org/@smithy%2furl-parser set size:177713 disposed:false
493 silly fetch manifest @smithy/util-retry@^4.2.10
494 silly packumentCache full:https://registry.npmjs.org/@smithy%2futil-retry cache-miss
495 http fetch GET 200 https://registry.npmjs.org/@smithy%2futil-defaults-mode-node 67ms (cache revalidated)
496 silly packumentCache full:https://registry.npmjs.org/@smithy%2futil-defaults-mode-node set size:537007 disposed:false
497 silly fetch manifest @smithy/util-utf8@^4.2.1
498 silly packumentCache full:https://registry.npmjs.org/@smithy%2futil-utf8 cache-miss
499 http fetch GET 200 https://registry.npmjs.org/@smithy%2futil-utf8 65ms (cache revalidated)
500 silly packumentCache full:https://registry.npmjs.org/@smithy%2futil-utf8 set size:47745 disposed:false
501 silly fetch manifest tslib@^2.6.2
502 silly packumentCache full:https://registry.npmjs.org/tslib cache-miss
503 http fetch GET 200 https://registry.npmjs.org/tslib 45ms (cache revalidated)
504 silly packumentCache full:https://registry.npmjs.org/tslib set size:108760 disposed:false
505 silly fetch manifest @types/node@^25.0.9
506 silly packumentCache full:https://registry.npmjs.org/@types%2fnode cache-miss
507 http fetch GET 200 https://registry.npmjs.org/@types%2fnode 70ms (cache revalidated)
508 silly packumentCache full:https://registry.npmjs.org/@types%2fnode set size:10900244 disposed:false
509 silly fetch manifest discord-api-types@0.38.37
510 silly packumentCache full:https://registry.npmjs.org/discord-api-types cache-miss
511 http fetch GET 200 https://registry.npmjs.org/@smithy%2fnode-config-provider 667ms (cache revalidated)
512 silly packumentCache full:https://registry.npmjs.org/@smithy%2fnode-config-provider set size:219260 disposed:false
513 silly fetch manifest ws@8.19.0
514 silly packumentCache full:https://registry.npmjs.org/ws cache-hit
515 silly fetch manifest @types/ws@8.18.1
516 silly packumentCache full:https://registry.npmjs.org/@types%2fws cache-miss
517 http fetch GET 200 https://registry.npmjs.org/@smithy%2fnode-http-handler 669ms (cache revalidated)
518 silly packumentCache full:https://registry.npmjs.org/@smithy%2fnode-http-handler set size:226695 disposed:false
519 silly fetch manifest @types/bun@1.3.9
520 silly packumentCache full:https://registry.npmjs.org/@types%2fbun cache-miss
521 http fetch GET 200 https://registry.npmjs.org/@smithy%2futil-body-length-browser 367ms (cache revalidated)
522 silly packumentCache full:https://registry.npmjs.org/@smithy%2futil-body-length-browser set size:40888 disposed:false
523 silly fetch manifest @discordjs/voice@0.19.0
524 silly packumentCache full:https://registry.npmjs.org/@discordjs%2fvoice cache-miss
525 http fetch GET 200 https://registry.npmjs.org/@smithy%2futil-base64 381ms (cache revalidated)
526 silly packumentCache full:https://registry.npmjs.org/@smithy%2futil-base64 set size:54150 disposed:false
527 silly fetch manifest @hono/node-server@1.19.9
528 silly packumentCache full:https://registry.npmjs.org/@hono%2fnode-server cache-miss
529 http cache https://registry.npmjs.org/discord-api-types 25ms (cache hit)
530 silly packumentCache full:https://registry.npmjs.org/discord-api-types set size:7804551 disposed:false
531 silly fetch manifest @cloudflare/workers-types@4.20260120.0
532 silly packumentCache full:https://registry.npmjs.org/@cloudflare%2fworkers-types cache-miss
533 http cache https://registry.npmjs.org/@discordjs%2fvoice 77ms (cache hit)
534 silly packumentCache full:https://registry.npmjs.org/@discordjs%2fvoice set size:5943077 disposed:false
535 silly fetch manifest picocolors@^1.0.0
536 silly packumentCache full:https://registry.npmjs.org/picocolors cache-miss
537 http fetch GET 200 https://registry.npmjs.org/@smithy%2futil-body-length-node 425ms (cache revalidated)
538 silly packumentCache full:https://registry.npmjs.org/@smithy%2futil-body-length-node set size:46975 disposed:false
539 silly fetch manifest sisteransi@^1.0.5
540 silly packumentCache full:https://registry.npmjs.org/sisteransi cache-miss
541 http fetch GET 200 https://registry.npmjs.org/@hono%2fnode-server 121ms (cache revalidated)
542 silly packumentCache full:https://registry.npmjs.org/@hono%2fnode-server set size:219559 disposed:false
543 silly fetch manifest @clack/core@1.0.1
544 silly packumentCache full:https://registry.npmjs.org/@clack%2fcore cache-miss
545 http fetch GET 200 https://registry.npmjs.org/@types%2fws 128ms (cache revalidated)
546 silly packumentCache full:https://registry.npmjs.org/@types%2fws set size:167959 disposed:false
547 silly fetch manifest @discordjs/node-pre-gyp@^0.4.5
548 silly packumentCache full:https://registry.npmjs.org/@discordjs%2fnode-pre-gyp cache-miss
549 http fetch GET 200 https://registry.npmjs.org/@smithy%2futil-middleware 384ms (cache revalidated)
550 silly packumentCache full:https://registry.npmjs.org/@smithy%2futil-middleware set size:147839 disposed:false
551 silly fetch manifest node-addon-api@^8.1.0
552 silly packumentCache full:https://registry.npmjs.org/node-addon-api cache-miss
553 http fetch GET 200 https://registry.npmjs.org/@types%2fbun 134ms (cache revalidated)
554 silly packumentCache full:https://registry.npmjs.org/@types%2fbun set size:132726 disposed:false
555 silly fetch manifest ws@^8.18.3
556 silly packumentCache full:https://registry.npmjs.org/ws cache-hit
557 silly fetch manifest tslib@^2.8.1
558 silly packumentCache full:https://registry.npmjs.org/tslib cache-hit
559 silly fetch manifest @types/ws@^8.18.1
560 silly packumentCache full:https://registry.npmjs.org/@types%2fws cache-hit
561 silly fetch manifest prism-media@^1.3.5
562 silly packumentCache full:https://registry.npmjs.org/prism-media cache-miss
563 http fetch GET 200 https://registry.npmjs.org/sisteransi 56ms (cache revalidated)
564 silly packumentCache full:https://registry.npmjs.org/sisteransi set size:23215 disposed:false
565 silly fetch manifest discord-api-types@^0.38.16
566 silly packumentCache full:https://registry.npmjs.org/discord-api-types cache-miss
567 http fetch GET 200 https://registry.npmjs.org/picocolors 58ms (cache revalidated)
568 silly packumentCache full:https://registry.npmjs.org/picocolors set size:16648 disposed:false
569 silly fetch manifest abort-controller@^3.0.0
570 silly packumentCache full:https://registry.npmjs.org/abort-controller cache-miss
571 http cache https://registry.npmjs.org/discord-api-types 12ms (cache hit)
572 silly packumentCache full:https://registry.npmjs.org/discord-api-types set size:7804551 disposed:false
573 silly fetch manifest @grammyjs/types@3.25.0
574 silly packumentCache full:https://registry.npmjs.org/@grammyjs%2ftypes cache-miss
575 http fetch GET 200 https://registry.npmjs.org/prism-media 58ms (cache revalidated)
576 silly packumentCache full:https://registry.npmjs.org/prism-media set size:158576 disposed:false
577 silly fetch manifest abort-controller@^3.0.0
578 silly packumentCache full:https://registry.npmjs.org/abort-controller cache-miss
579 http fetch GET 200 https://registry.npmjs.org/node-addon-api 63ms (cache revalidated)
580 silly packumentCache full:https://registry.npmjs.org/node-addon-api set size:337599 disposed:false
581 silly fetch manifest debug@^4.4.3
582 silly packumentCache full:https://registry.npmjs.org/debug cache-miss
583 http fetch GET 200 https://registry.npmjs.org/abort-controller 47ms (cache revalidated)
584 silly packumentCache full:https://registry.npmjs.org/abort-controller set size:47272 disposed:false
585 silly fetch manifest node-fetch@^2.7.0
586 silly packumentCache full:https://registry.npmjs.org/node-fetch cache-miss
587 http fetch GET 200 https://registry.npmjs.org/debug 49ms (cache revalidated)
588 silly packumentCache full:https://registry.npmjs.org/debug set size:195840 disposed:false
589 silly fetch manifest bottleneck@^2.0.0
590 silly packumentCache full:https://registry.npmjs.org/bottleneck cache-miss
591 http fetch GET 200 https://registry.npmjs.org/abort-controller 61ms (cache revalidated)
592 silly packumentCache full:https://registry.npmjs.org/abort-controller set size:47272 disposed:false
593 silly packumentCache full:https://registry.npmjs.org/abort-controller dispose
594 silly fetch manifest fast-deep-equal@^3.1.3
595 silly packumentCache full:https://registry.npmjs.org/fast-deep-equal cache-miss
596 http fetch GET 200 https://registry.npmjs.org/node-fetch 50ms (cache revalidated)
597 silly packumentCache full:https://registry.npmjs.org/node-fetch set size:896010 disposed:false
598 silly fetch manifest source-map-support@^0.5.21
599 silly packumentCache full:https://registry.npmjs.org/source-map-support cache-miss
600 http fetch GET 200 https://registry.npmjs.org/source-map-support 45ms (cache revalidated)
601 silly packumentCache full:https://registry.npmjs.org/source-map-support set size:125488 disposed:false
602 silly fetch manifest axios@~1.13.3
603 silly packumentCache full:https://registry.npmjs.org/axios cache-miss
604 http fetch GET 200 https://registry.npmjs.org/fast-deep-equal 63ms (cache revalidated)
605 silly packumentCache full:https://registry.npmjs.org/fast-deep-equal set size:48634 disposed:false
606 silly fetch manifest lodash.identity@^3.0.0
607 silly packumentCache full:https://registry.npmjs.org/lodash.identity cache-miss
608 http fetch GET 200 https://registry.npmjs.org/axios 47ms (cache revalidated)
609 silly packumentCache full:https://registry.npmjs.org/axios set size:770295 disposed:false
610 silly fetch manifest lodash.merge@^4.6.2
611 silly packumentCache full:https://registry.npmjs.org/lodash.merge cache-miss
612 http fetch GET 200 https://registry.npmjs.org/lodash.identity 48ms (cache revalidated)
613 silly packumentCache full:https://registry.npmjs.org/lodash.identity set size:16011 disposed:false
614 silly fetch manifest lodash.pickby@^4.6.0
615 silly packumentCache full:https://registry.npmjs.org/lodash.pickby cache-miss
616 http fetch GET 200 https://registry.npmjs.org/@smithy%2futil-retry 622ms (cache revalidated)
617 silly packumentCache full:https://registry.npmjs.org/@smithy%2futil-retry set size:168948 disposed:false
618 silly fetch manifest protobufjs@^7.2.6
619 silly packumentCache full:https://registry.npmjs.org/protobufjs cache-miss
620 http fetch GET 200 https://registry.npmjs.org/lodash.merge 42ms (cache revalidated)
621 silly packumentCache full:https://registry.npmjs.org/lodash.merge set size:78575 disposed:false
622 silly fetch manifest qs@^6.14.2
623 silly packumentCache full:https://registry.npmjs.org/qs cache-miss
624 http fetch GET 200 https://registry.npmjs.org/lodash.pickby 47ms (cache revalidated)
625 silly packumentCache full:https://registry.npmjs.org/lodash.pickby set size:27049 disposed:false
626 silly fetch manifest @types/node@^24.0.0
627 silly packumentCache full:https://registry.npmjs.org/@types%2fnode cache-miss
628 http fetch GET 200 https://registry.npmjs.org/protobufjs 45ms (cache revalidated)
629 silly packumentCache full:https://registry.npmjs.org/protobufjs set size:635352 disposed:false
630 silly fetch manifest axios@^1.7.4
631 silly packumentCache full:https://registry.npmjs.org/axios cache-hit
632 silly fetch manifest @lydell/node-pty-linux-x64@1.2.0-beta.3
633 silly packumentCache full:https://registry.npmjs.org/@lydell%2fnode-pty-linux-x64 cache-miss
634 http cache https://registry.npmjs.org/@types%2fnode 20ms (cache hit)
635 silly packumentCache full:https://registry.npmjs.org/@types%2fnode set size:10900244 disposed:false
636 silly fetch manifest @lydell/node-pty-win32-x64@1.2.0-beta.3
637 silly packumentCache full:https://registry.npmjs.org/@lydell%2fnode-pty-win32-x64 cache-miss
638 http fetch GET 200 https://registry.npmjs.org/@clack%2fcore 386ms (cache revalidated)
639 silly packumentCache full:https://registry.npmjs.org/@clack%2fcore set size:125778 disposed:false
640 silly fetch manifest @lydell/node-pty-darwin-x64@1.2.0-beta.3
641 silly packumentCache full:https://registry.npmjs.org/@lydell%2fnode-pty-darwin-x64 cache-miss
642 http fetch GET 200 https://registry.npmjs.org/qs 103ms (cache revalidated)
643 silly packumentCache full:https://registry.npmjs.org/qs set size:350258 disposed:false
644 silly fetch manifest @lydell/node-pty-linux-arm64@1.2.0-beta.3
645 silly packumentCache full:https://registry.npmjs.org/@lydell%2fnode-pty-linux-arm64 cache-miss
646 http fetch GET 200 https://registry.npmjs.org/@grammyjs%2ftypes 325ms (cache revalidated)
647 silly packumentCache full:https://registry.npmjs.org/@grammyjs%2ftypes set size:192378 disposed:false
648 silly fetch manifest @lydell/node-pty-win32-arm64@1.2.0-beta.3
649 silly packumentCache full:https://registry.npmjs.org/@lydell%2fnode-pty-win32-arm64 cache-miss
650 http fetch GET 200 https://registry.npmjs.org/@lydell%2fnode-pty-linux-arm64 53ms (cache revalidated)
651 silly packumentCache full:https://registry.npmjs.org/@lydell%2fnode-pty-linux-arm64 set size:10800 disposed:false
652 silly fetch manifest @lydell/node-pty-darwin-arm64@1.2.0-beta.3
653 silly packumentCache full:https://registry.npmjs.org/@lydell%2fnode-pty-darwin-arm64 cache-miss
654 http fetch GET 200 https://registry.npmjs.org/@lydell%2fnode-pty-win32-arm64 53ms (cache revalidated)
655 silly packumentCache full:https://registry.npmjs.org/@lydell%2fnode-pty-win32-arm64 set size:18914 disposed:false
656 silly fetch manifest @mariozechner/pi-ai@^0.55.3
657 silly packumentCache full:https://registry.npmjs.org/@mariozechner%2fpi-ai cache-hit
658 silly fetch manifest ajv@^8.17.1
659 silly packumentCache full:https://registry.npmjs.org/ajv cache-miss
660 http cache https://registry.npmjs.org/ajv 6ms (cache hit)
661 silly packumentCache full:https://registry.npmjs.org/ajv set size:1120197 disposed:false
662 silly fetch manifest openai@6.10.0
663 silly packumentCache full:https://registry.npmjs.org/openai cache-miss
664 http fetch GET 200 https://registry.npmjs.org/@lydell%2fnode-pty-darwin-x64 75ms (cache revalidated)
665 silly packumentCache full:https://registry.npmjs.org/@lydell%2fnode-pty-darwin-x64 set size:21527 disposed:false
666 silly fetch manifest undici@^7.19.1
667 silly packumentCache full:https://registry.npmjs.org/undici cache-miss
668 http fetch GET 200 https://registry.npmjs.org/@lydell%2fnode-pty-win32-x64 83ms (cache revalidated)
669 silly packumentCache full:https://registry.npmjs.org/@lydell%2fnode-pty-win32-x64 set size:21450 disposed:false
670 silly fetch manifest ajv-formats@^3.0.1
671 silly packumentCache full:https://registry.npmjs.org/ajv-formats cache-miss
672 http fetch GET 200 https://registry.npmjs.org/bottleneck 340ms (cache revalidated)
673 silly packumentCache full:https://registry.npmjs.org/bottleneck set size:218547 disposed:false
674 silly fetch manifest proxy-agent@^6.5.0
675 silly packumentCache full:https://registry.npmjs.org/proxy-agent cache-miss
676 http cache https://registry.npmjs.org/undici 13ms (cache hit)
677 silly packumentCache full:https://registry.npmjs.org/undici set size:1271191 disposed:false
678 silly fetch manifest partial-json@^0.1.7
679 silly packumentCache full:https://registry.npmjs.org/partial-json cache-miss
680 http fetch GET 200 https://registry.npmjs.org/@smithy%2futil-endpoints 911ms (cache revalidated)
681 silly packumentCache full:https://registry.npmjs.org/@smithy%2futil-endpoints set size:157359 disposed:false
682 silly fetch manifest @google/genai@^1.40.0
683 silly packumentCache full:https://registry.npmjs.org/@google%2fgenai cache-miss
684 http fetch GET 200 https://registry.npmjs.org/@lydell%2fnode-pty-darwin-arm64 55ms (cache revalidated)
685 silly packumentCache full:https://registry.npmjs.org/@lydell%2fnode-pty-darwin-arm64 set size:21750 disposed:false
686 silly fetch manifest @anthropic-ai/sdk@^0.73.0
687 silly packumentCache full:https://registry.npmjs.org/@anthropic-ai%2fsdk cache-miss
688 http fetch GET 200 https://registry.npmjs.org/ajv-formats 50ms (cache revalidated)
689 silly packumentCache full:https://registry.npmjs.org/ajv-formats set size:141264 disposed:false
690 silly fetch manifest @sinclair/typebox@^0.34.41
691 silly packumentCache full:https://registry.npmjs.org/@sinclair%2ftypebox cache-miss
692 http fetch GET 200 https://registry.npmjs.org/openai 61ms (cache revalidated)
693 silly packumentCache full:https://registry.npmjs.org/openai set size:4750426 disposed:false
694 silly fetch manifest zod-to-json-schema@^3.24.6
695 silly packumentCache full:https://registry.npmjs.org/zod-to-json-schema cache-miss
696 http fetch GET 200 https://registry.npmjs.org/proxy-agent 68ms (cache revalidated)
697 silly packumentCache full:https://registry.npmjs.org/proxy-agent set size:70579 disposed:false
698 silly fetch manifest @mistralai/mistralai@1.10.0
699 silly packumentCache full:https://registry.npmjs.org/@mistralai%2fmistralai cache-miss
700 http fetch GET 200 https://registry.npmjs.org/partial-json 56ms (cache revalidated)
701 silly packumentCache full:https://registry.npmjs.org/partial-json set size:22637 disposed:false
702 silly fetch manifest @aws-sdk/client-bedrock-runtime@^3.983.0
703 silly packumentCache full:https://registry.npmjs.org/@aws-sdk%2fclient-bedrock-runtime cache-miss
704 http fetch GET 200 https://registry.npmjs.org/@google%2fgenai 54ms (cache revalidated)
705 silly packumentCache full:https://registry.npmjs.org/@google%2fgenai set size:323315 disposed:false
706 silly fetch manifest diff@^8.0.2
707 silly packumentCache full:https://registry.npmjs.org/diff cache-miss
708 http cache https://registry.npmjs.org/@sinclair%2ftypebox 29ms (cache hit)
709 silly packumentCache full:https://registry.npmjs.org/@sinclair%2ftypebox set size:1145528 disposed:false
710 silly fetch manifest glob@^13.0.1
711 silly packumentCache full:https://registry.npmjs.org/glob cache-miss
712 http fetch GET 200 https://registry.npmjs.org/@cloudflare%2fworkers-types 629ms (cache revalidated)
713 silly packumentCache full:https://registry.npmjs.org/@cloudflare%2fworkers-types set size:1392735 disposed:false
714 silly fetch manifest chalk@^5.5.0
715 silly packumentCache full:https://registry.npmjs.org/chalk cache-hit
716 silly fetch manifest ignore@^7.0.5
717 silly packumentCache full:https://registry.npmjs.org/ignore cache-miss
718 http fetch GET 200 https://registry.npmjs.org/@discordjs%2fnode-pre-gyp 585ms (cache revalidated)
719 silly packumentCache full:https://registry.npmjs.org/@discordjs%2fnode-pre-gyp set size:54983 disposed:false
720 silly fetch manifest marked@^15.0.12
721 silly packumentCache full:https://registry.npmjs.org/marked cache-miss
722 http fetch GET 200 https://registry.npmjs.org/zod-to-json-schema 64ms (cache revalidated)
723 silly packumentCache full:https://registry.npmjs.org/zod-to-json-schema set size:301404 disposed:false
724 silly fetch manifest file-type@^21.1.1
725 silly packumentCache full:https://registry.npmjs.org/file-type cache-hit
726 silly fetch manifest minimatch@^10.2.3
727 silly packumentCache full:https://registry.npmjs.org/minimatch cache-miss
728 http fetch GET 200 https://registry.npmjs.org/@lydell%2fnode-pty-linux-x64 322ms (cache revalidated)
729 silly packumentCache full:https://registry.npmjs.org/@lydell%2fnode-pty-linux-x64 set size:21417 disposed:false
730 silly fetch manifest extract-zip@^2.0.1
731 silly packumentCache full:https://registry.npmjs.org/extract-zip cache-miss
732 http fetch GET 200 https://registry.npmjs.org/@mistralai%2fmistralai 83ms (cache revalidated)
733 silly packumentCache full:https://registry.npmjs.org/@mistralai%2fmistralai set size:115467 disposed:false
734 silly fetch manifest hosted-git-info@^9.0.2
735 silly packumentCache full:https://registry.npmjs.org/hosted-git-info cache-miss
736 http fetch GET 200 https://registry.npmjs.org/diff 83ms (cache revalidated)
737 silly packumentCache full:https://registry.npmjs.org/diff set size:146701 disposed:false
738 silly fetch manifest proper-lockfile@^4.1.2
739 silly packumentCache full:https://registry.npmjs.org/proper-lockfile cache-miss
740 http fetch GET 200 https://registry.npmjs.org/@aws-sdk%2fclient-bedrock-runtime 89ms (cache revalidated)
741 silly packumentCache full:https://registry.npmjs.org/@aws-sdk%2fclient-bedrock-runtime set size:1333553 disposed:false
742 silly fetch manifest @mariozechner/jiti@^2.6.2
743 silly packumentCache full:https://registry.npmjs.org/@mariozechner%2fjiti cache-miss
744 http fetch GET 200 https://registry.npmjs.org/glob 81ms (cache revalidated)
745 silly packumentCache full:https://registry.npmjs.org/glob set size:469465 disposed:false
746 silly fetch manifest @mariozechner/pi-tui@^0.55.3
747 silly packumentCache full:https://registry.npmjs.org/@mariozechner%2fpi-tui cache-hit
748 silly fetch manifest @silvia-odwyer/photon-node@^0.3.4
749 silly packumentCache full:https://registry.npmjs.org/@silvia-odwyer%2fphoton-node cache-miss
750 http fetch GET 200 https://registry.npmjs.org/minimatch 46ms (cache revalidated)
751 silly packumentCache full:https://registry.npmjs.org/minimatch set size:352359 disposed:false
752 silly fetch manifest @mariozechner/clipboard@^0.3.2
753 silly packumentCache full:https://registry.npmjs.org/@mariozechner%2fclipboard cache-miss
754 http fetch GET 200 https://registry.npmjs.org/ignore 66ms (cache revalidated)
755 silly packumentCache full:https://registry.npmjs.org/ignore set size:237380 disposed:false
756 silly fetch manifest koffi@^2.9.0
757 silly packumentCache full:https://registry.npmjs.org/koffi cache-miss
758 http fetch GET 200 https://registry.npmjs.org/marked 66ms (cache revalidated)
759 silly packumentCache full:https://registry.npmjs.org/marked set size:711325 disposed:false
760 silly fetch manifest mime-types@^3.0.1
761 silly packumentCache full:https://registry.npmjs.org/mime-types cache-miss
762 http fetch GET 200 https://registry.npmjs.org/hosted-git-info 66ms (cache revalidated)
763 silly packumentCache full:https://registry.npmjs.org/hosted-git-info set size:178912 disposed:false
764 silly fetch manifest @types/mime-types@^2.1.4
765 silly packumentCache full:https://registry.npmjs.org/@types%2fmime-types cache-miss
766 http fetch GET 200 https://registry.npmjs.org/proper-lockfile 68ms (cache revalidated)
767 silly packumentCache full:https://registry.npmjs.org/proper-lockfile set size:82421 disposed:false
768 silly fetch manifest get-east-asian-width@^1.3.0
769 silly packumentCache full:https://registry.npmjs.org/get-east-asian-width cache-miss
770 http fetch GET 200 https://registry.npmjs.org/extract-zip 78ms (cache revalidated)
771 silly packumentCache full:https://registry.npmjs.org/extract-zip set size:47715 disposed:false
772 silly fetch manifest @napi-rs/canvas-linux-x64-gnu@0.1.95
773 silly packumentCache full:https://registry.npmjs.org/@napi-rs%2fcanvas-linux-x64-gnu cache-miss
774 http fetch GET 200 https://registry.npmjs.org/@mariozechner%2fjiti 73ms (cache revalidated)
775 silly packumentCache full:https://registry.npmjs.org/@mariozechner%2fjiti set size:21634 disposed:false
776 silly fetch manifest @napi-rs/canvas-darwin-x64@0.1.95
777 silly packumentCache full:https://registry.npmjs.org/@napi-rs%2fcanvas-darwin-x64 cache-miss
778 http fetch GET 200 https://registry.npmjs.org/koffi 58ms (cache revalidated)
779 silly packumentCache full:https://registry.npmjs.org/koffi set size:569840 disposed:false
780 silly fetch manifest @napi-rs/canvas-win32-x64-msvc@0.1.95
781 silly packumentCache full:https://registry.npmjs.org/@napi-rs%2fcanvas-win32-x64-msvc cache-miss
782 http fetch GET 200 https://registry.npmjs.org/mime-types 54ms (cache revalidated)
783 silly packumentCache full:https://registry.npmjs.org/mime-types set size:139110 disposed:false
784 silly fetch manifest @napi-rs/canvas-win32-arm64-msvc@0.1.95
785 silly packumentCache full:https://registry.npmjs.org/@napi-rs%2fcanvas-win32-arm64-msvc cache-miss
786 http fetch GET 200 https://registry.npmjs.org/@mariozechner%2fclipboard 79ms (cache revalidated)
787 silly packumentCache full:https://registry.npmjs.org/@mariozechner%2fclipboard set size:8389 disposed:false
788 silly fetch manifest @napi-rs/canvas-linux-arm-gnueabihf@0.1.95
789 silly packumentCache full:https://registry.npmjs.org/@napi-rs%2fcanvas-linux-arm-gnueabihf cache-miss
790 http fetch GET 200 https://registry.npmjs.org/get-east-asian-width 48ms (cache revalidated)
791 silly packumentCache full:https://registry.npmjs.org/get-east-asian-width set size:18337 disposed:false
792 silly fetch manifest @napi-rs/canvas-linux-x64-musl@0.1.95
793 silly packumentCache full:https://registry.npmjs.org/@napi-rs%2fcanvas-linux-x64-musl cache-miss
794 http fetch GET 200 https://registry.npmjs.org/@napi-rs%2fcanvas-linux-x64-gnu 58ms (cache revalidated)
795 silly packumentCache full:https://registry.npmjs.org/@napi-rs%2fcanvas-linux-x64-gnu set size:229048 disposed:false
796 silly fetch manifest @napi-rs/canvas-linux-arm64-gnu@0.1.95
797 silly packumentCache full:https://registry.npmjs.org/@napi-rs%2fcanvas-linux-arm64-gnu cache-miss
798 http fetch GET 200 https://registry.npmjs.org/@napi-rs%2fcanvas-darwin-x64 59ms (cache revalidated)
799 silly packumentCache full:https://registry.npmjs.org/@napi-rs%2fcanvas-darwin-x64 set size:224475 disposed:false
800 silly fetch manifest @napi-rs/canvas-linux-arm64-musl@0.1.95
801 silly packumentCache full:https://registry.npmjs.org/@napi-rs%2fcanvas-linux-arm64-musl cache-miss
802 http fetch GET 200 https://registry.npmjs.org/@napi-rs%2fcanvas-win32-arm64-msvc 63ms (cache revalidated)
803 silly packumentCache full:https://registry.npmjs.org/@napi-rs%2fcanvas-win32-arm64-msvc set size:25015 disposed:false
804 silly fetch manifest @napi-rs/canvas-darwin-arm64@0.1.95
805 silly packumentCache full:https://registry.npmjs.org/@napi-rs%2fcanvas-darwin-arm64 cache-miss
806 http fetch GET 200 https://registry.npmjs.org/@napi-rs%2fcanvas-linux-x64-musl 60ms (cache revalidated)
807 silly packumentCache full:https://registry.npmjs.org/@napi-rs%2fcanvas-linux-x64-musl set size:229662 disposed:false
808 silly fetch manifest @napi-rs/canvas-android-arm64@0.1.95
809 silly packumentCache full:https://registry.npmjs.org/@napi-rs%2fcanvas-android-arm64 cache-miss
810 http fetch GET 200 https://registry.npmjs.org/@napi-rs%2fcanvas-linux-arm64-gnu 53ms (cache revalidated)
811 silly packumentCache full:https://registry.npmjs.org/@napi-rs%2fcanvas-linux-arm64-gnu set size:230648 disposed:false
812 silly fetch manifest @napi-rs/canvas-linux-riscv64-gnu@0.1.95
813 silly packumentCache full:https://registry.npmjs.org/@napi-rs%2fcanvas-linux-riscv64-gnu cache-miss
814 http fetch GET 200 https://registry.npmjs.org/@napi-rs%2fcanvas-linux-arm64-musl 51ms (cache revalidated)
815 silly packumentCache full:https://registry.npmjs.org/@napi-rs%2fcanvas-linux-arm64-musl set size:213898 disposed:false
816 silly fetch manifest axios@^1.12.0
817 silly packumentCache full:https://registry.npmjs.org/axios cache-hit
818 silly fetch manifest tsscmp@^1.0.6
819 silly packumentCache full:https://registry.npmjs.org/tsscmp cache-miss
820 http fetch GET 200 https://registry.npmjs.org/@anthropic-ai%2fsdk 330ms (cache revalidated)
821 silly packumentCache full:https://registry.npmjs.org/@anthropic-ai%2fsdk set size:691159 disposed:false
822 silly fetch manifest express@^5.0.0
823 silly packumentCache full:https://registry.npmjs.org/express cache-hit
824 silly fetch manifest raw-body@^3
825 silly packumentCache full:https://registry.npmjs.org/raw-body cache-miss
826 http fetch GET 200 https://registry.npmjs.org/tsscmp 48ms (cache revalidated)
827 silly packumentCache full:https://registry.npmjs.org/tsscmp set size:13313 disposed:false
828 silly fetch manifest @slack/oauth@^3.0.4
829 silly packumentCache full:https://registry.npmjs.org/@slack%2foauth cache-miss
830 http fetch GET 200 https://registry.npmjs.org/@napi-rs%2fcanvas-linux-riscv64-gnu 64ms (cache revalidated)
831 silly packumentCache full:https://registry.npmjs.org/@napi-rs%2fcanvas-linux-riscv64-gnu set size:66367 disposed:false
832 silly fetch manifest @slack/types@^2.18.0
833 silly packumentCache full:https://registry.npmjs.org/@slack%2ftypes cache-miss
834 http fetch GET 200 https://registry.npmjs.org/raw-body 51ms (cache revalidated)
835 silly packumentCache full:https://registry.npmjs.org/raw-body set size:117822 disposed:false
836 silly fetch manifest @slack/logger@^4.0.0
837 silly packumentCache full:https://registry.npmjs.org/@slack%2flogger cache-miss
838 http fetch GET 200 https://registry.npmjs.org/@silvia-odwyer%2fphoton-node 337ms (cache revalidated)
839 silly packumentCache full:https://registry.npmjs.org/@silvia-odwyer%2fphoton-node set size:23128 disposed:false
840 silly fetch manifest @slack/web-api@^7.12.0
841 silly packumentCache full:https://registry.npmjs.org/@slack%2fweb-api cache-hit
842 silly fetch manifest path-to-regexp@^8.1.0
843 silly packumentCache full:https://registry.npmjs.org/path-to-regexp cache-miss
844 http fetch GET 200 https://registry.npmjs.org/@types%2fmime-types 309ms (cache revalidated)
845 silly packumentCache full:https://registry.npmjs.org/@types%2fmime-types set size:12633 disposed:false
846 silly fetch manifest @slack/socket-mode@^2.0.5
847 silly packumentCache full:https://registry.npmjs.org/@slack%2fsocket-mode cache-miss
848 http fetch GET 200 https://registry.npmjs.org/path-to-regexp 53ms (cache revalidated)
849 silly packumentCache full:https://registry.npmjs.org/path-to-regexp set size:207142 disposed:false
850 silly fetch manifest @types/body-parser@*
851 silly packumentCache full:https://registry.npmjs.org/@types%2fbody-parser cache-miss
852 http fetch GET 200 https://registry.npmjs.org/@napi-rs%2fcanvas-win32-x64-msvc 329ms (cache revalidated)
853 silly packumentCache full:https://registry.npmjs.org/@napi-rs%2fcanvas-win32-x64-msvc set size:227146 disposed:false
854 silly fetch manifest @types/serve-static@^2
855 silly packumentCache full:https://registry.npmjs.org/@types%2fserve-static cache-miss
856 http fetch GET 200 https://registry.npmjs.org/@slack%2fsocket-mode 60ms (cache revalidated)
857 silly packumentCache full:https://registry.npmjs.org/@slack%2fsocket-mode set size:103014 disposed:false
858 silly fetch manifest @types/express-serve-static-core@^5.0.0
859 silly packumentCache full:https://registry.npmjs.org/@types%2fexpress-serve-static-core cache-miss
860 http fetch GET 200 https://registry.npmjs.org/@napi-rs%2fcanvas-linux-arm-gnueabihf 354ms (cache revalidated)
861 silly packumentCache full:https://registry.npmjs.org/@napi-rs%2fcanvas-linux-arm-gnueabihf set size:230608 disposed:false
862 silly fetch manifest @slack/logger@^4.0.0
863 silly packumentCache full:https://registry.npmjs.org/@slack%2flogger cache-miss
864 http fetch GET 200 https://registry.npmjs.org/@types%2fbody-parser 61ms (cache revalidated)
865 silly packumentCache full:https://registry.npmjs.org/@types%2fbody-parser set size:59466 disposed:false
866 silly fetch manifest @slack/types@^2.20.0
867 silly packumentCache full:https://registry.npmjs.org/@slack%2ftypes cache-miss
868 http fetch GET 200 https://registry.npmjs.org/@types%2fserve-static 55ms (cache revalidated)
869 silly packumentCache full:https://registry.npmjs.org/@types%2fserve-static set size:70859 disposed:false
870 silly fetch manifest @types/node@>=18.0.0
871 silly packumentCache full:https://registry.npmjs.org/@types%2fnode cache-miss
872 http cache https://registry.npmjs.org/@types%2fnode 23ms (cache hit)
873 silly packumentCache full:https://registry.npmjs.org/@types%2fnode set size:10900244 disposed:false
874 silly fetch manifest @types/retry@0.12.0
875 silly packumentCache full:https://registry.npmjs.org/@types%2fretry cache-miss
876 http fetch GET 200 https://registry.npmjs.org/@napi-rs%2fcanvas-android-arm64 366ms (cache revalidated)
877 silly packumentCache full:https://registry.npmjs.org/@napi-rs%2fcanvas-android-arm64 set size:226872 disposed:false
878 silly fetch manifest axios@^1.13.5
879 silly packumentCache full:https://registry.npmjs.org/axios cache-hit
880 silly fetch manifest eventemitter3@^5.0.1
881 silly packumentCache full:https://registry.npmjs.org/eventemitter3 cache-miss
882 http fetch GET 200 https://registry.npmjs.org/@napi-rs%2fcanvas-darwin-arm64 397ms (cache revalidated)
883 silly packumentCache full:https://registry.npmjs.org/@napi-rs%2fcanvas-darwin-arm64 set size:226053 disposed:false
884 silly fetch manifest form-data@^4.0.4
885 silly packumentCache full:https://registry.npmjs.org/form-data cache-miss
886 http fetch GET 200 https://registry.npmjs.org/@slack%2foauth 310ms (cache revalidated)
887 silly packumentCache full:https://registry.npmjs.org/@slack%2foauth set size:139236 disposed:false
888 silly fetch manifest is-electron@2.2.2
889 silly packumentCache full:https://registry.npmjs.org/is-electron cache-miss
890 http fetch GET 200 https://registry.npmjs.org/@slack%2flogger 322ms (cache revalidated)
891 silly packumentCache full:https://registry.npmjs.org/@slack%2flogger set size:22469 disposed:false
892 silly fetch manifest is-stream@^2
893 silly packumentCache full:https://registry.npmjs.org/is-stream cache-miss
894 http fetch GET 200 https://registry.npmjs.org/@slack%2flogger 130ms (cache revalidated)
895 silly packumentCache full:https://registry.npmjs.org/@slack%2flogger set size:22469 disposed:false
896 silly packumentCache full:https://registry.npmjs.org/@slack%2flogger dispose
897 silly fetch manifest p-queue@^6
898 silly packumentCache full:https://registry.npmjs.org/p-queue cache-miss
899 http fetch GET 200 https://registry.npmjs.org/eventemitter3 48ms (cache revalidated)
900 silly packumentCache full:https://registry.npmjs.org/eventemitter3 set size:92292 disposed:false
901 silly fetch manifest p-retry@^4
902 silly packumentCache full:https://registry.npmjs.org/p-retry cache-miss
903 http fetch GET 200 https://registry.npmjs.org/form-data 53ms (cache revalidated)
904 silly packumentCache full:https://registry.npmjs.org/form-data set size:153646 disposed:false
905 silly fetch manifest retry@^0.13.1
906 silly packumentCache full:https://registry.npmjs.org/retry cache-miss
907 http fetch GET 200 https://registry.npmjs.org/@types%2fretry 66ms (cache revalidated)
908 silly packumentCache full:https://registry.npmjs.org/@types%2fretry set size:17008 disposed:false
909 silly fetch manifest @snazzah/davey-darwin-x64@0.1.10
910 silly packumentCache full:https://registry.npmjs.org/@snazzah%2fdavey-darwin-x64 cache-miss
911 http fetch GET 200 https://registry.npmjs.org/is-stream 45ms (cache revalidated)
912 silly packumentCache full:https://registry.npmjs.org/is-stream set size:18582 disposed:false
913 silly fetch manifest @snazzah/davey-darwin-arm64@0.1.10
914 silly packumentCache full:https://registry.npmjs.org/@snazzah%2fdavey-darwin-arm64 cache-miss
915 http fetch GET 200 https://registry.npmjs.org/p-queue 53ms (cache revalidated)
916 silly packumentCache full:https://registry.npmjs.org/p-queue set size:167834 disposed:false
917 silly fetch manifest @snazzah/davey-linux-x64-gnu@0.1.10
918 silly packumentCache full:https://registry.npmjs.org/@snazzah%2fdavey-linux-x64-gnu cache-miss
919 http fetch GET 200 https://registry.npmjs.org/p-retry 50ms (cache revalidated)
920 silly packumentCache full:https://registry.npmjs.org/p-retry set size:69543 disposed:false
921 silly fetch manifest @snazzah/davey-win32-x64-msvc@0.1.10
922 silly packumentCache full:https://registry.npmjs.org/@snazzah%2fdavey-win32-x64-msvc cache-miss
923 http fetch GET 200 https://registry.npmjs.org/retry 45ms (cache revalidated)
924 silly packumentCache full:https://registry.npmjs.org/retry set size:31161 disposed:false
925 silly fetch manifest @snazzah/davey-linux-x64-musl@0.1.10
926 silly packumentCache full:https://registry.npmjs.org/@snazzah%2fdavey-linux-x64-musl cache-miss
927 http fetch GET 200 https://registry.npmjs.org/@snazzah%2fdavey-win32-x64-msvc 51ms (cache revalidated)
928 silly packumentCache full:https://registry.npmjs.org/@snazzah%2fdavey-win32-x64-msvc set size:20891 disposed:false
929 silly fetch manifest @snazzah/davey-linux-arm64-gnu@0.1.10
930 silly packumentCache full:https://registry.npmjs.org/@snazzah%2fdavey-linux-arm64-gnu cache-miss
931 http fetch GET 200 https://registry.npmjs.org/@snazzah%2fdavey-linux-x64-gnu 60ms (cache revalidated)
932 silly packumentCache full:https://registry.npmjs.org/@snazzah%2fdavey-linux-x64-gnu set size:21005 disposed:false
933 silly fetch manifest @snazzah/davey-win32-ia32-msvc@0.1.10
934 silly packumentCache full:https://registry.npmjs.org/@snazzah%2fdavey-win32-ia32-msvc cache-miss
935 http fetch GET 200 https://registry.npmjs.org/@snazzah%2fdavey-linux-x64-musl 67ms (cache revalidated)
936 silly packumentCache full:https://registry.npmjs.org/@snazzah%2fdavey-linux-x64-musl set size:21073 disposed:false
937 silly fetch manifest @snazzah/davey-linux-arm-gnueabihf@0.1.10
938 silly packumentCache full:https://registry.npmjs.org/@snazzah%2fdavey-linux-arm-gnueabihf cache-miss
939 http fetch GET 200 https://registry.npmjs.org/@types%2fexpress-serve-static-core 298ms (cache revalidated)
940 silly packumentCache full:https://registry.npmjs.org/@types%2fexpress-serve-static-core set size:264345 disposed:false
941 silly fetch manifest @snazzah/davey-android-arm64@0.1.10
942 silly packumentCache full:https://registry.npmjs.org/@snazzah%2fdavey-android-arm64 cache-miss
943 http fetch GET 200 https://registry.npmjs.org/@snazzah%2fdavey-win32-ia32-msvc 94ms (cache revalidated)
944 silly packumentCache full:https://registry.npmjs.org/@snazzah%2fdavey-win32-ia32-msvc set size:20984 disposed:false
945 silly fetch manifest @snazzah/davey-freebsd-x64@0.1.10
946 silly packumentCache full:https://registry.npmjs.org/@snazzah%2fdavey-freebsd-x64 cache-miss
947 http fetch GET 200 https://registry.npmjs.org/is-electron 296ms (cache revalidated)
948 silly packumentCache full:https://registry.npmjs.org/is-electron set size:14829 disposed:false
949 silly fetch manifest @snazzah/davey-linux-arm64-musl@0.1.10
950 silly packumentCache full:https://registry.npmjs.org/@snazzah%2fdavey-linux-arm64-musl cache-miss
951 http fetch GET 200 https://registry.npmjs.org/@slack%2ftypes 600ms (cache revalidated)
952 silly packumentCache full:https://registry.npmjs.org/@slack%2ftypes set size:147656 disposed:false
953 silly fetch manifest @snazzah/davey-win32-arm64-msvc@0.1.10
954 silly packumentCache full:https://registry.npmjs.org/@snazzah%2fdavey-win32-arm64-msvc cache-miss
955 http fetch GET 200 https://registry.npmjs.org/@slack%2ftypes 384ms (cache revalidated)
956 silly packumentCache full:https://registry.npmjs.org/@slack%2ftypes set size:147656 disposed:false
957 silly packumentCache full:https://registry.npmjs.org/@slack%2ftypes dispose
958 silly fetch manifest @snazzah/davey-android-arm-eabi@0.1.10
959 silly packumentCache full:https://registry.npmjs.org/@snazzah%2fdavey-android-arm-eabi cache-miss
960 http fetch GET 200 https://registry.npmjs.org/@snazzah%2fdavey-darwin-x64 337ms (cache revalidated)
961 silly packumentCache full:https://registry.npmjs.org/@snazzah%2fdavey-darwin-x64 set size:20581 disposed:false
962 silly fetch manifest @snazzah/davey-wasm32-wasi@0.1.10
963 silly packumentCache full:https://registry.npmjs.org/@snazzah%2fdavey-wasm32-wasi cache-miss
964 http fetch GET 200 https://registry.npmjs.org/@snazzah%2fdavey-darwin-arm64 334ms (cache revalidated)
965 silly packumentCache full:https://registry.npmjs.org/@snazzah%2fdavey-darwin-arm64 set size:20766 disposed:false
966 silly fetch manifest @cacheable/node-cache@^1.4.0
967 silly packumentCache full:https://registry.npmjs.org/@cacheable%2fnode-cache cache-miss
968 http fetch GET 200 https://registry.npmjs.org/@snazzah%2fdavey-wasm32-wasi 63ms (cache revalidated)
969 silly packumentCache full:https://registry.npmjs.org/@snazzah%2fdavey-wasm32-wasi set size:21400 disposed:false
970 silly fetch manifest @hapi/boom@^9.1.3
971 silly packumentCache full:https://registry.npmjs.org/@hapi%2fboom cache-miss
972 http fetch GET 200 https://registry.npmjs.org/@hapi%2fboom 58ms (cache revalidated)
973 silly packumentCache full:https://registry.npmjs.org/@hapi%2fboom set size:55554 disposed:false
974 silly fetch manifest async-mutex@^0.5.0
975 silly packumentCache full:https://registry.npmjs.org/async-mutex cache-miss
976 http fetch GET 200 https://registry.npmjs.org/async-mutex 53ms (cache revalidated)
977 silly packumentCache full:https://registry.npmjs.org/async-mutex set size:76106 disposed:false
978 silly fetch manifest libsignal@git+https://github.com/whiskeysockets/libsignal-node.git
979 http fetch GET 200 https://registry.npmjs.org/@snazzah%2fdavey-freebsd-x64 335ms (cache revalidated)
980 silly packumentCache full:https://registry.npmjs.org/@snazzah%2fdavey-freebsd-x64 set size:20678 disposed:false
981 silly fetch manifest lru-cache@^11.1.0
982 silly packumentCache full:https://registry.npmjs.org/lru-cache cache-miss
983 http fetch GET 200 https://registry.npmjs.org/@snazzah%2fdavey-android-arm-eabi 298ms (cache revalidated)
984 silly packumentCache full:https://registry.npmjs.org/@snazzah%2fdavey-android-arm-eabi set size:21071 disposed:false
985 silly fetch manifest music-metadata@^11.7.0
986 silly packumentCache full:https://registry.npmjs.org/music-metadata cache-miss
987 http fetch GET 200 https://registry.npmjs.org/lru-cache 52ms (cache revalidated)
988 silly packumentCache full:https://registry.npmjs.org/lru-cache set size:413591 disposed:false
989 silly fetch manifest p-queue@^9.0.0
990 silly packumentCache full:https://registry.npmjs.org/p-queue cache-hit
991 silly fetch manifest pino@^9.6
992 silly packumentCache full:https://registry.npmjs.org/pino cache-miss
993 http fetch GET 200 https://registry.npmjs.org/@snazzah%2fdavey-win32-arm64-msvc 344ms (cache revalidated)
994 silly packumentCache full:https://registry.npmjs.org/@snazzah%2fdavey-win32-arm64-msvc set size:21079 disposed:false
995 silly fetch manifest protobufjs@^7.2.4
996 silly packumentCache full:https://registry.npmjs.org/protobufjs cache-hit
997 silly fetch manifest ws@^8.13.0
998 silly packumentCache full:https://registry.npmjs.org/ws cache-hit
999 silly fetch manifest semver@^7.7.3
1000 silly packumentCache full:https://registry.npmjs.org/semver cache-miss
1001 http fetch GET 200 https://registry.npmjs.org/music-metadata 53ms (cache revalidated)
1002 silly packumentCache full:https://registry.npmjs.org/music-metadata set size:1268569 disposed:false
1003 silly fetch manifest @img/colour@^1.0.0
1004 silly packumentCache full:https://registry.npmjs.org/@img%2fcolour cache-miss
1005 http fetch GET 200 https://registry.npmjs.org/pino 50ms (cache revalidated)
1006 silly packumentCache full:https://registry.npmjs.org/pino set size:1274379 disposed:false
1007 silly fetch manifest detect-libc@^2.1.2
1008 silly packumentCache full:https://registry.npmjs.org/detect-libc cache-miss
1009 http fetch GET 200 https://registry.npmjs.org/semver 62ms (cache revalidated)
1010 silly packumentCache full:https://registry.npmjs.org/semver set size:229678 disposed:false
1011 silly fetch manifest @img/sharp-wasm32@0.34.5
1012 silly packumentCache full:https://registry.npmjs.org/@img%2fsharp-wasm32 cache-miss
1013 http fetch GET 200 https://registry.npmjs.org/@cacheable%2fnode-cache 304ms (cache revalidated)
1014 silly packumentCache full:https://registry.npmjs.org/@cacheable%2fnode-cache set size:91574 disposed:false
1015 silly fetch manifest @img/sharp-linux-arm@0.34.5
1016 silly packumentCache full:https://registry.npmjs.org/@img%2fsharp-linux-arm cache-miss
1017 http fetch GET 200 https://registry.npmjs.org/@img%2fcolour 61ms (cache revalidated)
1018 silly packumentCache full:https://registry.npmjs.org/@img%2fcolour set size:9701 disposed:false
1019 silly fetch manifest @img/sharp-linux-x64@0.34.5
1020 silly packumentCache full:https://registry.npmjs.org/@img%2fsharp-linux-x64 cache-miss
1021 http fetch GET 200 https://registry.npmjs.org/detect-libc 51ms (cache revalidated)
1022 silly packumentCache full:https://registry.npmjs.org/detect-libc set size:47861 disposed:false
1023 silly fetch manifest @img/sharp-win32-x64@0.34.5
1024 silly packumentCache full:https://registry.npmjs.org/@img%2fsharp-win32-x64 cache-miss
1025 http fetch GET 200 https://registry.npmjs.org/@img%2fsharp-wasm32 51ms (cache revalidated)
1026 silly packumentCache full:https://registry.npmjs.org/@img%2fsharp-wasm32 set size:61337 disposed:false
1027 silly fetch manifest @img/sharp-darwin-x64@0.34.5
1028 silly packumentCache full:https://registry.npmjs.org/@img%2fsharp-darwin-x64 cache-miss
1029 http fetch GET 200 https://registry.npmjs.org/@img%2fsharp-linux-x64 58ms (cache revalidated)
1030 silly packumentCache full:https://registry.npmjs.org/@img%2fsharp-linux-x64 set size:66311 disposed:false
1031 silly fetch manifest @img/sharp-win32-ia32@0.34.5
1032 silly packumentCache full:https://registry.npmjs.org/@img%2fsharp-win32-ia32 cache-miss
1033 http fetch GET 200 https://registry.npmjs.org/@img%2fsharp-linux-arm 69ms (cache revalidated)
1034 silly packumentCache full:https://registry.npmjs.org/@img%2fsharp-linux-arm set size:66643 disposed:false
1035 silly fetch manifest @img/sharp-linux-arm64@0.34.5
1036 silly packumentCache full:https://registry.npmjs.org/@img%2fsharp-linux-arm64 cache-miss
1037 http fetch GET 200 https://registry.npmjs.org/@snazzah%2fdavey-android-arm64 607ms (cache revalidated)
1038 silly packumentCache full:https://registry.npmjs.org/@snazzah%2fdavey-android-arm64 set size:20855 disposed:false
1039 silly fetch manifest @img/sharp-linux-ppc64@0.34.5
1040 silly packumentCache full:https://registry.npmjs.org/@img%2fsharp-linux-ppc64 cache-miss
1041 http fetch GET 200 https://registry.npmjs.org/@img%2fsharp-win32-x64 60ms (cache revalidated)
1042 silly packumentCache full:https://registry.npmjs.org/@img%2fsharp-win32-x64 set size:64388 disposed:false
1043 silly fetch manifest @img/sharp-linux-s390x@0.34.5
1044 silly packumentCache full:https://registry.npmjs.org/@img%2fsharp-linux-s390x cache-miss
1045 http fetch GET 200 https://registry.npmjs.org/@img%2fsharp-darwin-x64 57ms (cache revalidated)
1046 silly packumentCache full:https://registry.npmjs.org/@img%2fsharp-darwin-x64 set size:65222 disposed:false
1047 silly fetch manifest @img/sharp-win32-arm64@0.34.5
1048 silly packumentCache full:https://registry.npmjs.org/@img%2fsharp-win32-arm64 cache-miss
1049 http fetch GET 200 https://registry.npmjs.org/@img%2fsharp-win32-ia32 52ms (cache revalidated)
1050 silly packumentCache full:https://registry.npmjs.org/@img%2fsharp-win32-ia32 set size:65002 disposed:false
1051 silly fetch manifest @img/sharp-darwin-arm64@0.34.5
1052 silly packumentCache full:https://registry.npmjs.org/@img%2fsharp-darwin-arm64 cache-miss
1053 http fetch GET 200 https://registry.npmjs.org/@img%2fsharp-linux-arm64 53ms (cache revalidated)
1054 silly packumentCache full:https://registry.npmjs.org/@img%2fsharp-linux-arm64 set size:67207 disposed:false
1055 silly fetch manifest @img/sharp-linux-riscv64@0.34.5
1056 silly packumentCache full:https://registry.npmjs.org/@img%2fsharp-linux-riscv64 cache-miss
1057 http fetch GET 200 https://registry.npmjs.org/@img%2fsharp-linux-ppc64 57ms (cache revalidated)
1058 silly packumentCache full:https://registry.npmjs.org/@img%2fsharp-linux-ppc64 set size:31912 disposed:false
1059 silly fetch manifest @img/sharp-linuxmusl-x64@0.34.5
1060 silly packumentCache full:https://registry.npmjs.org/@img%2fsharp-linuxmusl-x64 cache-miss
1061 http fetch GET 200 https://registry.npmjs.org/@img%2fsharp-linux-s390x 60ms (cache revalidated)
1062 silly packumentCache full:https://registry.npmjs.org/@img%2fsharp-linux-s390x set size:65172 disposed:false
1063 silly fetch manifest @img/sharp-linuxmusl-arm64@0.34.5
1064 silly packumentCache full:https://registry.npmjs.org/@img%2fsharp-linuxmusl-arm64 cache-miss
1065 http fetch GET 200 https://registry.npmjs.org/@img%2fsharp-win32-arm64 65ms (cache revalidated)
1066 silly packumentCache full:https://registry.npmjs.org/@img%2fsharp-win32-arm64 set size:23941 disposed:false
1067 silly fetch manifest @img/sharp-libvips-linux-arm@1.2.4
1068 silly packumentCache full:https://registry.npmjs.org/@img%2fsharp-libvips-linux-arm cache-miss
1069 http fetch GET 200 https://registry.npmjs.org/@img%2fsharp-linuxmusl-x64 52ms (cache revalidated)
1070 silly packumentCache full:https://registry.npmjs.org/@img%2fsharp-linuxmusl-x64 set size:67400 disposed:false
1071 silly fetch manifest @img/sharp-libvips-linux-x64@1.2.4
1072 silly packumentCache full:https://registry.npmjs.org/@img%2fsharp-libvips-linux-x64 cache-miss
1073 http fetch GET 200 https://registry.npmjs.org/@img%2fsharp-darwin-arm64 69ms (cache revalidated)
1074 silly packumentCache full:https://registry.npmjs.org/@img%2fsharp-darwin-arm64 set size:66119 disposed:false
1075 silly fetch manifest @img/sharp-libvips-darwin-x64@1.2.4
1076 silly packumentCache full:https://registry.npmjs.org/@img%2fsharp-libvips-darwin-x64 cache-miss
1077 http fetch GET 200 https://registry.npmjs.org/@img%2fsharp-linuxmusl-arm64 66ms (cache revalidated)
1078 silly packumentCache full:https://registry.npmjs.org/@img%2fsharp-linuxmusl-arm64 set size:68298 disposed:false
1079 silly fetch manifest @img/sharp-libvips-linux-arm64@1.2.4
1080 silly packumentCache full:https://registry.npmjs.org/@img%2fsharp-libvips-linux-arm64 cache-miss
1081 http fetch GET 200 https://registry.npmjs.org/@img%2fsharp-libvips-linux-arm 61ms (cache revalidated)
1082 silly packumentCache full:https://registry.npmjs.org/@img%2fsharp-libvips-linux-arm set size:58624 disposed:false
1083 silly fetch manifest @img/sharp-libvips-linux-ppc64@1.2.4
1084 silly packumentCache full:https://registry.npmjs.org/@img%2fsharp-libvips-linux-ppc64 cache-miss
1085 http fetch GET 200 https://registry.npmjs.org/@img%2fsharp-libvips-darwin-x64 57ms (cache revalidated)
1086 silly packumentCache full:https://registry.npmjs.org/@img%2fsharp-libvips-darwin-x64 set size:51923 disposed:false
1087 silly fetch manifest @img/sharp-libvips-linux-s390x@1.2.4
1088 silly packumentCache full:https://registry.npmjs.org/@img%2fsharp-libvips-linux-s390x cache-miss
1089 http fetch GET 200 https://registry.npmjs.org/@img%2fsharp-libvips-linux-x64 61ms (cache revalidated)
1090 silly packumentCache full:https://registry.npmjs.org/@img%2fsharp-libvips-linux-x64 set size:56678 disposed:false
1091 silly fetch manifest @img/sharp-libvips-darwin-arm64@1.2.4
1092 silly packumentCache full:https://registry.npmjs.org/@img%2fsharp-libvips-darwin-arm64 cache-miss
1093 http fetch GET 200 https://registry.npmjs.org/@img%2fsharp-libvips-linux-arm64 60ms (cache revalidated)
1094 silly packumentCache full:https://registry.npmjs.org/@img%2fsharp-libvips-linux-arm64 set size:55489 disposed:false
1095 silly fetch manifest @img/sharp-libvips-linux-riscv64@1.2.4
1096 silly packumentCache full:https://registry.npmjs.org/@img%2fsharp-libvips-linux-riscv64 cache-miss
1097 http fetch GET 200 https://registry.npmjs.org/@snazzah%2fdavey-linux-arm-gnueabihf 844ms (cache revalidated)
1098 silly packumentCache full:https://registry.npmjs.org/@snazzah%2fdavey-linux-arm-gnueabihf set size:21299 disposed:false
1099 silly fetch manifest @img/sharp-libvips-linuxmusl-x64@1.2.4
1100 silly packumentCache full:https://registry.npmjs.org/@img%2fsharp-libvips-linuxmusl-x64 cache-miss
1101 http fetch GET 200 https://registry.npmjs.org/@img%2fsharp-libvips-linux-ppc64 60ms (cache revalidated)
1102 silly packumentCache full:https://registry.npmjs.org/@img%2fsharp-libvips-linux-ppc64 set size:42709 disposed:false
1103 silly fetch manifest @img/sharp-libvips-linuxmusl-arm64@1.2.4
1104 silly packumentCache full:https://registry.npmjs.org/@img%2fsharp-libvips-linuxmusl-arm64 cache-miss
1105 http fetch GET 200 https://registry.npmjs.org/@img%2fsharp-libvips-darwin-arm64 53ms (cache revalidated)
1106 silly packumentCache full:https://registry.npmjs.org/@img%2fsharp-libvips-darwin-arm64 set size:52515 disposed:false
1107 silly fetch manifest fast-uri@^3.0.1
1108 silly packumentCache full:https://registry.npmjs.org/fast-uri cache-miss
1109 http fetch GET 200 https://registry.npmjs.org/@img%2fsharp-libvips-linux-s390x 57ms (cache revalidated)
1110 silly packumentCache full:https://registry.npmjs.org/@img%2fsharp-libvips-linux-s390x set size:51696 disposed:false
1111 silly fetch manifest require-from-string@^2.0.2
1112 silly packumentCache full:https://registry.npmjs.org/require-from-string cache-miss
1113 http fetch GET 200 https://registry.npmjs.org/@img%2fsharp-libvips-linux-riscv64 63ms (cache revalidated)
1114 silly packumentCache full:https://registry.npmjs.org/@img%2fsharp-libvips-linux-riscv64 set size:28633 disposed:false
1115 silly fetch manifest json-schema-traverse@^1.0.0
1116 silly packumentCache full:https://registry.npmjs.org/json-schema-traverse cache-miss
1117 http fetch GET 200 https://registry.npmjs.org/fast-uri 53ms (cache revalidated)
1118 silly packumentCache full:https://registry.npmjs.org/fast-uri set size:61472 disposed:false
1119 silly fetch manifest readdirp@^5.0.0
1120 silly packumentCache full:https://registry.npmjs.org/readdirp cache-miss
1121 http fetch GET 200 https://registry.npmjs.org/require-from-string 51ms (cache revalidated)
1122 silly packumentCache full:https://registry.npmjs.org/require-from-string set size:15128 disposed:false
1123 silly fetch manifest chalk@^4.0.0
1124 silly packumentCache full:https://registry.npmjs.org/chalk cache-hit
1125 silly fetch manifest highlight.js@^10.7.1
1126 silly packumentCache full:https://registry.npmjs.org/highlight.js cache-miss
1127 http fetch GET 200 https://registry.npmjs.org/@img%2fsharp-libvips-linuxmusl-arm64 63ms (cache revalidated)
1128 silly packumentCache full:https://registry.npmjs.org/@img%2fsharp-libvips-linuxmusl-arm64 set size:54314 disposed:false
1129 silly fetch manifest mz@^2.4.0
1130 silly packumentCache full:https://registry.npmjs.org/mz cache-miss
1131 http fetch GET 200 https://registry.npmjs.org/@img%2fsharp-libvips-linuxmusl-x64 74ms (cache revalidated)
1132 silly packumentCache full:https://registry.npmjs.org/@img%2fsharp-libvips-linuxmusl-x64 set size:53685 disposed:false
1133 silly fetch manifest parse5@^5.1.1
1134 silly packumentCache full:https://registry.npmjs.org/parse5 cache-miss
1135 http fetch GET 200 https://registry.npmjs.org/json-schema-traverse 46ms (cache revalidated)
1136 silly packumentCache full:https://registry.npmjs.org/json-schema-traverse set size:23537 disposed:false
1137 silly fetch manifest parse5-htmlparser2-tree-adapter@^6.0.0
1138 silly packumentCache full:https://registry.npmjs.org/parse5-htmlparser2-tree-adapter cache-miss
1139 http fetch GET 200 https://registry.npmjs.org/highlight.js 48ms (cache revalidated)
1140 silly packumentCache full:https://registry.npmjs.org/highlight.js set size:1244415 disposed:false
1141 silly fetch manifest yargs@^16.0.0
1142 silly packumentCache full:https://registry.npmjs.org/yargs cache-miss
1143 http fetch GET 200 https://registry.npmjs.org/readdirp 59ms (cache revalidated)
1144 silly packumentCache full:https://registry.npmjs.org/readdirp set size:107589 disposed:false
1145 silly fetch manifest qs@^6.14.0
1146 silly packumentCache full:https://registry.npmjs.org/qs cache-hit
1147 silly fetch manifest depd@^2.0.0
1148 silly packumentCache full:https://registry.npmjs.org/depd cache-miss
1149 http fetch GET 200 https://registry.npmjs.org/mz 54ms (cache revalidated)
1150 silly packumentCache full:https://registry.npmjs.org/mz set size:42731 disposed:false
1151 silly fetch manifest etag@^1.8.1
1152 silly packumentCache full:https://registry.npmjs.org/etag cache-miss
1153 http fetch GET 200 https://registry.npmjs.org/parse5 61ms (cache revalidated)
1154 silly packumentCache full:https://registry.npmjs.org/parse5 set size:120807 disposed:false
1155 silly fetch manifest once@^1.4.0
1156 silly packumentCache full:https://registry.npmjs.org/once cache-miss
1157 http fetch GET 200 https://registry.npmjs.org/@img%2fsharp-linux-riscv64 318ms (cache revalidated)
1158 silly packumentCache full:https://registry.npmjs.org/@img%2fsharp-linux-riscv64 set size:8972 disposed:false
1159 silly fetch manifest send@^1.1.0
1160 silly packumentCache full:https://registry.npmjs.org/send cache-miss
1161 http fetch GET 200 https://registry.npmjs.org/etag 44ms (cache revalidated)
1162 silly packumentCache full:https://registry.npmjs.org/etag set size:30032 disposed:false
1163 silly fetch manifest vary@^1.1.2
1164 silly packumentCache full:https://registry.npmjs.org/vary cache-miss
1165 http fetch GET 200 https://registry.npmjs.org/yargs 51ms (cache revalidated)
1166 silly packumentCache full:https://registry.npmjs.org/yargs set size:743056 disposed:false
1167 silly fetch manifest debug@^4.4.0
1168 silly packumentCache full:https://registry.npmjs.org/debug cache-hit
1169 silly fetch manifest fresh@^2.0.0
1170 silly packumentCache full:https://registry.npmjs.org/fresh cache-miss
1171 http fetch GET 200 https://registry.npmjs.org/parse5-htmlparser2-tree-adapter 68ms (cache revalidated)
1172 silly packumentCache full:https://registry.npmjs.org/parse5-htmlparser2-tree-adapter set size:21911 disposed:false
1173 silly fetch manifest cookie@^0.7.1
1174 silly packumentCache full:https://registry.npmjs.org/cookie cache-miss
1175 http fetch GET 200 https://registry.npmjs.org/depd 56ms (cache revalidated)
1176 silly packumentCache full:https://registry.npmjs.org/depd set size:40182 disposed:false
1177 silly fetch manifest router@^2.2.0
1178 silly packumentCache full:https://registry.npmjs.org/router cache-miss
1179 http fetch GET 200 https://registry.npmjs.org/send 47ms (cache revalidated)
1180 silly packumentCache full:https://registry.npmjs.org/send set size:152810 disposed:false
1181 silly fetch manifest accepts@^2.0.0
1182 silly packumentCache full:https://registry.npmjs.org/accepts cache-miss
1183 http fetch GET 200 https://registry.npmjs.org/once 65ms (cache revalidated)
1184 silly packumentCache full:https://registry.npmjs.org/once set size:11752 disposed:false
1185 silly fetch manifest type-is@^2.0.1
1186 silly packumentCache full:https://registry.npmjs.org/type-is cache-miss
1187 http fetch GET 200 https://registry.npmjs.org/vary 52ms (cache revalidated)
1188 silly packumentCache full:https://registry.npmjs.org/vary set size:16018 disposed:false
1189 silly fetch manifest parseurl@^1.3.3
1190 silly packumentCache full:https://registry.npmjs.org/parseurl cache-miss
1191 http fetch GET 200 https://registry.npmjs.org/fresh 49ms (cache revalidated)
1192 silly packumentCache full:https://registry.npmjs.org/fresh set size:25427 disposed:false
1193 silly fetch manifest statuses@^2.0.1
1194 silly packumentCache full:https://registry.npmjs.org/statuses cache-miss
1195 http fetch GET 200 https://registry.npmjs.org/router 50ms (cache revalidated)
1196 silly packumentCache full:https://registry.npmjs.org/router set size:116499 disposed:false
1197 silly fetch manifest encodeurl@^2.0.0
1198 silly packumentCache full:https://registry.npmjs.org/encodeurl cache-miss
1199 http fetch GET 200 https://registry.npmjs.org/cookie 53ms (cache revalidated)
1200 silly packumentCache full:https://registry.npmjs.org/cookie set size:72891 disposed:false
1201 silly fetch manifest mime-types@^3.0.0
1202 silly packumentCache full:https://registry.npmjs.org/mime-types cache-hit
1203 silly fetch manifest proxy-addr@^2.0.7
1204 silly packumentCache full:https://registry.npmjs.org/proxy-addr cache-miss
1205 http fetch GET 200 https://registry.npmjs.org/accepts 48ms (cache revalidated)
1206 silly packumentCache full:https://registry.npmjs.org/accepts set size:77054 disposed:false
1207 silly fetch manifest body-parser@^2.2.1
1208 silly packumentCache full:https://registry.npmjs.org/body-parser cache-miss
1209 http fetch GET 200 https://registry.npmjs.org/type-is 53ms (cache revalidated)
1210 silly packumentCache full:https://registry.npmjs.org/type-is set size:86196 disposed:false
1211 silly fetch manifest escape-html@^1.0.3
1212 silly packumentCache full:https://registry.npmjs.org/escape-html cache-miss
1213 http fetch GET 200 https://registry.npmjs.org/parseurl 47ms (cache revalidated)
1214 silly packumentCache full:https://registry.npmjs.org/parseurl set size:24148 disposed:false
1215 silly fetch manifest http-errors@^2.0.0
1216 silly packumentCache full:https://registry.npmjs.org/http-errors cache-miss
1217 http fetch GET 200 https://registry.npmjs.org/statuses 45ms (cache revalidated)
1218 silly packumentCache full:https://registry.npmjs.org/statuses set size:37117 disposed:false
1219 silly fetch manifest on-finished@^2.4.1
1220 silly packumentCache full:https://registry.npmjs.org/on-finished cache-miss
1221 http fetch GET 200 https://registry.npmjs.org/encodeurl 47ms (cache revalidated)
1222 silly packumentCache full:https://registry.npmjs.org/encodeurl set size:12296 disposed:false
1223 silly fetch manifest content-type@^1.0.5
1224 silly packumentCache full:https://registry.npmjs.org/content-type cache-miss
1225 http fetch GET 200 https://registry.npmjs.org/proxy-addr 46ms (cache revalidated)
1226 silly packumentCache full:https://registry.npmjs.org/proxy-addr set size:61619 disposed:false
1227 silly fetch manifest finalhandler@^2.1.0
1228 silly packumentCache full:https://registry.npmjs.org/finalhandler cache-miss
1229 http fetch GET 200 https://registry.npmjs.org/body-parser 46ms (cache revalidated)
1230 silly packumentCache full:https://registry.npmjs.org/body-parser set size:216830 disposed:false
1231 silly fetch manifest range-parser@^1.2.1
1232 silly packumentCache full:https://registry.npmjs.org/range-parser cache-miss
1233 http fetch GET 200 https://registry.npmjs.org/escape-html 54ms (cache revalidated)
1234 silly packumentCache full:https://registry.npmjs.org/escape-html set size:7345 disposed:false
1235 silly fetch manifest serve-static@^2.2.0
1236 silly packumentCache full:https://registry.npmjs.org/serve-static cache-miss
1237 http fetch GET 200 https://registry.npmjs.org/on-finished 45ms (cache revalidated)
1238 silly packumentCache full:https://registry.npmjs.org/on-finished set size:23212 disposed:false
1239 silly fetch manifest cookie-signature@^1.2.1
1240 silly packumentCache full:https://registry.npmjs.org/cookie-signature cache-miss
1241 http fetch GET 200 https://registry.npmjs.org/http-errors 51ms (cache revalidated)
1242 silly packumentCache full:https://registry.npmjs.org/http-errors set size:71987 disposed:false
1243 silly fetch manifest merge-descriptors@^2.0.0
1244 silly packumentCache full:https://registry.npmjs.org/merge-descriptors cache-miss
1245 http fetch GET 200 https://registry.npmjs.org/content-type 45ms (cache revalidated)
1246 silly packumentCache full:https://registry.npmjs.org/content-type set size:17311 disposed:false
1247 silly fetch manifest content-disposition@^1.0.0
1248 silly packumentCache full:https://registry.npmjs.org/content-disposition cache-miss
1249 http fetch GET 200 https://registry.npmjs.org/finalhandler 47ms (cache revalidated)
1250 silly packumentCache full:https://registry.npmjs.org/finalhandler set size:79291 disposed:false
1251 silly fetch manifest @tokenizer/inflate@^0.4.1
1252 silly packumentCache full:https://registry.npmjs.org/@tokenizer%2finflate cache-miss
1253 http fetch GET 200 https://registry.npmjs.org/range-parser 49ms (cache revalidated)
1254 silly packumentCache full:https://registry.npmjs.org/range-parser set size:22228 disposed:false
1255 silly fetch manifest strtok3@^10.3.4
1256 silly packumentCache full:https://registry.npmjs.org/strtok3 cache-miss
1257 http fetch GET 200 https://registry.npmjs.org/serve-static 60ms (cache revalidated)
1258 silly packumentCache full:https://registry.npmjs.org/serve-static set size:150391 disposed:false
1259 silly fetch manifest token-types@^6.1.1
1260 silly packumentCache full:https://registry.npmjs.org/token-types cache-miss
1261 http fetch GET 200 https://registry.npmjs.org/cookie-signature 64ms (cache revalidated)
1262 silly packumentCache full:https://registry.npmjs.org/cookie-signature set size:21777 disposed:false
1263 silly fetch manifest uint8array-extras@^1.4.0
1264 silly packumentCache full:https://registry.npmjs.org/uint8array-extras cache-miss
1265 http fetch GET 200 https://registry.npmjs.org/merge-descriptors 59ms (cache revalidated)
1266 silly packumentCache full:https://registry.npmjs.org/merge-descriptors set size:16527 disposed:false
1267 silly fetch manifest extend@^3.0.2
1268 silly packumentCache full:https://registry.npmjs.org/extend cache-miss
1269 http fetch GET 200 https://registry.npmjs.org/content-disposition 72ms (cache revalidated)
1270 silly packumentCache full:https://registry.npmjs.org/content-disposition set size:34469 disposed:false
1271 silly fetch manifest rimraf@^5.0.1
1272 silly packumentCache full:https://registry.npmjs.org/rimraf cache-miss
1273 http fetch GET 200 https://registry.npmjs.org/@tokenizer%2finflate 70ms (cache revalidated)
1274 silly packumentCache full:https://registry.npmjs.org/@tokenizer%2finflate set size:32390 disposed:false
1275 silly fetch manifest node-fetch@^3.3.2
1276 silly packumentCache full:https://registry.npmjs.org/node-fetch cache-hit
1277 silly fetch manifest https-proxy-agent@^7.0.1
1278 silly packumentCache full:https://registry.npmjs.org/https-proxy-agent cache-hit
1279 silly fetch manifest base64-js@^1.3.0
1280 silly packumentCache full:https://registry.npmjs.org/base64-js cache-miss
1281 http fetch GET 200 https://registry.npmjs.org/strtok3 77ms (cache revalidated)
1282 silly packumentCache full:https://registry.npmjs.org/strtok3 set size:409207 disposed:false
1283 silly fetch manifest ecdsa-sig-formatter@^1.0.11
1284 silly packumentCache full:https://registry.npmjs.org/ecdsa-sig-formatter cache-miss
1285 http fetch GET 200 https://registry.npmjs.org/token-types 54ms (cache revalidated)
1286 silly packumentCache full:https://registry.npmjs.org/token-types set size:155133 disposed:false
1287 silly fetch manifest gcp-metadata@8.1.2
1288 silly packumentCache full:https://registry.npmjs.org/gcp-metadata cache-miss
1289 http fetch GET 200 https://registry.npmjs.org/extend 63ms (cache revalidated)
1290 silly packumentCache full:https://registry.npmjs.org/extend set size:25974 disposed:false
1291 silly fetch manifest google-logging-utils@1.1.3
1292 silly packumentCache full:https://registry.npmjs.org/google-logging-utils cache-miss
1293 http fetch GET 200 https://registry.npmjs.org/base64-js 53ms (cache revalidated)
1294 silly packumentCache full:https://registry.npmjs.org/base64-js set size:41270 disposed:false
1295 silly fetch manifest jws@^4.0.0
1296 silly packumentCache full:https://registry.npmjs.org/jws cache-miss
1297 http fetch GET 200 https://registry.npmjs.org/rimraf 56ms (cache revalidated)
1298 silly packumentCache full:https://registry.npmjs.org/rimraf set size:212644 disposed:false
1299 silly fetch manifest debug@4
1300 silly packumentCache full:https://registry.npmjs.org/debug cache-hit
1301 silly fetch manifest agent-base@^7.1.2
1302 silly packumentCache full:https://registry.npmjs.org/agent-base cache-miss
1303 http fetch GET 200 https://registry.npmjs.org/uint8array-extras 85ms (cache revalidated)
1304 silly packumentCache full:https://registry.npmjs.org/uint8array-extras set size:36606 disposed:false
1305 silly fetch manifest lie@~3.3.0
1306 silly packumentCache full:https://registry.npmjs.org/lie cache-miss
1307 http fetch GET 200 https://registry.npmjs.org/ecdsa-sig-formatter 52ms (cache revalidated)
1308 silly packumentCache full:https://registry.npmjs.org/ecdsa-sig-formatter set size:23546 disposed:false
1309 silly fetch manifest pako@~1.0.2
1310 silly packumentCache full:https://registry.npmjs.org/pako cache-miss
1311 http fetch GET 200 https://registry.npmjs.org/gcp-metadata 61ms (cache revalidated)
1312 silly packumentCache full:https://registry.npmjs.org/gcp-metadata set size:191448 disposed:false
1313 silly fetch manifest setimmediate@^1.0.5
1314 silly packumentCache full:https://registry.npmjs.org/setimmediate cache-miss
1315 http fetch GET 200 https://registry.npmjs.org/jws 48ms (cache revalidated)
1316 silly packumentCache full:https://registry.npmjs.org/jws set size:48919 disposed:false
1317 silly fetch manifest readable-stream@~2.3.6
1318 silly packumentCache full:https://registry.npmjs.org/readable-stream cache-miss
1319 http fetch GET 200 https://registry.npmjs.org/google-logging-utils 57ms (cache revalidated)
1320 silly packumentCache full:https://registry.npmjs.org/google-logging-utils set size:21694 disposed:false
1321 silly fetch manifest css-select@^5.1.0
1322 silly packumentCache full:https://registry.npmjs.org/css-select cache-miss
1323 http fetch GET 200 https://registry.npmjs.org/agent-base 48ms (cache revalidated)
1324 silly packumentCache full:https://registry.npmjs.org/agent-base set size:67460 disposed:false
1325 silly fetch manifest cssom@^0.5.0
1326 silly packumentCache full:https://registry.npmjs.org/cssom cache-miss
1327 http fetch GET 200 https://registry.npmjs.org/lie 47ms (cache revalidated)
1328 silly packumentCache full:https://registry.npmjs.org/lie set size:93874 disposed:false
1329 silly fetch manifest html-escaper@^3.0.3
1330 silly packumentCache full:https://registry.npmjs.org/html-escaper cache-miss
1331 http fetch GET 200 https://registry.npmjs.org/@snazzah%2fdavey-linux-arm64-gnu 1391ms (cache revalidated)
1332 silly packumentCache full:https://registry.npmjs.org/@snazzah%2fdavey-linux-arm64-gnu set size:21187 disposed:false
1333 silly fetch manifest htmlparser2@^10.0.0
1334 silly packumentCache full:https://registry.npmjs.org/htmlparser2 cache-miss
1335 http fetch GET 200 https://registry.npmjs.org/pako 49ms (cache revalidated)
1336 silly packumentCache full:https://registry.npmjs.org/pako set size:74234 disposed:false
1337 silly fetch manifest uhyphen@^0.2.0
1338 silly packumentCache full:https://registry.npmjs.org/uhyphen cache-miss
1339 http fetch GET 200 https://registry.npmjs.org/setimmediate 52ms (cache revalidated)
1340 silly packumentCache full:https://registry.npmjs.org/setimmediate set size:17282 disposed:false
1341 silly fetch manifest argparse@^2.0.1
1342 silly packumentCache full:https://registry.npmjs.org/argparse cache-miss
1343 http fetch GET 200 https://registry.npmjs.org/readable-stream 52ms (cache revalidated)
1344 silly packumentCache full:https://registry.npmjs.org/readable-stream set size:261096 disposed:false
1345 silly fetch manifest entities@^4.4.0
1346 silly packumentCache full:https://registry.npmjs.org/entities cache-miss
1347 http fetch GET 200 https://registry.npmjs.org/css-select 56ms (cache revalidated)
1348 silly packumentCache full:https://registry.npmjs.org/css-select set size:108853 disposed:false
1349 silly fetch manifest linkify-it@^5.0.0
1350 silly packumentCache full:https://registry.npmjs.org/linkify-it cache-miss
1351 http fetch GET 200 https://registry.npmjs.org/cssom 56ms (cache revalidated)
1352 silly packumentCache full:https://registry.npmjs.org/cssom set size:42138 disposed:false
1353 silly fetch manifest mdurl@^2.0.0
1354 silly packumentCache full:https://registry.npmjs.org/mdurl cache-miss
1355 http fetch GET 200 https://registry.npmjs.org/html-escaper 61ms (cache revalidated)
1356 silly packumentCache full:https://registry.npmjs.org/html-escaper set size:29853 disposed:false
1357 silly fetch manifest punycode.js@^2.3.1
1358 silly packumentCache full:https://registry.npmjs.org/punycode.js cache-miss
1359 http fetch GET 200 https://registry.npmjs.org/uhyphen 47ms (cache revalidated)
1360 silly packumentCache full:https://registry.npmjs.org/uhyphen set size:10719 disposed:false
1361 silly fetch manifest uc.micro@^2.1.0
1362 silly packumentCache full:https://registry.npmjs.org/uc.micro cache-miss
1363 http fetch GET 200 https://registry.npmjs.org/htmlparser2 50ms (cache revalidated)
1364 silly packumentCache full:https://registry.npmjs.org/htmlparser2 set size:165347 disposed:false
1365 silly fetch manifest yargs@^17.7.2
1366 silly packumentCache full:https://registry.npmjs.org/yargs cache-hit
1367 silly fetch manifest ora@^9.3.0
1368 silly packumentCache full:https://registry.npmjs.org/ora cache-miss
1369 http fetch GET 200 https://registry.npmjs.org/argparse 56ms (cache revalidated)
1370 silly packumentCache full:https://registry.npmjs.org/argparse set size:49266 disposed:false
1371 silly fetch manifest bytes@^3.1.2
1372 silly packumentCache full:https://registry.npmjs.org/bytes cache-miss
1373 http fetch GET 200 https://registry.npmjs.org/entities 63ms (cache revalidated)
1374 silly packumentCache full:https://registry.npmjs.org/entities set size:99036 disposed:false
1375 silly fetch manifest ipull@^3.9.5
1376 silly packumentCache full:https://registry.npmjs.org/ipull cache-miss
1377 http fetch GET 200 https://registry.npmjs.org/linkify-it 72ms (cache revalidated)
1378 silly packumentCache full:https://registry.npmjs.org/linkify-it set size:62527 disposed:false
1379 silly fetch manifest which@^6.0.1
1380 silly packumentCache full:https://registry.npmjs.org/which cache-miss
1381 http fetch GET 200 https://registry.npmjs.org/ora 53ms (cache revalidated)
1382 silly packumentCache full:https://registry.npmjs.org/ora set size:142374 disposed:false
1383 silly fetch manifest ignore@^7.0.4
1384 silly packumentCache full:https://registry.npmjs.org/ignore cache-hit
1385 silly fetch manifest nanoid@^5.1.6
1386 silly packumentCache full:https://registry.npmjs.org/nanoid cache-miss
1387 http fetch GET 200 https://registry.npmjs.org/mdurl 73ms (cache revalidated)
1388 silly packumentCache full:https://registry.npmjs.org/mdurl set size:9361 disposed:false
1389 silly fetch manifest semver@^7.7.1
1390 silly packumentCache full:https://registry.npmjs.org/semver cache-hit
1391 silly fetch manifest chmodrp@^1.0.2
1392 silly packumentCache full:https://registry.npmjs.org/chmodrp cache-miss
1393 http fetch GET 200 https://registry.npmjs.org/uc.micro 60ms (cache revalidated)
1394 silly packumentCache full:https://registry.npmjs.org/uc.micro set size:16457 disposed:false
1395 silly fetch manifest env-var@^7.5.0
1396 silly packumentCache full:https://registry.npmjs.org/env-var cache-miss
1397 http fetch GET 200 https://registry.npmjs.org/punycode.js 61ms (cache revalidated)
1398 silly packumentCache full:https://registry.npmjs.org/punycode.js set size:13508 disposed:false
1399 silly fetch manifest octokit@^5.0.5
1400 silly packumentCache full:https://registry.npmjs.org/octokit cache-miss
1401 http fetch GET 200 https://registry.npmjs.org/bytes 48ms (cache revalidated)
1402 silly packumentCache full:https://registry.npmjs.org/bytes set size:37018 disposed:false
1403 silly fetch manifest cmake-js@^8.0.0
1404 silly packumentCache full:https://registry.npmjs.org/cmake-js cache-miss
1405 http fetch GET 200 https://registry.npmjs.org/which 54ms (cache revalidated)
1406 silly packumentCache full:https://registry.npmjs.org/which set size:67805 disposed:false
1407 silly fetch manifest fs-extra@^11.3.0
1408 silly packumentCache full:https://registry.npmjs.org/fs-extra cache-miss
1409 http fetch GET 200 https://registry.npmjs.org/octokit 49ms (cache revalidated)
1410 silly packumentCache full:https://registry.npmjs.org/octokit set size:290473 disposed:false
1411 silly fetch manifest pretty-ms@^9.3.0
1412 silly packumentCache full:https://registry.npmjs.org/pretty-ms cache-miss
1413 http fetch GET 200 https://registry.npmjs.org/ipull 68ms (cache revalidated)
1414 silly packumentCache full:https://registry.npmjs.org/ipull set size:241213 disposed:false
1415 silly fetch manifest filenamify@^6.0.0
1416 silly packumentCache full:https://registry.npmjs.org/filenamify cache-miss
1417 http fetch GET 200 https://registry.npmjs.org/chmodrp 69ms (cache revalidated)
1418 silly packumentCache full:https://registry.npmjs.org/chmodrp set size:9290 disposed:false
1419 silly fetch manifest simple-git@^3.31.1
1420 silly packumentCache full:https://registry.npmjs.org/simple-git cache-miss
1421 http fetch GET 200 https://registry.npmjs.org/nanoid 71ms (cache revalidated)
1422 silly packumentCache full:https://registry.npmjs.org/nanoid set size:298419 disposed:false
1423 silly fetch manifest slice-ansi@^8.0.0
1424 silly packumentCache full:https://registry.npmjs.org/slice-ansi cache-miss
1425 http fetch GET 200 https://registry.npmjs.org/cmake-js 55ms (cache revalidated)
1426 silly packumentCache full:https://registry.npmjs.org/cmake-js set size:210823 disposed:false
1427 silly fetch manifest strip-ansi@^7.1.2
1428 silly packumentCache full:https://registry.npmjs.org/strip-ansi cache-hit
1429 silly fetch manifest async-retry@^1.3.3
1430 silly packumentCache full:https://registry.npmjs.org/async-retry cache-miss
1431 http fetch GET 200 https://registry.npmjs.org/slice-ansi 41ms (cache revalidated)
1432 silly packumentCache full:https://registry.npmjs.org/slice-ansi set size:34449 disposed:false
1433 silly fetch manifest cross-spawn@^7.0.6
1434 silly packumentCache full:https://registry.npmjs.org/cross-spawn cache-miss
1435 http fetch GET 200 https://registry.npmjs.org/fs-extra 70ms (cache revalidated)
1436 silly packumentCache full:https://registry.npmjs.org/fs-extra set size:230266 disposed:false
1437 silly fetch manifest log-symbols@^7.0.1
1438 silly packumentCache full:https://registry.npmjs.org/log-symbols cache-miss
1439 http fetch GET 200 https://registry.npmjs.org/simple-git 57ms (cache revalidated)
1440 silly packumentCache full:https://registry.npmjs.org/simple-git set size:674780 disposed:false
1441 silly fetch manifest stdout-update@^4.0.1
1442 silly packumentCache full:https://registry.npmjs.org/stdout-update cache-miss
1443 http fetch GET 200 https://registry.npmjs.org/pretty-ms 76ms (cache revalidated)
1444 silly packumentCache full:https://registry.npmjs.org/pretty-ms set size:61783 disposed:false
1445 silly fetch manifest node-addon-api@^8.5.0
1446 silly packumentCache full:https://registry.npmjs.org/node-addon-api cache-hit
1447 silly fetch manifest lifecycle-utils@^3.1.1
1448 silly packumentCache full:https://registry.npmjs.org/lifecycle-utils cache-miss
1449 http fetch GET 200 https://registry.npmjs.org/filenamify 75ms (cache revalidated)
1450 silly packumentCache full:https://registry.npmjs.org/filenamify set size:48675 disposed:false
1451 silly fetch manifest @huggingface/jinja@^0.5.5
1452 silly packumentCache full:https://registry.npmjs.org/@huggingface%2fjinja cache-miss
1453 http fetch GET 200 https://registry.npmjs.org/async-retry 56ms (cache revalidated)
1454 silly packumentCache full:https://registry.npmjs.org/async-retry set size:51916 disposed:false
1455 silly fetch manifest is-unicode-supported@^2.1.0
1456 silly packumentCache full:https://registry.npmjs.org/is-unicode-supported cache-miss
1457 http fetch GET 200 https://registry.npmjs.org/cross-spawn 62ms (cache revalidated)
1458 silly packumentCache full:https://registry.npmjs.org/cross-spawn set size:109066 disposed:false
1459 silly fetch manifest validate-npm-package-name@^7.0.2
1460 silly packumentCache full:https://registry.npmjs.org/validate-npm-package-name cache-miss
1461 http fetch GET 200 https://registry.npmjs.org/lifecycle-utils 50ms (cache revalidated)
1462 silly packumentCache full:https://registry.npmjs.org/lifecycle-utils set size:88491 disposed:false
1463 silly fetch manifest @node-llama-cpp/mac-x64@3.16.2
1464 silly packumentCache full:https://registry.npmjs.org/@node-llama-cpp%2fmac-x64 cache-miss
1465 http fetch GET 200 https://registry.npmjs.org/stdout-update 57ms (cache revalidated)
1466 silly packumentCache full:https://registry.npmjs.org/stdout-update set size:152512 disposed:false
1467 silly fetch manifest @node-llama-cpp/win-x64@3.16.2
1468 silly packumentCache full:https://registry.npmjs.org/@node-llama-cpp%2fwin-x64 cache-miss
1469 http fetch GET 200 https://registry.npmjs.org/log-symbols 64ms (cache revalidated)
1470 silly packumentCache full:https://registry.npmjs.org/log-symbols set size:31977 disposed:false
1471 silly fetch manifest @node-llama-cpp/linux-x64@3.16.2
1472 silly packumentCache full:https://registry.npmjs.org/@node-llama-cpp%2flinux-x64 cache-miss
1473 http fetch GET 200 https://registry.npmjs.org/is-unicode-supported 55ms (cache revalidated)
1474 silly packumentCache full:https://registry.npmjs.org/is-unicode-supported set size:19461 disposed:false
1475 silly fetch manifest @node-llama-cpp/win-arm64@3.16.2
1476 silly packumentCache full:https://registry.npmjs.org/@node-llama-cpp%2fwin-arm64 cache-miss
1477 http fetch GET 200 https://registry.npmjs.org/validate-npm-package-name 49ms (cache revalidated)
1478 silly packumentCache full:https://registry.npmjs.org/validate-npm-package-name set size:48201 disposed:false
1479 silly fetch manifest @node-llama-cpp/linux-arm64@3.16.2
1480 silly packumentCache full:https://registry.npmjs.org/@node-llama-cpp%2flinux-arm64 cache-miss
1481 http fetch GET 200 https://registry.npmjs.org/env-var 293ms (cache revalidated)
1482 silly packumentCache full:https://registry.npmjs.org/env-var set size:148239 disposed:false
1483 silly fetch manifest @node-llama-cpp/linux-armv7l@3.16.2
1484 silly packumentCache full:https://registry.npmjs.org/@node-llama-cpp%2flinux-armv7l cache-miss
1485 http fetch GET 200 https://registry.npmjs.org/@huggingface%2fjinja 335ms (cache revalidated)
1486 silly packumentCache full:https://registry.npmjs.org/@huggingface%2fjinja set size:69589 disposed:false
1487 silly fetch manifest @node-llama-cpp/win-x64-cuda@3.16.2
1488 silly packumentCache full:https://registry.npmjs.org/@node-llama-cpp%2fwin-x64-cuda cache-miss
1489 http fetch GET 200 https://registry.npmjs.org/@snazzah%2fdavey-linux-arm64-musl 1829ms (cache revalidated)
1490 silly packumentCache full:https://registry.npmjs.org/@snazzah%2fdavey-linux-arm64-musl set size:21258 disposed:false
1491 silly fetch manifest @node-llama-cpp/linux-x64-cuda@3.16.2
1492 silly packumentCache full:https://registry.npmjs.org/@node-llama-cpp%2flinux-x64-cuda cache-miss
1493 http fetch GET 200 https://registry.npmjs.org/@node-llama-cpp%2fmac-x64 338ms (cache revalidated)
1494 silly packumentCache full:https://registry.npmjs.org/@node-llama-cpp%2fmac-x64 set size:71234 disposed:false
1495 silly fetch manifest @node-llama-cpp/win-x64-vulkan@3.16.2
1496 silly packumentCache full:https://registry.npmjs.org/@node-llama-cpp%2fwin-x64-vulkan cache-miss
1497 http fetch GET 200 https://registry.npmjs.org/@node-llama-cpp%2flinux-arm64 307ms (cache revalidated)
1498 silly packumentCache full:https://registry.npmjs.org/@node-llama-cpp%2flinux-arm64 set size:74874 disposed:false
1499 silly fetch manifest @node-llama-cpp/mac-arm64-metal@3.16.2
1500 silly packumentCache full:https://registry.npmjs.org/@node-llama-cpp%2fmac-arm64-metal cache-miss
1501 http fetch GET 200 https://registry.npmjs.org/@node-llama-cpp%2flinux-armv7l 333ms (cache revalidated)
1502 silly packumentCache full:https://registry.npmjs.org/@node-llama-cpp%2flinux-armv7l set size:75062 disposed:false
1503 silly fetch manifest @node-llama-cpp/linux-x64-vulkan@3.16.2
1504 silly packumentCache full:https://registry.npmjs.org/@node-llama-cpp%2flinux-x64-vulkan cache-miss
1505 http fetch GET 200 https://registry.npmjs.org/@node-llama-cpp%2flinux-x64-vulkan 76ms (cache revalidated)
1506 silly packumentCache full:https://registry.npmjs.org/@node-llama-cpp%2flinux-x64-vulkan set size:74930 disposed:false
1507 silly fetch manifest @node-llama-cpp/win-x64-cuda-ext@3.16.2
1508 silly packumentCache full:https://registry.npmjs.org/@node-llama-cpp%2fwin-x64-cuda-ext cache-miss
1509 http fetch GET 200 https://registry.npmjs.org/@node-llama-cpp%2fwin-x64 635ms (cache revalidated)
1510 silly packumentCache full:https://registry.npmjs.org/@node-llama-cpp%2fwin-x64 set size:71315 disposed:false
1511 silly fetch manifest @node-llama-cpp/linux-x64-cuda-ext@3.16.2
1512 silly packumentCache full:https://registry.npmjs.org/@node-llama-cpp%2flinux-x64-cuda-ext cache-miss
1513 http fetch GET 200 https://registry.npmjs.org/@node-llama-cpp%2flinux-x64-cuda-ext 71ms (cache revalidated)
1514 silly packumentCache full:https://registry.npmjs.org/@node-llama-cpp%2flinux-x64-cuda-ext set size:32089 disposed:false
1515 silly fetch manifest node-readable-to-web-readable-stream@^0.4.2
1516 silly packumentCache full:https://registry.npmjs.org/node-readable-to-web-readable-stream cache-miss
1517 http fetch GET 200 https://registry.npmjs.org/@node-llama-cpp%2fwin-x64-vulkan 376ms (cache revalidated)
1518 silly packumentCache full:https://registry.npmjs.org/@node-llama-cpp%2fwin-x64-vulkan set size:73830 disposed:false
1519 silly fetch manifest sqlite-vec-linux-x64@0.1.7-alpha.2
1520 silly packumentCache full:https://registry.npmjs.org/sqlite-vec-linux-x64 cache-miss
1521 http fetch GET 200 https://registry.npmjs.org/sqlite-vec-linux-x64 41ms (cache revalidated)
1522 silly packumentCache full:https://registry.npmjs.org/sqlite-vec-linux-x64 set size:103776 disposed:false
1523 silly fetch manifest sqlite-vec-darwin-x64@0.1.7-alpha.2
1524 silly packumentCache full:https://registry.npmjs.org/sqlite-vec-darwin-x64 cache-miss
1525 http fetch GET 200 https://registry.npmjs.org/sqlite-vec-darwin-x64 68ms (cache revalidated)
1526 silly packumentCache full:https://registry.npmjs.org/sqlite-vec-darwin-x64 set size:104282 disposed:false
1527 silly fetch manifest sqlite-vec-linux-arm64@0.1.7-alpha.2
1528 silly packumentCache full:https://registry.npmjs.org/sqlite-vec-linux-arm64 cache-miss
1529 http fetch GET 200 https://registry.npmjs.org/node-readable-to-web-readable-stream 297ms (cache revalidated)
1530 silly packumentCache full:https://registry.npmjs.org/node-readable-to-web-readable-stream set size:26065 disposed:false
1531 silly fetch manifest sqlite-vec-windows-x64@0.1.7-alpha.2
1532 silly packumentCache full:https://registry.npmjs.org/sqlite-vec-windows-x64 cache-miss
1533 http fetch GET 200 https://registry.npmjs.org/@node-llama-cpp%2fwin-arm64 1115ms (cache revalidated)
1534 silly packumentCache full:https://registry.npmjs.org/@node-llama-cpp%2fwin-arm64 set size:72185 disposed:false
1535 silly fetch manifest sqlite-vec-darwin-arm64@0.1.7-alpha.2
1536 silly packumentCache full:https://registry.npmjs.org/sqlite-vec-darwin-arm64 cache-miss
1537 http fetch GET 200 https://registry.npmjs.org/@node-llama-cpp%2flinux-x64 1122ms (cache revalidated)
1538 silly packumentCache full:https://registry.npmjs.org/@node-llama-cpp%2flinux-x64 set size:73963 disposed:false
1539 silly fetch manifest ansi-regex@^6.2.2
1540 silly packumentCache full:https://registry.npmjs.org/ansi-regex cache-miss
1541 http fetch GET 200 https://registry.npmjs.org/@node-llama-cpp%2flinux-x64-cuda 844ms (cache revalidated)
1542 silly packumentCache full:https://registry.npmjs.org/@node-llama-cpp%2flinux-x64-cuda set size:94323 disposed:false
1543 silly fetch manifest @isaacs/fs-minipass@^4.0.0
1544 silly packumentCache full:https://registry.npmjs.org/@isaacs%2ffs-minipass cache-miss
1545 http fetch GET 200 https://registry.npmjs.org/@node-llama-cpp%2fmac-arm64-metal 808ms (cache revalidated)
1546 silly packumentCache full:https://registry.npmjs.org/@node-llama-cpp%2fmac-arm64-metal set size:74379 disposed:false
1547 silly fetch manifest chownr@^3.0.0
1548 silly packumentCache full:https://registry.npmjs.org/chownr cache-miss
1549 http fetch GET 200 https://registry.npmjs.org/sqlite-vec-darwin-arm64 46ms (cache revalidated)
1550 silly packumentCache full:https://registry.npmjs.org/sqlite-vec-darwin-arm64 set size:105289 disposed:false
1551 silly fetch manifest minipass@^7.1.2
1552 silly packumentCache full:https://registry.npmjs.org/minipass cache-miss
1553 http fetch GET 200 https://registry.npmjs.org/@isaacs%2ffs-minipass 55ms (cache revalidated)
1554 silly packumentCache full:https://registry.npmjs.org/@isaacs%2ffs-minipass set size:7912 disposed:false
1555 silly fetch manifest minizlib@^3.1.0
1556 silly packumentCache full:https://registry.npmjs.org/minizlib cache-miss
1557 http fetch GET 200 https://registry.npmjs.org/chownr 40ms (cache revalidated)
1558 silly packumentCache full:https://registry.npmjs.org/chownr set size:22157 disposed:false
1559 silly fetch manifest yallist@^5.0.0
1560 silly packumentCache full:https://registry.npmjs.org/yallist cache-miss
1561 http fetch GET 200 https://registry.npmjs.org/minipass 53ms (cache revalidated)
1562 silly packumentCache full:https://registry.npmjs.org/minipass set size:276925 disposed:false
1563 http fetch GET 200 https://registry.npmjs.org/minizlib 57ms (cache revalidated)
1564 silly packumentCache full:https://registry.npmjs.org/minizlib set size:62862 disposed:false
1565 http fetch GET 200 https://registry.npmjs.org/yallist 52ms (cache revalidated)
1566 silly packumentCache full:https://registry.npmjs.org/yallist set size:34610 disposed:false
1567 http fetch GET 200 https://registry.npmjs.org/@node-llama-cpp%2fwin-x64-cuda 1123ms (cache revalidated)
1568 silly packumentCache full:https://registry.npmjs.org/@node-llama-cpp%2fwin-x64-cuda set size:92937 disposed:false
1569 http fetch GET 200 https://registry.npmjs.org/ansi-regex 294ms (cache revalidated)
1570 silly packumentCache full:https://registry.npmjs.org/ansi-regex set size:43572 disposed:false
1571 http fetch GET 200 https://registry.npmjs.org/sqlite-vec-linux-arm64 787ms (cache revalidated)
1572 silly packumentCache full:https://registry.npmjs.org/sqlite-vec-linux-arm64 set size:6132 disposed:false
1573 http fetch GET 200 https://registry.npmjs.org/sqlite-vec-windows-x64 838ms (cache revalidated)
1574 silly packumentCache full:https://registry.npmjs.org/sqlite-vec-windows-x64 set size:103083 disposed:false
1575 http fetch GET 200 https://registry.npmjs.org/@node-llama-cpp%2fwin-x64-cuda-ext 1367ms (cache revalidated)
1576 silly packumentCache full:https://registry.npmjs.org/@node-llama-cpp%2fwin-x64-cuda-ext set size:31621 disposed:false
1577 silly fetch manifest aws-crt@>=1.0.0
1578 silly packumentCache full:https://registry.npmjs.org/aws-crt cache-miss
1579 http fetch GET 200 https://registry.npmjs.org/aws-crt 48ms (cache revalidated)
1580 silly packumentCache full:https://registry.npmjs.org/aws-crt set size:474108 disposed:false
1581 silly placeDep node_modules/openclaw @aws-crypto/sha256-browser@5.2.0 OK for: @aws-sdk/client-bedrock@3.1000.0 want: 5.2.0
1582 silly placeDep node_modules/openclaw @aws-crypto/sha256-js@5.2.0 OK for: @aws-sdk/client-bedrock@3.1000.0 want: 5.2.0
1583 silly placeDep node_modules/openclaw @aws-sdk/core@3.973.15 OK for: @aws-sdk/client-bedrock@3.1000.0 want: ^3.973.15
1584 silly placeDep node_modules/openclaw @aws-sdk/credential-provider-node@3.972.14 OK for: @aws-sdk/client-bedrock@3.1000.0 want: ^3.972.14
1585 silly placeDep node_modules/openclaw @aws-sdk/middleware-host-header@3.972.6 OK for: @aws-sdk/client-bedrock@3.1000.0 want: ^3.972.6
1586 silly placeDep node_modules/openclaw @aws-sdk/middleware-logger@3.972.6 OK for: @aws-sdk/client-bedrock@3.1000.0 want: ^3.972.6
1587 silly placeDep node_modules/openclaw @aws-sdk/middleware-recursion-detection@3.972.6 OK for: @aws-sdk/client-bedrock@3.1000.0 want: ^3.972.6
1588 silly placeDep node_modules/openclaw @aws-sdk/middleware-user-agent@3.972.15 OK for: @aws-sdk/client-bedrock@3.1000.0 want: ^3.972.15
1589 silly placeDep node_modules/openclaw @aws-sdk/region-config-resolver@3.972.6 OK for: @aws-sdk/client-bedrock@3.1000.0 want: ^3.972.6
1590 silly placeDep node_modules/openclaw @aws-sdk/token-providers@3.1000.0 OK for: @aws-sdk/client-bedrock@3.1000.0 want: 3.1000.0
1591 silly placeDep node_modules/openclaw @aws-sdk/types@3.973.4 OK for: @aws-sdk/client-bedrock@3.1000.0 want: ^3.973.4
1592 silly placeDep node_modules/openclaw @aws-sdk/util-endpoints@3.996.3 OK for: @aws-sdk/client-bedrock@3.1000.0 want: ^3.996.3
1593 silly placeDep node_modules/openclaw @aws-sdk/util-user-agent-browser@3.972.6 OK for: @aws-sdk/client-bedrock@3.1000.0 want: ^3.972.6
1594 silly placeDep node_modules/openclaw @aws-sdk/util-user-agent-node@3.973.0 OK for: @aws-sdk/client-bedrock@3.1000.0 want: ^3.973.0
1595 silly placeDep node_modules/openclaw @smithy/config-resolver@4.4.9 OK for: @aws-sdk/client-bedrock@3.1000.0 want: ^4.4.9
1596 silly placeDep node_modules/openclaw @smithy/core@3.23.6 OK for: @aws-sdk/client-bedrock@3.1000.0 want: ^3.23.6
1597 silly placeDep node_modules/openclaw @smithy/fetch-http-handler@5.3.11 OK for: @aws-sdk/client-bedrock@3.1000.0 want: ^5.3.11
1598 silly placeDep node_modules/openclaw @smithy/hash-node@4.2.10 OK for: @aws-sdk/client-bedrock@3.1000.0 want: ^4.2.10
1599 silly placeDep node_modules/openclaw @smithy/invalid-dependency@4.2.10 OK for: @aws-sdk/client-bedrock@3.1000.0 want: ^4.2.10
1600 silly placeDep node_modules/openclaw @smithy/middleware-content-length@4.2.10 OK for: @aws-sdk/client-bedrock@3.1000.0 want: ^4.2.10
1601 silly placeDep node_modules/openclaw @smithy/middleware-endpoint@4.4.20 OK for: @aws-sdk/client-bedrock@3.1000.0 want: ^4.4.20
1602 silly placeDep node_modules/openclaw @smithy/middleware-retry@4.4.37 OK for: @aws-sdk/client-bedrock@3.1000.0 want: ^4.4.37
1603 silly placeDep node_modules/openclaw @smithy/middleware-serde@4.2.11 OK for: @aws-sdk/client-bedrock@3.1000.0 want: ^4.2.11
1604 silly placeDep node_modules/openclaw @smithy/middleware-stack@4.2.10 OK for: @aws-sdk/client-bedrock@3.1000.0 want: ^4.2.10
1605 silly placeDep node_modules/openclaw @smithy/node-config-provider@4.3.10 OK for: @aws-sdk/client-bedrock@3.1000.0 want: ^4.3.10
1606 silly placeDep node_modules/openclaw @smithy/node-http-handler@4.4.12 OK for: @aws-sdk/client-bedrock@3.1000.0 want: ^4.4.12
1607 silly placeDep node_modules/openclaw @smithy/protocol-http@5.3.10 OK for: @aws-sdk/client-bedrock@3.1000.0 want: ^5.3.10
1608 silly placeDep node_modules/openclaw @smithy/smithy-client@4.12.0 OK for: @aws-sdk/client-bedrock@3.1000.0 want: ^4.12.0
1609 silly placeDep node_modules/openclaw @smithy/types@4.13.0 OK for: @aws-sdk/client-bedrock@3.1000.0 want: ^4.13.0
1610 silly placeDep node_modules/openclaw @smithy/url-parser@4.2.10 OK for: @aws-sdk/client-bedrock@3.1000.0 want: ^4.2.10
1611 silly placeDep node_modules/openclaw @smithy/util-base64@4.3.1 OK for: @aws-sdk/client-bedrock@3.1000.0 want: ^4.3.1
1612 silly placeDep node_modules/openclaw @smithy/util-body-length-browser@4.2.1 OK for: @aws-sdk/client-bedrock@3.1000.0 want: ^4.2.1
1613 silly placeDep node_modules/openclaw @smithy/util-body-length-node@4.2.2 OK for: @aws-sdk/client-bedrock@3.1000.0 want: ^4.2.2
1614 silly placeDep node_modules/openclaw @smithy/util-defaults-mode-browser@4.3.36 OK for: @aws-sdk/client-bedrock@3.1000.0 want: ^4.3.36
1615 silly placeDep node_modules/openclaw @smithy/util-defaults-mode-node@4.2.39 OK for: @aws-sdk/client-bedrock@3.1000.0 want: ^4.2.39
1616 silly placeDep node_modules/openclaw @smithy/util-endpoints@3.3.1 OK for: @aws-sdk/client-bedrock@3.1000.0 want: ^3.3.1
1617 silly placeDep node_modules/openclaw @smithy/util-middleware@4.2.10 OK for: @aws-sdk/client-bedrock@3.1000.0 want: ^4.2.10
1618 silly placeDep node_modules/openclaw @smithy/util-retry@4.2.10 OK for: @aws-sdk/client-bedrock@3.1000.0 want: ^4.2.10
1619 silly placeDep node_modules/openclaw @smithy/util-utf8@4.2.1 OK for: @aws-sdk/client-bedrock@3.1000.0 want: ^4.2.1
1620 silly placeDep node_modules/openclaw tslib@2.8.1 OK for: @aws-sdk/client-bedrock@3.1000.0 want: ^2.6.2
1621 silly fetch manifest @aws-sdk/types@^3.222.0
1622 silly packumentCache full:https://registry.npmjs.org/@aws-sdk%2ftypes cache-hit
1623 silly fetch manifest @aws-crypto/util@^5.2.0
1624 silly packumentCache full:https://registry.npmjs.org/@aws-crypto%2futil cache-miss
1625 silly fetch manifest @smithy/util-utf8@^2.0.0
1626 silly packumentCache full:https://registry.npmjs.org/@smithy%2futil-utf8 cache-hit
1627 silly fetch manifest @aws-crypto/sha256-js@^5.2.0
1628 silly packumentCache full:https://registry.npmjs.org/@aws-crypto%2fsha256-js cache-hit
1629 silly fetch manifest @aws-sdk/util-locate-window@^3.0.0
1630 silly packumentCache full:https://registry.npmjs.org/@aws-sdk%2futil-locate-window cache-miss
1631 silly fetch manifest @aws-crypto/supports-web-crypto@^5.2.0
1632 silly packumentCache full:https://registry.npmjs.org/@aws-crypto%2fsupports-web-crypto cache-miss
1633 silly fetch manifest @aws-sdk/types@^3.222.0
1634 silly packumentCache full:https://registry.npmjs.org/@aws-sdk%2ftypes cache-hit
1635 silly fetch manifest @aws-crypto/util@^5.2.0
1636 silly packumentCache full:https://registry.npmjs.org/@aws-crypto%2futil cache-miss
1637 silly fetch manifest @aws-sdk/xml-builder@^3.972.8
1638 silly packumentCache full:https://registry.npmjs.org/@aws-sdk%2fxml-builder cache-miss
1639 silly fetch manifest @smithy/property-provider@^4.2.10
1640 silly packumentCache full:https://registry.npmjs.org/@smithy%2fproperty-provider cache-miss
1641 silly fetch manifest @smithy/signature-v4@^5.3.10
1642 silly packumentCache full:https://registry.npmjs.org/@smithy%2fsignature-v4 cache-miss
1643 silly fetch manifest @aws-sdk/credential-provider-env@^3.972.13
1644 silly packumentCache full:https://registry.npmjs.org/@aws-sdk%2fcredential-provider-env cache-miss
1645 silly fetch manifest @aws-sdk/credential-provider-http@^3.972.15
1646 silly packumentCache full:https://registry.npmjs.org/@aws-sdk%2fcredential-provider-http cache-miss
1647 http fetch GET 200 https://registry.npmjs.org/@aws-sdk%2futil-locate-window 60ms (cache revalidated)
1648 silly packumentCache full:https://registry.npmjs.org/@aws-sdk%2futil-locate-window set size:218534 disposed:false
1649 silly fetch manifest @aws-sdk/credential-provider-ini@^3.972.13
1650 silly packumentCache full:https://registry.npmjs.org/@aws-sdk%2fcredential-provider-ini cache-miss
1651 http fetch GET 200 https://registry.npmjs.org/@aws-sdk%2fcredential-provider-env 61ms (cache revalidated)
1652 silly packumentCache full:https://registry.npmjs.org/@aws-sdk%2fcredential-provider-env set size:811305 disposed:false
1653 silly fetch manifest @aws-sdk/credential-provider-process@^3.972.13
1654 silly packumentCache full:https://registry.npmjs.org/@aws-sdk%2fcredential-provider-process cache-miss
1655 http fetch GET 200 https://registry.npmjs.org/@aws-sdk%2fcredential-provider-ini 57ms (cache revalidated)
1656 silly packumentCache full:https://registry.npmjs.org/@aws-sdk%2fcredential-provider-ini set size:1672956 disposed:false
1657 silly fetch manifest @aws-sdk/credential-provider-sso@^3.972.13
1658 silly packumentCache full:https://registry.npmjs.org/@aws-sdk%2fcredential-provider-sso cache-miss
1659 http fetch GET 200 https://registry.npmjs.org/@aws-sdk%2fcredential-provider-sso 66ms (cache revalidated)
1660 silly packumentCache full:https://registry.npmjs.org/@aws-sdk%2fcredential-provider-sso set size:1429846 disposed:false
1661 silly fetch manifest @aws-sdk/credential-provider-web-identity@^3.972.13
1662 silly packumentCache full:https://registry.npmjs.org/@aws-sdk%2fcredential-provider-web-identity cache-miss
1663 http fetch GET 200 https://registry.npmjs.org/@aws-sdk%2fcredential-provider-web-identity 54ms (cache revalidated)
1664 silly packumentCache full:https://registry.npmjs.org/@aws-sdk%2fcredential-provider-web-identity set size:867773 disposed:false
1665 silly fetch manifest @smithy/credential-provider-imds@^4.2.10
1666 silly packumentCache full:https://registry.npmjs.org/@smithy%2fcredential-provider-imds cache-miss
1667 http fetch GET 200 https://registry.npmjs.org/@smithy%2fcredential-provider-imds 54ms (cache revalidated)
1668 silly packumentCache full:https://registry.npmjs.org/@smithy%2fcredential-provider-imds set size:235737 disposed:false
1669 silly fetch manifest @smithy/property-provider@^4.2.10
1670 silly packumentCache full:https://registry.npmjs.org/@smithy%2fproperty-provider cache-miss
1671 http fetch GET 200 https://registry.npmjs.org/@aws-crypto%2fsupports-web-crypto 336ms (cache revalidated)
1672 silly packumentCache full:https://registry.npmjs.org/@aws-crypto%2fsupports-web-crypto set size:41745 disposed:false
1673 silly fetch manifest @smithy/shared-ini-file-loader@^4.4.5
1674 silly packumentCache full:https://registry.npmjs.org/@smithy%2fshared-ini-file-loader cache-miss
1675 http fetch GET 200 https://registry.npmjs.org/@aws-crypto%2futil 337ms (cache revalidated)
1676 silly packumentCache full:https://registry.npmjs.org/@aws-crypto%2futil set size:30876 disposed:false
1677 silly fetch manifest @aws/lambda-invoke-store@^0.2.2
1678 silly packumentCache full:https://registry.npmjs.org/@aws%2flambda-invoke-store cache-miss
1679 http fetch GET 200 https://registry.npmjs.org/@aws-crypto%2futil 349ms (cache revalidated)
1680 silly packumentCache full:https://registry.npmjs.org/@aws-crypto%2futil set size:30876 disposed:false
1681 silly packumentCache full:https://registry.npmjs.org/@aws-crypto%2futil dispose
1682 silly fetch manifest @aws-sdk/nested-clients@^3.996.3
1683 silly packumentCache full:https://registry.npmjs.org/@aws-sdk%2fnested-clients cache-miss
1684 http fetch GET 200 https://registry.npmjs.org/@aws-sdk%2fxml-builder 347ms (cache revalidated)
1685 silly packumentCache full:https://registry.npmjs.org/@aws-sdk%2fxml-builder set size:307502 disposed:false
1686 silly fetch manifest @smithy/property-provider@^4.2.10
1687 silly packumentCache full:https://registry.npmjs.org/@smithy%2fproperty-provider cache-miss
1688 http fetch GET 200 https://registry.npmjs.org/@smithy%2fproperty-provider 355ms (cache revalidated)
1689 silly packumentCache full:https://registry.npmjs.org/@smithy%2fproperty-provider set size:186218 disposed:false
1690 silly fetch manifest @smithy/shared-ini-file-loader@^4.4.5
1691 silly packumentCache full:https://registry.npmjs.org/@smithy%2fshared-ini-file-loader cache-miss
1692 http fetch GET 200 https://registry.npmjs.org/@smithy%2fproperty-provider 58ms (cache revalidated)
1693 silly packumentCache full:https://registry.npmjs.org/@smithy%2fproperty-provider set size:186218 disposed:false
1694 silly packumentCache full:https://registry.npmjs.org/@smithy%2fproperty-provider dispose
1695 silly fetch manifest bowser@^2.11.0
1696 silly packumentCache full:https://registry.npmjs.org/bowser cache-miss
1697 http fetch GET 200 https://registry.npmjs.org/@aws-sdk%2fcredential-provider-http 379ms (cache revalidated)
1698 silly packumentCache full:https://registry.npmjs.org/@aws-sdk%2fcredential-provider-http set size:475861 disposed:false
1699 silly fetch manifest @smithy/util-config-provider@^4.2.1
1700 silly packumentCache full:https://registry.npmjs.org/@smithy%2futil-config-provider cache-miss
1701 http fetch GET 200 https://registry.npmjs.org/@aws-sdk%2fcredential-provider-process 332ms (cache revalidated)
1702 silly packumentCache full:https://registry.npmjs.org/@aws-sdk%2fcredential-provider-process set size:887721 disposed:false
1703 silly fetch manifest @smithy/util-stream@^4.5.15
1704 silly packumentCache full:https://registry.npmjs.org/@smithy%2futil-stream cache-miss
1705 http fetch GET 200 https://registry.npmjs.org/@smithy%2fproperty-provider 56ms (cache revalidated)
1706 silly packumentCache full:https://registry.npmjs.org/@smithy%2fproperty-provider set size:186218 disposed:true
1707 silly packumentCache full:https://registry.npmjs.org/@smithy%2fproperty-provider dispose
1708 silly fetch manifest @smithy/uuid@^1.1.1
1709 silly packumentCache full:https://registry.npmjs.org/@smithy%2fuuid cache-miss
1710 http fetch GET 200 https://registry.npmjs.org/bowser 40ms (cache revalidated)
1711 silly packumentCache full:https://registry.npmjs.org/bowser set size:197673 disposed:false
1712 silly fetch manifest @smithy/querystring-builder@^4.2.10
1713 silly packumentCache full:https://registry.npmjs.org/@smithy%2fquerystring-builder cache-miss
1714 http fetch GET 200 https://registry.npmjs.org/@aws-sdk%2fnested-clients 69ms (cache revalidated)
1715 silly packumentCache full:https://registry.npmjs.org/@aws-sdk%2fnested-clients set size:618990 disposed:false
1716 silly fetch manifest @smithy/util-buffer-from@^4.2.1
1717 silly packumentCache full:https://registry.npmjs.org/@smithy%2futil-buffer-from cache-miss
1718 http fetch GET 200 https://registry.npmjs.org/@smithy%2futil-config-provider 67ms (cache revalidated)
1719 silly packumentCache full:https://registry.npmjs.org/@smithy%2futil-config-provider set size:41038 disposed:false
1720 silly fetch manifest @smithy/shared-ini-file-loader@^4.4.5
1721 silly packumentCache full:https://registry.npmjs.org/@smithy%2fshared-ini-file-loader cache-miss
1722 http fetch GET 200 https://registry.npmjs.org/@smithy%2fuuid 60ms (cache revalidated)
1723 silly packumentCache full:https://registry.npmjs.org/@smithy%2fuuid set size:10090 disposed:false
1724 silly fetch manifest @smithy/service-error-classification@^4.2.10
1725 silly packumentCache full:https://registry.npmjs.org/@smithy%2fservice-error-classification cache-miss
1726 http fetch GET 200 https://registry.npmjs.org/@smithy%2futil-stream 64ms (cache revalidated)
1727 silly packumentCache full:https://registry.npmjs.org/@smithy%2futil-stream set size:416650 disposed:false
1728 silly fetch manifest @smithy/shared-ini-file-loader@^4.4.5
1729 silly packumentCache full:https://registry.npmjs.org/@smithy%2fshared-ini-file-loader cache-miss
1730 http fetch GET 200 https://registry.npmjs.org/@smithy%2fservice-error-classification 58ms (cache revalidated)
1731 silly packumentCache full:https://registry.npmjs.org/@smithy%2fservice-error-classification set size:172529 disposed:false
1732 silly fetch manifest @smithy/abort-controller@^4.2.10
1733 silly packumentCache full:https://registry.npmjs.org/@smithy%2fabort-controller cache-miss
1734 http fetch GET 200 https://registry.npmjs.org/@smithy%2fsignature-v4 599ms (cache revalidated)
1735 silly packumentCache full:https://registry.npmjs.org/@smithy%2fsignature-v4 set size:216346 disposed:false
1736 silly fetch manifest @smithy/querystring-builder@^4.2.10
1737 silly packumentCache full:https://registry.npmjs.org/@smithy%2fquerystring-builder cache-miss
1738 http fetch GET 200 https://registry.npmjs.org/@aws%2flambda-invoke-store 330ms (cache revalidated)
1739 silly packumentCache full:https://registry.npmjs.org/@aws%2flambda-invoke-store set size:35903 disposed:false
1740 silly fetch manifest @smithy/querystring-parser@^4.2.10
1741 silly packumentCache full:https://registry.npmjs.org/@smithy%2fquerystring-parser cache-miss
1742 http fetch GET 200 https://registry.npmjs.org/@smithy%2fshared-ini-file-loader 238ms (cache revalidated)
1743 silly packumentCache full:https://registry.npmjs.org/@smithy%2fshared-ini-file-loader set size:232466 disposed:false
1744 silly fetch manifest @smithy/util-buffer-from@^4.2.1
1745 silly packumentCache full:https://registry.npmjs.org/@smithy%2futil-buffer-from cache-miss
1746 http fetch GET 200 https://registry.npmjs.org/@smithy%2fshared-ini-file-loader 265ms (cache revalidated)
1747 silly packumentCache full:https://registry.npmjs.org/@smithy%2fshared-ini-file-loader set size:232466 disposed:false
1748 silly packumentCache full:https://registry.npmjs.org/@smithy%2fshared-ini-file-loader dispose
1749 silly fetch manifest @smithy/util-buffer-from@^4.2.1
1750 silly packumentCache full:https://registry.npmjs.org/@smithy%2futil-buffer-from cache-miss
1751 http fetch GET 200 https://registry.npmjs.org/@smithy%2fshared-ini-file-loader 365ms (cache revalidated)
1752 silly packumentCache full:https://registry.npmjs.org/@smithy%2fshared-ini-file-loader set size:232466 disposed:true
1753 silly packumentCache full:https://registry.npmjs.org/@smithy%2fshared-ini-file-loader dispose
1754 http fetch GET 200 https://registry.npmjs.org/@smithy%2fshared-ini-file-loader 391ms (cache revalidated)
1755 silly packumentCache full:https://registry.npmjs.org/@smithy%2fshared-ini-file-loader set size:232466 disposed:true
1756 silly packumentCache full:https://registry.npmjs.org/@smithy%2fshared-ini-file-loader dispose
1757 http fetch GET 200 https://registry.npmjs.org/@smithy%2fquerystring-builder 149ms (cache revalidated)
1758 silly packumentCache full:https://registry.npmjs.org/@smithy%2fquerystring-builder set size:182157 disposed:false
1759 http fetch GET 200 https://registry.npmjs.org/@smithy%2futil-buffer-from 340ms (cache revalidated)
1760 silly packumentCache full:https://registry.npmjs.org/@smithy%2futil-buffer-from set size:41115 disposed:false
1761 http fetch GET 200 https://registry.npmjs.org/@smithy%2fquerystring-builder 348ms (cache revalidated)
1762 silly packumentCache full:https://registry.npmjs.org/@smithy%2fquerystring-builder set size:182157 disposed:false
1763 silly packumentCache full:https://registry.npmjs.org/@smithy%2fquerystring-builder dispose
1764 http fetch GET 200 https://registry.npmjs.org/@smithy%2futil-buffer-from 72ms (cache revalidated)
1765 silly packumentCache full:https://registry.npmjs.org/@smithy%2futil-buffer-from set size:41115 disposed:false
1766 silly packumentCache full:https://registry.npmjs.org/@smithy%2futil-buffer-from dispose
1767 http fetch GET 200 https://registry.npmjs.org/@smithy%2futil-buffer-from 65ms (cache revalidated)
1768 silly packumentCache full:https://registry.npmjs.org/@smithy%2futil-buffer-from set size:41115 disposed:true
1769 silly packumentCache full:https://registry.npmjs.org/@smithy%2futil-buffer-from dispose
1770 http fetch GET 200 https://registry.npmjs.org/@smithy%2fabort-controller 332ms (cache revalidated)
1771 silly packumentCache full:https://registry.npmjs.org/@smithy%2fabort-controller set size:168950 disposed:false
1772 http fetch GET 200 https://registry.npmjs.org/@smithy%2fquerystring-parser 348ms (cache revalidated)
1773 silly packumentCache full:https://registry.npmjs.org/@smithy%2fquerystring-parser set size:180696 disposed:false
1774 silly placeDep node_modules/openclaw @aws-crypto/supports-web-crypto@5.2.0 OK for: @aws-crypto/sha256-browser@5.2.0 want: ^5.2.0
1775 silly placeDep node_modules/openclaw @aws-crypto/util@5.2.0 OK for: @aws-crypto/sha256-browser@5.2.0 want: ^5.2.0
1776 silly placeDep node_modules/openclaw @aws-sdk/util-locate-window@3.965.4 OK for: @aws-crypto/sha256-browser@5.2.0 want: ^3.0.0
1777 silly placeDep node_modules/openclaw/node_modules/@aws-crypto/sha256-browser @smithy/util-utf8@2.3.0 OK for: @aws-crypto/sha256-browser@5.2.0 want: ^2.0.0
1778 silly fetch manifest @smithy/util-buffer-from@^2.2.0
1779 silly packumentCache full:https://registry.npmjs.org/@smithy%2futil-buffer-from cache-hit
1780 silly placeDep node_modules/openclaw/node_modules/@aws-crypto/util @smithy/util-utf8@2.3.0 OK for: @aws-crypto/util@5.2.0 want: ^2.0.0
1781 silly placeDep node_modules/openclaw @aws-sdk/xml-builder@3.972.8 OK for: @aws-sdk/core@3.973.15 want: ^3.972.8
1782 silly placeDep node_modules/openclaw @smithy/property-provider@4.2.10 OK for: @aws-sdk/core@3.973.15 want: ^4.2.10
1783 silly placeDep node_modules/openclaw @smithy/signature-v4@5.3.10 OK for: @aws-sdk/core@3.973.15 want: ^5.3.10
1784 silly fetch manifest fast-xml-parser@5.3.6
1785 silly packumentCache full:https://registry.npmjs.org/fast-xml-parser cache-miss
1786 silly fetch manifest @smithy/is-array-buffer@^4.2.1
1787 silly packumentCache full:https://registry.npmjs.org/@smithy%2fis-array-buffer cache-miss
1788 silly fetch manifest @smithy/util-hex-encoding@^4.2.1
1789 silly packumentCache full:https://registry.npmjs.org/@smithy%2futil-hex-encoding cache-miss
1790 silly fetch manifest @smithy/util-uri-escape@^4.2.1
1791 silly packumentCache full:https://registry.npmjs.org/@smithy%2futil-uri-escape cache-miss
1792 http fetch GET 200 https://registry.npmjs.org/fast-xml-parser 49ms (cache revalidated)
1793 silly packumentCache full:https://registry.npmjs.org/fast-xml-parser set size:535807 disposed:false
1794 http fetch GET 200 https://registry.npmjs.org/@smithy%2futil-hex-encoding 333ms (cache revalidated)
1795 silly packumentCache full:https://registry.npmjs.org/@smithy%2futil-hex-encoding set size:37700 disposed:false
1796 http fetch GET 200 https://registry.npmjs.org/@smithy%2futil-uri-escape 341ms (cache revalidated)
1797 silly packumentCache full:https://registry.npmjs.org/@smithy%2futil-uri-escape set size:40225 disposed:false
1798 http fetch GET 200 https://registry.npmjs.org/@smithy%2fis-array-buffer 352ms (cache revalidated)
1799 silly packumentCache full:https://registry.npmjs.org/@smithy%2fis-array-buffer set size:37570 disposed:false
1800 silly placeDep node_modules/openclaw @aws-sdk/credential-provider-env@3.972.13 OK for: @aws-sdk/credential-provider-node@3.972.14 want: ^3.972.13
1801 silly placeDep node_modules/openclaw @aws-sdk/credential-provider-http@3.972.15 OK for: @aws-sdk/credential-provider-node@3.972.14 want: ^3.972.15
1802 silly placeDep node_modules/openclaw @aws-sdk/credential-provider-ini@3.972.13 OK for: @aws-sdk/credential-provider-node@3.972.14 want: ^3.972.13
1803 silly placeDep node_modules/openclaw @aws-sdk/credential-provider-process@3.972.13 OK for: @aws-sdk/credential-provider-node@3.972.14 want: ^3.972.13
1804 silly placeDep node_modules/openclaw @aws-sdk/credential-provider-sso@3.972.13 OK for: @aws-sdk/credential-provider-node@3.972.14 want: ^3.972.13
1805 silly placeDep node_modules/openclaw @aws-sdk/credential-provider-web-identity@3.972.13 OK for: @aws-sdk/credential-provider-node@3.972.14 want: ^3.972.13
1806 silly placeDep node_modules/openclaw @smithy/credential-provider-imds@4.2.10 OK for: @aws-sdk/credential-provider-node@3.972.14 want: ^4.2.10
1807 silly placeDep node_modules/openclaw @smithy/shared-ini-file-loader@4.4.5 OK for: @aws-sdk/credential-provider-node@3.972.14 want: ^4.4.5
1808 silly fetch manifest @aws-sdk/credential-provider-login@^3.972.13
1809 silly packumentCache full:https://registry.npmjs.org/@aws-sdk%2fcredential-provider-login cache-miss
1810 silly fetch manifest @aws-sdk/token-providers@3.999.0
1811 silly packumentCache full:https://registry.npmjs.org/@aws-sdk%2ftoken-providers cache-miss
1812 http cache https://registry.npmjs.org/@aws-sdk%2ftoken-providers 5ms (cache hit)
1813 silly packumentCache full:https://registry.npmjs.org/@aws-sdk%2ftoken-providers set size:1046641 disposed:false
1814 http fetch GET 200 https://registry.npmjs.org/@aws-sdk%2fcredential-provider-login 317ms (cache revalidated)
1815 silly packumentCache full:https://registry.npmjs.org/@aws-sdk%2fcredential-provider-login set size:106162 disposed:false
1816 silly placeDep node_modules/openclaw @smithy/util-stream@4.5.15 OK for: @aws-sdk/credential-provider-http@3.972.15 want: ^4.5.15
1817 silly placeDep node_modules/openclaw @aws-sdk/credential-provider-login@3.972.13 OK for: @aws-sdk/credential-provider-ini@3.972.13 want: ^3.972.13
1818 silly placeDep node_modules/openclaw @aws-sdk/nested-clients@3.996.3 OK for: @aws-sdk/credential-provider-ini@3.972.13 want: ^3.996.3
1819 silly placeDep node_modules/openclaw/node_modules/@aws-sdk/credential-provider-sso @aws-sdk/token-providers@3.999.0 OK for: @aws-sdk/credential-provider-sso@3.972.13 want: 3.999.0
1820 silly placeDep node_modules/openclaw @aws/lambda-invoke-store@0.2.3 OK for: @aws-sdk/middleware-recursion-detection@3.972.6 want: ^0.2.2
1821 silly placeDep node_modules/openclaw bowser@2.14.1 OK for: @aws-sdk/util-user-agent-browser@3.972.6 want: ^2.11.0
1822 silly placeDep node_modules/openclaw fast-xml-parser@5.3.6 OK for: @aws-sdk/xml-builder@3.972.8 want: 5.3.6
1823 silly fetch manifest strnum@^2.1.2
1824 silly packumentCache full:https://registry.npmjs.org/strnum cache-miss
1825 http fetch GET 200 https://registry.npmjs.org/strnum 45ms (cache revalidated)
1826 silly packumentCache full:https://registry.npmjs.org/strnum set size:36552 disposed:false
1827 silly fetch manifest hono@^4
1828 silly packumentCache full:https://registry.npmjs.org/hono cache-miss
1829 http fetch GET 200 https://registry.npmjs.org/hono 54ms (cache revalidated)
1830 silly packumentCache full:https://registry.npmjs.org/hono set size:5409518 disposed:false
1831 silly placeDep node_modules/openclaw @cloudflare/workers-types@4.20260120.0 OK for: @buape/carbon@0.0.0-beta-20260216184201 want: 4.20260120.0
1832 silly placeDep node_modules/openclaw @hono/node-server@1.19.9 OK for: @buape/carbon@0.0.0-beta-20260216184201 want: 1.19.9
1833 silly placeDep node_modules/openclaw hono@4.12.3 OK for: @hono/node-server@1.19.9 want: ^4
1834 silly placeDep node_modules/openclaw @types/bun@1.3.9 OK for: @buape/carbon@0.0.0-beta-20260216184201 want: 1.3.9
1835 silly placeDep node_modules/openclaw @types/node@25.3.3 OK for: @buape/carbon@0.0.0-beta-20260216184201 want: ^25.0.9
1836 silly placeDep node_modules/openclaw @types/ws@8.18.1 OK for: @buape/carbon@0.0.0-beta-20260216184201 want: 8.18.1
1837 silly placeDep node_modules/openclaw/node_modules/@buape/carbon discord-api-types@0.38.37 OK for: @buape/carbon@0.0.0-beta-20260216184201 want: 0.38.37
1838 silly fetch manifest bun-types@1.3.9
1839 silly packumentCache full:https://registry.npmjs.org/bun-types cache-miss
1840 silly fetch manifest undici-types@~7.18.0
1841 silly packumentCache full:https://registry.npmjs.org/undici-types cache-miss
1842 http fetch GET 200 https://registry.npmjs.org/undici-types 45ms (cache revalidated)
1843 silly packumentCache full:https://registry.npmjs.org/undici-types set size:171546 disposed:false
1844 http fetch GET 200 https://registry.npmjs.org/bun-types 59ms (cache revalidated)
1845 silly packumentCache full:https://registry.npmjs.org/bun-types set size:2297243 disposed:false
1846 silly placeDep node_modules/openclaw @clack/core@1.0.1 OK for: @clack/prompts@1.0.1 want: 1.0.1
1847 silly placeDep node_modules/openclaw picocolors@1.1.1 OK for: @clack/prompts@1.0.1 want: ^1.0.0
1848 silly placeDep node_modules/openclaw sisteransi@1.0.5 OK for: @clack/prompts@1.0.1 want: ^1.0.5
1849 silly placeDep node_modules/openclaw @discordjs/node-pre-gyp@0.4.5 OK for: @discordjs/opus@0.10.0 want: ^0.4.5
1850 silly placeDep node_modules/openclaw node-addon-api@8.6.0 OK for: @discordjs/opus@0.10.0 want: ^8.1.0
1851 silly fetch manifest detect-libc@^2.0.0
1852 silly packumentCache full:https://registry.npmjs.org/detect-libc cache-hit
1853 silly fetch manifest https-proxy-agent@^5.0.0
1854 silly packumentCache full:https://registry.npmjs.org/https-proxy-agent cache-hit
1855 silly fetch manifest make-dir@^3.1.0
1856 silly packumentCache full:https://registry.npmjs.org/make-dir cache-miss
1857 silly fetch manifest node-fetch@^2.6.7
1858 silly packumentCache full:https://registry.npmjs.org/node-fetch cache-hit
1859 silly fetch manifest nopt@^5.0.0
1860 silly packumentCache full:https://registry.npmjs.org/nopt cache-miss
1861 silly fetch manifest npmlog@^5.0.1
1862 silly packumentCache full:https://registry.npmjs.org/npmlog cache-miss
1863 silly fetch manifest rimraf@^3.0.2
1864 silly packumentCache full:https://registry.npmjs.org/rimraf cache-hit
1865 silly fetch manifest semver@^7.3.5
1866 silly packumentCache full:https://registry.npmjs.org/semver cache-hit
1867 silly fetch manifest tar@^6.1.11
1868 silly packumentCache full:https://registry.npmjs.org/tar cache-hit
1869 http fetch GET 200 https://registry.npmjs.org/npmlog 58ms (cache revalidated)
1870 silly packumentCache full:https://registry.npmjs.org/npmlog set size:68119 disposed:false
1871 http fetch GET 200 https://registry.npmjs.org/nopt 59ms (cache revalidated)
1872 silly packumentCache full:https://registry.npmjs.org/nopt set size:71592 disposed:false
1873 http fetch GET 200 https://registry.npmjs.org/make-dir 60ms (cache revalidated)
1874 silly packumentCache full:https://registry.npmjs.org/make-dir set size:34889 disposed:false
1875 silly fetch manifest encoding@^0.1.0
1876 silly packumentCache full:https://registry.npmjs.org/encoding cache-miss
1877 http fetch GET 200 https://registry.npmjs.org/encoding 48ms (cache revalidated)
1878 silly packumentCache full:https://registry.npmjs.org/encoding set size:17833 disposed:false
1879 silly placeDep node_modules/openclaw detect-libc@2.1.2 OK for: @discordjs/node-pre-gyp@0.4.5 want: ^2.0.0
1880 silly placeDep node_modules/openclaw/node_modules/@discordjs/node-pre-gyp https-proxy-agent@5.0.1 OK for: @discordjs/node-pre-gyp@0.4.5 want: ^5.0.0
1881 silly placeDep node_modules/openclaw make-dir@3.1.0 OK for: @discordjs/node-pre-gyp@0.4.5 want: ^3.1.0
1882 silly placeDep node_modules/openclaw node-fetch@2.7.0 OK for: @discordjs/node-pre-gyp@0.4.5 want: ^2.6.7
1883 silly placeDep node_modules/openclaw nopt@5.0.0 OK for: @discordjs/node-pre-gyp@0.4.5 want: ^5.0.0
1884 silly placeDep node_modules/openclaw npmlog@5.0.1 OK for: @discordjs/node-pre-gyp@0.4.5 want: ^5.0.1
1885 silly placeDep node_modules/openclaw rimraf@3.0.2 OK for: @discordjs/node-pre-gyp@0.4.5 want: ^3.0.2
1886 silly placeDep node_modules/openclaw semver@7.7.4 OK for: @discordjs/node-pre-gyp@0.4.5 want: ^7.3.5
1887 silly placeDep node_modules/openclaw/node_modules/@discordjs/node-pre-gyp tar@6.2.1 OK for: @discordjs/node-pre-gyp@0.4.5 want: ^6.1.11
1888 silly fetch manifest agent-base@6
1889 silly packumentCache full:https://registry.npmjs.org/agent-base cache-hit
1890 silly fetch manifest semver@^6.0.0
1891 silly packumentCache full:https://registry.npmjs.org/semver cache-hit
1892 silly fetch manifest whatwg-url@^5.0.0
1893 silly packumentCache full:https://registry.npmjs.org/whatwg-url cache-miss
1894 silly fetch manifest abbrev@1
1895 silly packumentCache full:https://registry.npmjs.org/abbrev cache-miss
1896 silly fetch manifest gauge@^3.0.0
1897 silly packumentCache full:https://registry.npmjs.org/gauge cache-miss
1898 silly fetch manifest set-blocking@^2.0.0
1899 silly packumentCache full:https://registry.npmjs.org/set-blocking cache-miss
1900 silly fetch manifest are-we-there-yet@^2.0.0
1901 silly packumentCache full:https://registry.npmjs.org/are-we-there-yet cache-miss
1902 silly fetch manifest console-control-strings@^1.1.0
1903 silly packumentCache full:https://registry.npmjs.org/console-control-strings cache-miss
1904 silly fetch manifest glob@^7.1.3
1905 silly packumentCache full:https://registry.npmjs.org/glob cache-hit
1906 silly fetch manifest chownr@^2.0.0
1907 silly packumentCache full:https://registry.npmjs.org/chownr cache-hit
1908 silly fetch manifest mkdirp@^1.0.3
1909 silly packumentCache full:https://registry.npmjs.org/mkdirp cache-miss
1910 silly fetch manifest yallist@^4.0.0
1911 silly packumentCache full:https://registry.npmjs.org/yallist cache-hit
1912 silly fetch manifest minipass@^5.0.0
1913 silly packumentCache full:https://registry.npmjs.org/minipass cache-hit
1914 silly fetch manifest minizlib@^2.1.1
1915 silly packumentCache full:https://registry.npmjs.org/minizlib cache-hit
1916 silly fetch manifest fs-minipass@^2.0.0
1917 silly packumentCache full:https://registry.npmjs.org/fs-minipass cache-miss
1918 http fetch GET 200 https://registry.npmjs.org/abbrev 53ms (cache revalidated)
1919 silly packumentCache full:https://registry.npmjs.org/abbrev set size:21777 disposed:false
1920 http fetch GET 200 https://registry.npmjs.org/whatwg-url 54ms (cache revalidated)
1921 silly packumentCache full:https://registry.npmjs.org/whatwg-url set size:170765 disposed:false
1922 http fetch GET 200 https://registry.npmjs.org/mkdirp 51ms (cache revalidated)
1923 silly packumentCache full:https://registry.npmjs.org/mkdirp set size:116455 disposed:false
1924 http fetch GET 200 https://registry.npmjs.org/console-control-strings 56ms (cache revalidated)
1925 silly packumentCache full:https://registry.npmjs.org/console-control-strings set size:9235 disposed:false
1926 http fetch GET 200 https://registry.npmjs.org/set-blocking 58ms (cache revalidated)
1927 silly packumentCache full:https://registry.npmjs.org/set-blocking set size:5763 disposed:false
1928 http fetch GET 200 https://registry.npmjs.org/gauge 60ms (cache revalidated)
1929 silly packumentCache full:https://registry.npmjs.org/gauge set size:101042 disposed:false
1930 http fetch GET 200 https://registry.npmjs.org/fs-minipass 57ms (cache revalidated)
1931 silly packumentCache full:https://registry.npmjs.org/fs-minipass set size:44606 disposed:false
1932 http fetch GET 200 https://registry.npmjs.org/are-we-there-yet 64ms (cache revalidated)
1933 silly packumentCache full:https://registry.npmjs.org/are-we-there-yet set size:52315 disposed:false
1934 silly fetch manifest @discordjs/opus@>=0.8.0 <1.0.0
1935 silly packumentCache full:https://registry.npmjs.org/@discordjs%2fopus cache-hit
1936 silly fetch manifest ffmpeg-static@^5.0.2 || ^4.2.7 || ^3.0.0 || ^2.4.0
1937 silly packumentCache full:https://registry.npmjs.org/ffmpeg-static cache-miss
1938 http fetch GET 200 https://registry.npmjs.org/ffmpeg-static 46ms (cache revalidated)
1939 silly packumentCache full:https://registry.npmjs.org/ffmpeg-static set size:101147 disposed:false
1940 silly fetch manifest node-opus@^0.3.3
1941 silly packumentCache full:https://registry.npmjs.org/node-opus cache-miss
1942 http fetch GET 200 https://registry.npmjs.org/node-opus 44ms (cache revalidated)
1943 silly packumentCache full:https://registry.npmjs.org/node-opus set size:54788 disposed:false
1944 silly fetch manifest opusscript@^0.0.8
1945 silly packumentCache full:https://registry.npmjs.org/opusscript cache-hit
1946 silly placeDep node_modules/openclaw/node_modules/@discordjs/voice prism-media@1.3.5 OK for: @discordjs/voice@0.19.0 want: ^1.3.5
1947 silly placeDep node_modules/openclaw/node_modules/@discordjs/voice opusscript@0.0.8 OK for: prism-media@1.3.5 want: ^0.0.8
1948 silly placeDep node_modules/openclaw abort-controller@3.0.0 OK for: @grammyjs/runner@2.0.3 want: ^3.0.0
1949 silly fetch manifest event-target-shim@^5.0.0
1950 silly packumentCache full:https://registry.npmjs.org/event-target-shim cache-miss
1951 http fetch GET 200 https://registry.npmjs.org/event-target-shim 50ms (cache revalidated)
1952 silly packumentCache full:https://registry.npmjs.org/event-target-shim set size:103601 disposed:false
1953 silly placeDep node_modules/openclaw bottleneck@2.19.5 OK for: @grammyjs/transformer-throttler@1.2.1 want: ^2.0.0
1954 silly placeDep node_modules/openclaw debug@4.4.3 OK for: @homebridge/ciao@1.3.5 want: ^4.4.3
1955 silly placeDep node_modules/openclaw fast-deep-equal@3.1.3 OK for: @homebridge/ciao@1.3.5 want: ^3.1.3
1956 silly placeDep node_modules/openclaw source-map-support@0.5.21 OK for: @homebridge/ciao@1.3.5 want: ^0.5.21
1957 silly fetch manifest ms@^2.1.3
1958 silly packumentCache full:https://registry.npmjs.org/ms cache-miss
1959 silly fetch manifest buffer-from@^1.0.0
1960 silly packumentCache full:https://registry.npmjs.org/buffer-from cache-miss
1961 silly fetch manifest source-map@^0.6.0
1962 silly packumentCache full:https://registry.npmjs.org/source-map cache-miss
1963 http fetch GET 200 https://registry.npmjs.org/ms 42ms (cache revalidated)
1964 silly packumentCache full:https://registry.npmjs.org/ms set size:92208 disposed:false
1965 http fetch GET 200 https://registry.npmjs.org/buffer-from 49ms (cache revalidated)
1966 silly packumentCache full:https://registry.npmjs.org/buffer-from set size:15463 disposed:false
1967 http fetch GET 200 https://registry.npmjs.org/source-map 50ms (cache revalidated)
1968 silly packumentCache full:https://registry.npmjs.org/source-map set size:226141 disposed:false
1969 silly placeDep node_modules/openclaw axios@1.13.6 OK for: @larksuiteoapi/node-sdk@1.59.0 want: ~1.13.3
1970 silly placeDep node_modules/openclaw lodash.identity@3.0.0 OK for: @larksuiteoapi/node-sdk@1.59.0 want: ^3.0.0
1971 silly placeDep node_modules/openclaw lodash.merge@4.6.2 OK for: @larksuiteoapi/node-sdk@1.59.0 want: ^4.6.2
1972 silly placeDep node_modules/openclaw lodash.pickby@4.6.0 OK for: @larksuiteoapi/node-sdk@1.59.0 want: ^4.6.0
1973 silly placeDep node_modules/openclaw protobufjs@7.5.4 OK for: @larksuiteoapi/node-sdk@1.59.0 want: ^7.2.6
1974 silly placeDep node_modules/openclaw qs@6.15.0 OK for: @larksuiteoapi/node-sdk@1.59.0 want: ^6.14.2
1975 silly fetch manifest follow-redirects@^1.15.11
1976 silly packumentCache full:https://registry.npmjs.org/follow-redirects cache-miss
1977 silly fetch manifest form-data@^4.0.5
1978 silly packumentCache full:https://registry.npmjs.org/form-data cache-hit
1979 silly fetch manifest proxy-from-env@^1.1.0
1980 silly packumentCache full:https://registry.npmjs.org/proxy-from-env cache-miss
1981 silly fetch manifest @protobufjs/path@^1.1.2
1982 silly packumentCache full:https://registry.npmjs.org/@protobufjs%2fpath cache-miss
1983 silly fetch manifest @protobufjs/pool@^1.1.0
1984 silly packumentCache full:https://registry.npmjs.org/@protobufjs%2fpool cache-miss
1985 silly fetch manifest @protobufjs/utf8@^1.1.0
1986 silly packumentCache full:https://registry.npmjs.org/@protobufjs%2futf8 cache-miss
1987 silly fetch manifest @protobufjs/fetch@^1.1.0
1988 silly packumentCache full:https://registry.npmjs.org/@protobufjs%2ffetch cache-miss
1989 silly fetch manifest @protobufjs/float@^1.0.2
1990 silly packumentCache full:https://registry.npmjs.org/@protobufjs%2ffloat cache-miss
1991 silly fetch manifest @protobufjs/base64@^1.1.2
1992 silly packumentCache full:https://registry.npmjs.org/@protobufjs%2fbase64 cache-miss
1993 silly fetch manifest @protobufjs/codegen@^2.0.4
1994 silly packumentCache full:https://registry.npmjs.org/@protobufjs%2fcodegen cache-miss
1995 http fetch GET 200 https://registry.npmjs.org/proxy-from-env 46ms (cache revalidated)
1996 silly packumentCache full:https://registry.npmjs.org/proxy-from-env set size:18911 disposed:false
1997 silly fetch manifest @protobufjs/inquire@^1.1.0
1998 silly packumentCache full:https://registry.npmjs.org/@protobufjs%2finquire cache-miss
1999 http fetch GET 200 https://registry.npmjs.org/follow-redirects 48ms (cache revalidated)
2000 silly packumentCache full:https://registry.npmjs.org/follow-redirects set size:186700 disposed:false
2001 silly fetch manifest @protobufjs/aspromise@^1.1.2
2002 silly packumentCache full:https://registry.npmjs.org/@protobufjs%2faspromise cache-miss
2003 http fetch GET 200 https://registry.npmjs.org/@protobufjs%2fpool 57ms (cache revalidated)
2004 silly packumentCache full:https://registry.npmjs.org/@protobufjs%2fpool set size:10727 disposed:false
2005 silly fetch manifest @protobufjs/eventemitter@^1.1.0
2006 silly packumentCache full:https://registry.npmjs.org/@protobufjs%2feventemitter cache-miss
2007 http fetch GET 200 https://registry.npmjs.org/@protobufjs%2fbase64 58ms (cache revalidated)
2008 silly packumentCache full:https://registry.npmjs.org/@protobufjs%2fbase64 set size:14176 disposed:false
2009 silly fetch manifest side-channel@^1.1.0
2010 silly packumentCache full:https://registry.npmjs.org/side-channel cache-miss
2011 http fetch GET 200 https://registry.npmjs.org/@protobufjs%2ffloat 63ms (cache revalidated)
2012 silly packumentCache full:https://registry.npmjs.org/@protobufjs%2ffloat set size:9957 disposed:false
2013 http fetch GET 200 https://registry.npmjs.org/@protobufjs%2fcodegen 63ms (cache revalidated)
2014 silly packumentCache full:https://registry.npmjs.org/@protobufjs%2fcodegen set size:22005 disposed:false
2015 http fetch GET 200 https://registry.npmjs.org/@protobufjs%2ffetch 65ms (cache revalidated)
2016 silly packumentCache full:https://registry.npmjs.org/@protobufjs%2ffetch set size:10099 disposed:false
2017 http fetch GET 200 https://registry.npmjs.org/@protobufjs%2futf8 65ms (cache revalidated)
2018 silly packumentCache full:https://registry.npmjs.org/@protobufjs%2futf8 set size:13750 disposed:false
2019 http fetch GET 200 https://registry.npmjs.org/@protobufjs%2fpath 65ms (cache revalidated)
2020 silly packumentCache full:https://registry.npmjs.org/@protobufjs%2fpath set size:10241 disposed:false
2021 http fetch GET 200 https://registry.npmjs.org/@protobufjs%2feventemitter 60ms (cache revalidated)
2022 silly packumentCache full:https://registry.npmjs.org/@protobufjs%2feventemitter set size:11306 disposed:false
2023 http fetch GET 200 https://registry.npmjs.org/@protobufjs%2faspromise 67ms (cache revalidated)
2024 silly packumentCache full:https://registry.npmjs.org/@protobufjs%2faspromise set size:11438 disposed:false
2025 http fetch GET 200 https://registry.npmjs.org/@protobufjs%2finquire 72ms (cache revalidated)
2026 silly packumentCache full:https://registry.npmjs.org/@protobufjs%2finquire set size:6983 disposed:false
2027 http fetch GET 200 https://registry.npmjs.org/side-channel 65ms (cache revalidated)
2028 silly packumentCache full:https://registry.npmjs.org/side-channel set size:24660 disposed:false
2029 silly placeDep node_modules/openclaw/node_modules/@line/bot-sdk @types/node@24.11.0 OK for: @line/bot-sdk@10.6.0 want: ^24.0.0
2030 silly fetch manifest undici-types@~7.16.0
2031 silly packumentCache full:https://registry.npmjs.org/undici-types cache-hit
2032 silly placeDep node_modules/openclaw @lydell/node-pty-darwin-arm64@1.2.0-beta.3 OK for: @lydell/node-pty@1.2.0-beta.3 want: 1.2.0-beta.3
2033 silly placeDep node_modules/openclaw @lydell/node-pty-darwin-x64@1.2.0-beta.3 OK for: @lydell/node-pty@1.2.0-beta.3 want: 1.2.0-beta.3
2034 silly placeDep node_modules/openclaw @lydell/node-pty-linux-arm64@1.2.0-beta.3 OK for: @lydell/node-pty@1.2.0-beta.3 want: 1.2.0-beta.3
2035 silly placeDep node_modules/openclaw @lydell/node-pty-linux-x64@1.2.0-beta.3 OK for: @lydell/node-pty@1.2.0-beta.3 want: 1.2.0-beta.3
2036 silly placeDep node_modules/openclaw @lydell/node-pty-win32-arm64@1.2.0-beta.3 OK for: @lydell/node-pty@1.2.0-beta.3 want: 1.2.0-beta.3
2037 silly placeDep node_modules/openclaw @lydell/node-pty-win32-x64@1.2.0-beta.3 OK for: @lydell/node-pty@1.2.0-beta.3 want: 1.2.0-beta.3
2038 silly fetch manifest ws@^8.18.0
2039 silly packumentCache full:https://registry.npmjs.org/ws cache-hit
2040 silly fetch manifest zod@^3.25 || ^4.0
2041 silly packumentCache full:https://registry.npmjs.org/zod cache-miss
2042 http cache https://registry.npmjs.org/zod 7ms (cache hit)
2043 silly packumentCache full:https://registry.npmjs.org/zod set size:3489329 disposed:false
2044 silly fetch manifest @modelcontextprotocol/sdk@^1.25.2
2045 silly packumentCache full:https://registry.npmjs.org/@modelcontextprotocol%2fsdk cache-miss
2046 http fetch GET 200 https://registry.npmjs.org/@modelcontextprotocol%2fsdk 61ms (cache revalidated)
2047 silly packumentCache full:https://registry.npmjs.org/@modelcontextprotocol%2fsdk set size:268266 disposed:false
2048 silly fetch manifest @cfworker/json-schema@^4.1.1
2049 silly packumentCache full:https://registry.npmjs.org/@cfworker%2fjson-schema cache-miss
2050 http fetch GET 200 https://registry.npmjs.org/@cfworker%2fjson-schema 50ms (cache revalidated)
2051 silly packumentCache full:https://registry.npmjs.org/@cfworker%2fjson-schema set size:144207 disposed:false
2052 silly fetch manifest zod@^3.25.0 || ^4.0.0
2053 silly packumentCache full:https://registry.npmjs.org/zod cache-miss
2054 http cache https://registry.npmjs.org/zod 14ms (cache hit)
2055 silly packumentCache full:https://registry.npmjs.org/zod set size:3489329 disposed:false
2056 silly fetch manifest zod@^3.25 || ^4
2057 silly packumentCache full:https://registry.npmjs.org/zod cache-miss
2058 http cache https://registry.npmjs.org/zod 18ms (cache hit)
2059 silly packumentCache full:https://registry.npmjs.org/zod set size:3489329 disposed:false
2060 silly placeDep node_modules/openclaw @anthropic-ai/sdk@0.73.0 OK for: @mariozechner/pi-ai@0.55.3 want: ^0.73.0
2061 silly placeDep node_modules/openclaw @aws-sdk/client-bedrock-runtime@3.1000.0 OK for: @mariozechner/pi-ai@0.55.3 want: ^3.983.0
2062 silly placeDep node_modules/openclaw @google/genai@1.43.0 OK for: @mariozechner/pi-ai@0.55.3 want: ^1.40.0
2063 silly placeDep node_modules/openclaw @mistralai/mistralai@1.10.0 OK for: @mariozechner/pi-ai@0.55.3 want: 1.10.0
2064 silly placeDep node_modules/openclaw ajv-formats@3.0.1 OK for: @mariozechner/pi-ai@0.55.3 want: ^3.0.1
2065 silly placeDep node_modules/openclaw openai@6.10.0 OK for: @mariozechner/pi-ai@0.55.3 want: 6.10.0
2066 silly placeDep node_modules/openclaw partial-json@0.1.7 OK for: @mariozechner/pi-ai@0.55.3 want: ^0.1.7
2067 silly placeDep node_modules/openclaw proxy-agent@6.5.0 OK for: @mariozechner/pi-ai@0.55.3 want: ^6.5.0
2068 silly placeDep node_modules/openclaw zod-to-json-schema@3.25.1 OK for: @mariozechner/pi-ai@0.55.3 want: ^3.24.6
2069 silly fetch manifest json-schema-to-ts@^3.1.1
2070 silly packumentCache full:https://registry.npmjs.org/json-schema-to-ts cache-miss
2071 silly fetch manifest @aws-sdk/eventstream-handler-node@^3.972.9
2072 silly packumentCache full:https://registry.npmjs.org/@aws-sdk%2feventstream-handler-node cache-miss
2073 silly fetch manifest @aws-sdk/middleware-eventstream@^3.972.6
2074 silly packumentCache full:https://registry.npmjs.org/@aws-sdk%2fmiddleware-eventstream cache-miss
2075 silly fetch manifest @aws-sdk/middleware-websocket@^3.972.10
2076 silly packumentCache full:https://registry.npmjs.org/@aws-sdk%2fmiddleware-websocket cache-miss
2077 silly fetch manifest @smithy/eventstream-serde-browser@^4.2.10
2078 silly packumentCache full:https://registry.npmjs.org/@smithy%2feventstream-serde-browser cache-miss
2079 silly fetch manifest @smithy/eventstream-serde-config-resolver@^4.3.10
2080 silly packumentCache full:https://registry.npmjs.org/@smithy%2feventstream-serde-config-resolver cache-miss
2081 silly fetch manifest @smithy/eventstream-serde-node@^4.2.10
2082 silly packumentCache full:https://registry.npmjs.org/@smithy%2feventstream-serde-node cache-miss
2083 silly fetch manifest p-retry@^4.6.2
2084 silly packumentCache full:https://registry.npmjs.org/p-retry cache-hit
2085 silly fetch manifest zod@^3.20.0
2086 silly packumentCache full:https://registry.npmjs.org/zod cache-miss
2087 silly fetch manifest zod-to-json-schema@^3.24.1
2088 silly packumentCache full:https://registry.npmjs.org/zod-to-json-schema cache-hit
2089 silly fetch manifest http-proxy-agent@^7.0.1
2090 silly packumentCache full:https://registry.npmjs.org/http-proxy-agent cache-miss
2091 http cache https://registry.npmjs.org/zod 19ms (cache hit)
2092 silly packumentCache full:https://registry.npmjs.org/zod set size:3489329 disposed:false
2093 silly fetch manifest lru-cache@^7.14.1
2094 silly packumentCache full:https://registry.npmjs.org/lru-cache cache-hit
2095 silly fetch manifest pac-proxy-agent@^7.1.0
2096 silly packumentCache full:https://registry.npmjs.org/pac-proxy-agent cache-miss
2097 http fetch GET 200 https://registry.npmjs.org/http-proxy-agent 51ms (cache revalidated)
2098 silly packumentCache full:https://registry.npmjs.org/http-proxy-agent set size:50096 disposed:false
2099 silly fetch manifest socks-proxy-agent@^8.0.5
2100 silly packumentCache full:https://registry.npmjs.org/socks-proxy-agent cache-miss
2101 http fetch GET 200 https://registry.npmjs.org/json-schema-to-ts 58ms (cache revalidated)
2102 silly packumentCache full:https://registry.npmjs.org/json-schema-to-ts set size:287972 disposed:false
2103 http fetch GET 200 https://registry.npmjs.org/pac-proxy-agent 40ms (cache revalidated)
2104 silly packumentCache full:https://registry.npmjs.org/pac-proxy-agent set size:59229 disposed:false
2105 http fetch GET 200 https://registry.npmjs.org/@smithy%2feventstream-serde-config-resolver 74ms (cache revalidated)
2106 silly packumentCache full:https://registry.npmjs.org/@smithy%2feventstream-serde-config-resolver set size:189863 disposed:false
2107 http fetch GET 200 https://registry.npmjs.org/socks-proxy-agent 42ms (cache revalidated)
2108 silly packumentCache full:https://registry.npmjs.org/socks-proxy-agent set size:96838 disposed:false
2109 http fetch GET 200 https://registry.npmjs.org/@smithy%2feventstream-serde-node 859ms (cache revalidated)
2110 silly packumentCache full:https://registry.npmjs.org/@smithy%2feventstream-serde-node set size:191957 disposed:false
2111 http fetch GET 200 https://registry.npmjs.org/@smithy%2feventstream-serde-browser 868ms (cache revalidated)
2112 silly packumentCache full:https://registry.npmjs.org/@smithy%2feventstream-serde-browser set size:194898 disposed:false
2113 http fetch GET 200 https://registry.npmjs.org/@aws-sdk%2fmiddleware-websocket 1094ms (cache revalidated)
2114 silly packumentCache full:https://registry.npmjs.org/@aws-sdk%2fmiddleware-websocket set size:417955 disposed:false
2115 http fetch GET 200 https://registry.npmjs.org/@aws-sdk%2fmiddleware-eventstream 1116ms (cache revalidated)
2116 silly packumentCache full:https://registry.npmjs.org/@aws-sdk%2fmiddleware-eventstream set size:619631 disposed:false
2117 http fetch GET 200 https://registry.npmjs.org/@aws-sdk%2feventstream-handler-node 1129ms (cache revalidated)
2118 silly packumentCache full:https://registry.npmjs.org/@aws-sdk%2feventstream-handler-node set size:635372 disposed:false
2119 silly placeDep node_modules/openclaw json-schema-to-ts@3.1.1 OK for: @anthropic-ai/sdk@0.73.0 want: ^3.1.1
2120 silly fetch manifest @babel/runtime@^7.18.3
2121 silly packumentCache full:https://registry.npmjs.org/@babel%2fruntime cache-miss
2122 silly fetch manifest ts-algebra@^2.0.0
2123 silly packumentCache full:https://registry.npmjs.org/ts-algebra cache-miss
2124 http fetch GET 200 https://registry.npmjs.org/@babel%2fruntime 60ms (cache revalidated)
2125 silly packumentCache full:https://registry.npmjs.org/@babel%2fruntime set size:3322062 disposed:false
2126 http fetch GET 200 https://registry.npmjs.org/ts-algebra 796ms (cache revalidated)
2127 silly packumentCache full:https://registry.npmjs.org/ts-algebra set size:143978 disposed:false
2128 silly placeDep node_modules/openclaw @aws-sdk/eventstream-handler-node@3.972.9 OK for: @aws-sdk/client-bedrock-runtime@3.1000.0 want: ^3.972.9
2129 silly placeDep node_modules/openclaw @aws-sdk/middleware-eventstream@3.972.6 OK for: @aws-sdk/client-bedrock-runtime@3.1000.0 want: ^3.972.6
2130 silly placeDep node_modules/openclaw @aws-sdk/middleware-websocket@3.972.10 OK for: @aws-sdk/client-bedrock-runtime@3.1000.0 want: ^3.972.10
2131 silly placeDep node_modules/openclaw @smithy/eventstream-serde-browser@4.2.10 OK for: @aws-sdk/client-bedrock-runtime@3.1000.0 want: ^4.2.10
2132 silly placeDep node_modules/openclaw @smithy/eventstream-serde-config-resolver@4.3.10 OK for: @aws-sdk/client-bedrock-runtime@3.1000.0 want: ^4.3.10
2133 silly placeDep node_modules/openclaw @smithy/eventstream-serde-node@4.2.10 OK for: @aws-sdk/client-bedrock-runtime@3.1000.0 want: ^4.2.10
2134 silly fetch manifest @smithy/eventstream-codec@^4.2.10
2135 silly packumentCache full:https://registry.npmjs.org/@smithy%2feventstream-codec cache-miss
2136 silly fetch manifest @aws-sdk/util-format-url@^3.972.6
2137 silly packumentCache full:https://registry.npmjs.org/@aws-sdk%2futil-format-url cache-miss
2138 silly fetch manifest @smithy/eventstream-codec@^4.2.10
2139 silly packumentCache full:https://registry.npmjs.org/@smithy%2feventstream-codec cache-miss
2140 silly fetch manifest @smithy/eventstream-serde-universal@^4.2.10
2141 silly packumentCache full:https://registry.npmjs.org/@smithy%2feventstream-serde-universal cache-miss
2142 silly fetch manifest @smithy/eventstream-serde-universal@^4.2.10
2143 silly packumentCache full:https://registry.npmjs.org/@smithy%2feventstream-serde-universal cache-miss
2144 http fetch GET 200 https://registry.npmjs.org/@smithy%2feventstream-codec 1067ms (cache revalidated)
2145 silly packumentCache full:https://registry.npmjs.org/@smithy%2feventstream-codec set size:189526 disposed:false
2146 http fetch GET 200 https://registry.npmjs.org/@smithy%2feventstream-codec 1076ms (cache revalidated)
2147 silly packumentCache full:https://registry.npmjs.org/@smithy%2feventstream-codec set size:189526 disposed:false
2148 silly packumentCache full:https://registry.npmjs.org/@smithy%2feventstream-codec dispose
2149 http fetch GET 200 https://registry.npmjs.org/@aws-sdk%2futil-format-url 1150ms (cache revalidated)
2150 silly packumentCache full:https://registry.npmjs.org/@aws-sdk%2futil-format-url set size:611933 disposed:false
2151 http fetch GET 200 https://registry.npmjs.org/@smithy%2feventstream-serde-universal 1320ms (cache revalidated)
2152 silly packumentCache full:https://registry.npmjs.org/@smithy%2feventstream-serde-universal set size:197996 disposed:false
2153 http fetch GET 200 https://registry.npmjs.org/@smithy%2feventstream-serde-universal 1325ms (cache revalidated)
2154 silly packumentCache full:https://registry.npmjs.org/@smithy%2feventstream-serde-universal set size:197996 disposed:false
2155 silly packumentCache full:https://registry.npmjs.org/@smithy%2feventstream-serde-universal dispose
2156 silly placeDep node_modules/openclaw @smithy/eventstream-codec@4.2.10 OK for: @aws-sdk/eventstream-handler-node@3.972.9 want: ^4.2.10
2157 silly fetch manifest @aws-crypto/crc32@5.2.0
2158 silly packumentCache full:https://registry.npmjs.org/@aws-crypto%2fcrc32 cache-miss
2159 http fetch GET 200 https://registry.npmjs.org/@aws-crypto%2fcrc32 326ms (cache revalidated)
2160 silly packumentCache full:https://registry.npmjs.org/@aws-crypto%2fcrc32 set size:54461 disposed:false
2161 silly placeDep node_modules/openclaw @aws-sdk/util-format-url@3.972.6 OK for: @aws-sdk/middleware-websocket@3.972.10 want: ^3.972.6
2162 silly placeDep node_modules/openclaw @smithy/util-hex-encoding@4.2.1 OK for: @aws-sdk/middleware-websocket@3.972.10 want: ^4.2.1
2163 silly placeDep node_modules/openclaw @smithy/querystring-builder@4.2.10 OK for: @aws-sdk/util-format-url@3.972.6 want: ^4.2.10
2164 silly placeDep node_modules/openclaw p-retry@4.6.2 OK for: @google/genai@1.43.0 want: ^4.6.2
2165 silly placeDep node_modules/openclaw @mariozechner/clipboard@0.3.2 OK for: @mariozechner/pi-coding-agent@0.55.3 want: ^0.3.2
2166 silly placeDep node_modules/openclaw @mariozechner/jiti@2.6.5 OK for: @mariozechner/pi-coding-agent@0.55.3 want: ^2.6.2
2167 silly placeDep node_modules/openclaw @silvia-odwyer/photon-node@0.3.4 OK for: @mariozechner/pi-coding-agent@0.55.3 want: ^0.3.4
2168 silly placeDep node_modules/openclaw diff@8.0.3 OK for: @mariozechner/pi-coding-agent@0.55.3 want: ^8.0.2
2169 silly placeDep node_modules/openclaw extract-zip@2.0.1 OK for: @mariozechner/pi-coding-agent@0.55.3 want: ^2.0.1
2170 silly placeDep node_modules/openclaw glob@13.0.6 OK for: @mariozechner/pi-coding-agent@0.55.3 want: ^13.0.1
2171 silly placeDep node_modules/openclaw hosted-git-info@9.0.2 OK for: @mariozechner/pi-coding-agent@0.55.3 want: ^9.0.2
2172 silly placeDep node_modules/openclaw ignore@7.0.5 OK for: @mariozechner/pi-coding-agent@0.55.3 want: ^7.0.5
2173 silly placeDep node_modules/openclaw marked@15.0.12 OK for: @mariozechner/pi-coding-agent@0.55.3 want: ^15.0.12
2174 silly placeDep node_modules/openclaw minimatch@10.2.4 OK for: @mariozechner/pi-coding-agent@0.55.3 want: ^10.2.3
2175 silly placeDep node_modules/openclaw proper-lockfile@4.1.2 OK for: @mariozechner/pi-coding-agent@0.55.3 want: ^4.1.2
2176 silly fetch manifest @mariozechner/clipboard-win32-x64-msvc@0.3.2
2177 silly packumentCache full:https://registry.npmjs.org/@mariozechner%2fclipboard-win32-x64-msvc cache-miss
2178 silly fetch manifest @mariozechner/clipboard-darwin-x64@0.3.2
2179 silly packumentCache full:https://registry.npmjs.org/@mariozechner%2fclipboard-darwin-x64 cache-miss
2180 silly fetch manifest @mariozechner/clipboard-linux-x64-gnu@0.3.2
2181 silly packumentCache full:https://registry.npmjs.org/@mariozechner%2fclipboard-linux-x64-gnu cache-miss
2182 silly fetch manifest @mariozechner/clipboard-darwin-arm64@0.3.2
2183 silly packumentCache full:https://registry.npmjs.org/@mariozechner%2fclipboard-darwin-arm64 cache-miss
2184 silly fetch manifest @mariozechner/clipboard-linux-arm64-gnu@0.3.2
2185 silly packumentCache full:https://registry.npmjs.org/@mariozechner%2fclipboard-linux-arm64-gnu cache-miss
2186 silly fetch manifest @mariozechner/clipboard-linux-arm64-musl@0.3.2
2187 silly packumentCache full:https://registry.npmjs.org/@mariozechner%2fclipboard-linux-arm64-musl cache-miss
2188 silly fetch manifest @mariozechner/clipboard-win32-arm64-msvc@0.3.2
2189 silly packumentCache full:https://registry.npmjs.org/@mariozechner%2fclipboard-win32-arm64-msvc cache-miss
2190 silly fetch manifest @mariozechner/clipboard-darwin-universal@0.3.2
2191 silly packumentCache full:https://registry.npmjs.org/@mariozechner%2fclipboard-darwin-universal cache-miss
2192 silly fetch manifest @mariozechner/clipboard-linux-riscv64-gnu@0.3.2
2193 silly packumentCache full:https://registry.npmjs.org/@mariozechner%2fclipboard-linux-riscv64-gnu cache-miss
2194 http fetch GET 200 https://registry.npmjs.org/@mariozechner%2fclipboard-win32-x64-msvc 327ms (cache revalidated)
2195 silly packumentCache full:https://registry.npmjs.org/@mariozechner%2fclipboard-win32-x64-msvc set size:4193 disposed:false
2196 silly fetch manifest @mariozechner/clipboard-linux-x64-musl@0.3.2
2197 silly packumentCache full:https://registry.npmjs.org/@mariozechner%2fclipboard-linux-x64-musl cache-miss
2198 http fetch GET 200 https://registry.npmjs.org/@mariozechner%2fclipboard-linux-x64-musl 62ms (cache revalidated)
2199 silly packumentCache full:https://registry.npmjs.org/@mariozechner%2fclipboard-linux-x64-musl set size:4236 disposed:false
2200 silly fetch manifest std-env@^3.10.0
2201 silly packumentCache full:https://registry.npmjs.org/std-env cache-miss
2202 http fetch GET 200 https://registry.npmjs.org/std-env 47ms (cache revalidated)
2203 silly packumentCache full:https://registry.npmjs.org/std-env set size:84246 disposed:false
2204 silly fetch manifest yoctocolors@^2.1.2
2205 silly packumentCache full:https://registry.npmjs.org/yoctocolors cache-miss
2206 http fetch GET 200 https://registry.npmjs.org/yoctocolors 49ms (cache revalidated)
2207 silly packumentCache full:https://registry.npmjs.org/yoctocolors set size:25767 disposed:false
2208 silly fetch manifest get-stream@^5.1.0
2209 silly packumentCache full:https://registry.npmjs.org/get-stream cache-miss
2210 http fetch GET 200 https://registry.npmjs.org/get-stream 49ms (cache revalidated)
2211 silly packumentCache full:https://registry.npmjs.org/get-stream set size:57536 disposed:false
2212 silly fetch manifest yauzl@^2.10.0
2213 silly packumentCache full:https://registry.npmjs.org/yauzl cache-miss
2214 http fetch GET 200 https://registry.npmjs.org/@mariozechner%2fclipboard-linux-arm64-gnu 579ms (cache revalidated)
2215 silly packumentCache full:https://registry.npmjs.org/@mariozechner%2fclipboard-linux-arm64-gnu set size:4262 disposed:false
2216 silly fetch manifest @types/yauzl@^2.9.1
2217 silly packumentCache full:https://registry.npmjs.org/@types%2fyauzl cache-miss
2218 http fetch GET 200 https://registry.npmjs.org/@mariozechner%2fclipboard-darwin-universal 584ms (cache revalidated)
2219 silly packumentCache full:https://registry.npmjs.org/@mariozechner%2fclipboard-darwin-universal set size:4203 disposed:false
2220 silly fetch manifest minimatch@^10.2.2
2221 silly packumentCache full:https://registry.npmjs.org/minimatch cache-hit
2222 silly fetch manifest minipass@^7.1.3
2223 silly packumentCache full:https://registry.npmjs.org/minipass cache-hit
2224 silly fetch manifest path-scurry@^2.0.2
2225 silly packumentCache full:https://registry.npmjs.org/path-scurry cache-miss
2226 http fetch GET 200 https://registry.npmjs.org/@mariozechner%2fclipboard-darwin-x64 592ms (cache revalidated)
2227 silly packumentCache full:https://registry.npmjs.org/@mariozechner%2fclipboard-darwin-x64 set size:4115 disposed:false
2228 silly fetch manifest brace-expansion@^5.0.2
2229 silly packumentCache full:https://registry.npmjs.org/brace-expansion cache-miss
2230 http fetch GET 200 https://registry.npmjs.org/path-scurry 51ms (cache revalidated)
2231 silly packumentCache full:https://registry.npmjs.org/path-scurry set size:117612 disposed:false
2232 silly fetch manifest graceful-fs@^4.2.4
2233 silly packumentCache full:https://registry.npmjs.org/graceful-fs cache-miss
2234 http fetch GET 200 https://registry.npmjs.org/brace-expansion 55ms (cache revalidated)
2235 silly packumentCache full:https://registry.npmjs.org/brace-expansion set size:55744 disposed:false
2236 silly fetch manifest retry@^0.12.0
2237 silly packumentCache full:https://registry.npmjs.org/retry cache-hit
2238 silly fetch manifest signal-exit@^3.0.2
2239 silly packumentCache full:https://registry.npmjs.org/signal-exit cache-miss
2240 http fetch GET 200 https://registry.npmjs.org/@mariozechner%2fclipboard-darwin-arm64 701ms (cache revalidated)
2241 silly packumentCache full:https://registry.npmjs.org/@mariozechner%2fclipboard-darwin-arm64 set size:4160 disposed:false
2242 http fetch GET 200 https://registry.npmjs.org/signal-exit 50ms (cache revalidated)
2243 silly packumentCache full:https://registry.npmjs.org/signal-exit set size:53489 disposed:false
2244 http fetch GET 200 https://registry.npmjs.org/graceful-fs 62ms (cache revalidated)
2245 silly packumentCache full:https://registry.npmjs.org/graceful-fs set size:124285 disposed:false
2246 http fetch GET 200 https://registry.npmjs.org/@mariozechner%2fclipboard-win32-arm64-msvc 814ms (cache revalidated)
2247 silly packumentCache full:https://registry.npmjs.org/@mariozechner%2fclipboard-win32-arm64-msvc set size:4234 disposed:false
2248 http fetch GET 200 https://registry.npmjs.org/yauzl 293ms (cache revalidated)
2249 silly packumentCache full:https://registry.npmjs.org/yauzl set size:97051 disposed:false
2250 http fetch GET 200 https://registry.npmjs.org/@mariozechner%2fclipboard-linux-arm64-musl 1101ms (cache revalidated)
2251 silly packumentCache full:https://registry.npmjs.org/@mariozechner%2fclipboard-linux-arm64-musl set size:2252 disposed:false
2252 http fetch GET 200 https://registry.npmjs.org/@mariozechner%2fclipboard-linux-x64-gnu 1371ms (cache revalidated)
2253 silly packumentCache full:https://registry.npmjs.org/@mariozechner%2fclipboard-linux-x64-gnu set size:4220 disposed:false
2254 http fetch GET 200 https://registry.npmjs.org/@mariozechner%2fclipboard-linux-riscv64-gnu 1859ms (cache revalidated)
2255 silly packumentCache full:https://registry.npmjs.org/@mariozechner%2fclipboard-linux-riscv64-gnu set size:4307 disposed:false
2256 http fetch GET 200 https://registry.npmjs.org/@types%2fyauzl 1583ms (cache revalidated)
2257 silly packumentCache full:https://registry.npmjs.org/@types%2fyauzl set size:14128 disposed:false
2258 silly placeDep node_modules/openclaw @mariozechner/clipboard-darwin-arm64@0.3.2 OK for: @mariozechner/clipboard@0.3.2 want: 0.3.2
2259 silly placeDep node_modules/openclaw @mariozechner/clipboard-darwin-universal@0.3.2 OK for: @mariozechner/clipboard@0.3.2 want: 0.3.2
2260 silly placeDep node_modules/openclaw @mariozechner/clipboard-darwin-x64@0.3.2 OK for: @mariozechner/clipboard@0.3.2 want: 0.3.2
2261 silly placeDep node_modules/openclaw @mariozechner/clipboard-linux-arm64-gnu@0.3.2 OK for: @mariozechner/clipboard@0.3.2 want: 0.3.2
2262 silly placeDep node_modules/openclaw @mariozechner/clipboard-linux-arm64-musl@0.3.2 OK for: @mariozechner/clipboard@0.3.2 want: 0.3.2
2263 silly placeDep node_modules/openclaw @mariozechner/clipboard-linux-riscv64-gnu@0.3.2 OK for: @mariozechner/clipboard@0.3.2 want: 0.3.2
2264 silly placeDep node_modules/openclaw @mariozechner/clipboard-linux-x64-gnu@0.3.2 OK for: @mariozechner/clipboard@0.3.2 want: 0.3.2
2265 silly placeDep node_modules/openclaw @mariozechner/clipboard-linux-x64-musl@0.3.2 OK for: @mariozechner/clipboard@0.3.2 want: 0.3.2
2266 silly placeDep node_modules/openclaw @mariozechner/clipboard-win32-arm64-msvc@0.3.2 OK for: @mariozechner/clipboard@0.3.2 want: 0.3.2
2267 silly placeDep node_modules/openclaw @mariozechner/clipboard-win32-x64-msvc@0.3.2 OK for: @mariozechner/clipboard@0.3.2 want: 0.3.2
2268 silly placeDep node_modules/openclaw std-env@3.10.0 OK for: @mariozechner/jiti@2.6.5 want: ^3.10.0
2269 silly placeDep node_modules/openclaw yoctocolors@2.1.2 OK for: @mariozechner/jiti@2.6.5 want: ^2.1.2
2270 silly placeDep node_modules/openclaw @types/mime-types@2.1.4 OK for: @mariozechner/pi-tui@0.55.3 want: ^2.1.4
2271 silly placeDep node_modules/openclaw get-east-asian-width@1.5.0 OK for: @mariozechner/pi-tui@0.55.3 want: ^1.3.0
2272 silly placeDep node_modules/openclaw koffi@2.15.1 OK for: @mariozechner/pi-tui@0.55.3 want: ^2.9.0
2273 silly placeDep node_modules/openclaw mime-types@3.0.2 OK for: @mariozechner/pi-tui@0.55.3 want: ^3.0.1
2274 silly fetch manifest mime-db@^1.54.0
2275 silly packumentCache full:https://registry.npmjs.org/mime-db cache-miss
2276 http fetch GET 200 https://registry.npmjs.org/mime-db 46ms (cache revalidated)
2277 silly packumentCache full:https://registry.npmjs.org/mime-db set size:164953 disposed:false
2278 silly placeDep node_modules/openclaw/node_modules/@mistralai/mistralai zod@3.25.76 OK for: @mistralai/mistralai@1.10.0 want: ^3.20.0
2279 silly placeDep node_modules/openclaw @napi-rs/canvas-android-arm64@0.1.95 OK for: @napi-rs/canvas@0.1.95 want: 0.1.95
2280 silly placeDep node_modules/openclaw @napi-rs/canvas-darwin-arm64@0.1.95 OK for: @napi-rs/canvas@0.1.95 want: 0.1.95
2281 silly placeDep node_modules/openclaw @napi-rs/canvas-darwin-x64@0.1.95 OK for: @napi-rs/canvas@0.1.95 want: 0.1.95
2282 silly placeDep node_modules/openclaw @napi-rs/canvas-linux-arm-gnueabihf@0.1.95 OK for: @napi-rs/canvas@0.1.95 want: 0.1.95
2283 silly placeDep node_modules/openclaw @napi-rs/canvas-linux-arm64-gnu@0.1.95 OK for: @napi-rs/canvas@0.1.95 want: 0.1.95
2284 silly placeDep node_modules/openclaw @napi-rs/canvas-linux-arm64-musl@0.1.95 OK for: @napi-rs/canvas@0.1.95 want: 0.1.95
2285 silly placeDep node_modules/openclaw @napi-rs/canvas-linux-riscv64-gnu@0.1.95 OK for: @napi-rs/canvas@0.1.95 want: 0.1.95
2286 silly placeDep node_modules/openclaw @napi-rs/canvas-linux-x64-gnu@0.1.95 OK for: @napi-rs/canvas@0.1.95 want: 0.1.95
2287 silly placeDep node_modules/openclaw @napi-rs/canvas-linux-x64-musl@0.1.95 OK for: @napi-rs/canvas@0.1.95 want: 0.1.95
2288 silly placeDep node_modules/openclaw @napi-rs/canvas-win32-arm64-msvc@0.1.95 OK for: @napi-rs/canvas@0.1.95 want: 0.1.95
2289 silly placeDep node_modules/openclaw @napi-rs/canvas-win32-x64-msvc@0.1.95 OK for: @napi-rs/canvas@0.1.95 want: 0.1.95
2290 silly placeDep node_modules/openclaw @slack/logger@4.0.0 OK for: @slack/bolt@4.6.0 want: ^4.0.0
2291 silly placeDep node_modules/openclaw @slack/oauth@3.0.4 OK for: @slack/bolt@4.6.0 want: ^3.0.4
2292 silly placeDep node_modules/openclaw @slack/socket-mode@2.0.5 OK for: @slack/bolt@4.6.0 want: ^2.0.5
2293 silly placeDep node_modules/openclaw @slack/types@2.20.0 OK for: @slack/bolt@4.6.0 want: ^2.18.0
2294 silly placeDep node_modules/openclaw path-to-regexp@8.3.0 OK for: @slack/bolt@4.6.0 want: ^8.1.0
2295 silly placeDep node_modules/openclaw raw-body@3.0.2 OK for: @slack/bolt@4.6.0 want: ^3
2296 silly placeDep node_modules/openclaw tsscmp@1.0.6 OK for: @slack/bolt@4.6.0 want: ^1.0.6
2297 silly fetch manifest @types/jsonwebtoken@^9
2298 silly packumentCache full:https://registry.npmjs.org/@types%2fjsonwebtoken cache-miss
2299 silly fetch manifest jsonwebtoken@^9
2300 silly packumentCache full:https://registry.npmjs.org/jsonwebtoken cache-miss
2301 silly fetch manifest eventemitter3@^5
2302 silly packumentCache full:https://registry.npmjs.org/eventemitter3 cache-hit
2303 silly fetch manifest bytes@~3.1.2
2304 silly packumentCache full:https://registry.npmjs.org/bytes cache-hit
2305 silly fetch manifest unpipe@~1.0.0
2306 silly packumentCache full:https://registry.npmjs.org/unpipe cache-miss
2307 silly fetch manifest iconv-lite@~0.7.0
2308 silly packumentCache full:https://registry.npmjs.org/iconv-lite cache-miss
2309 silly fetch manifest http-errors@~2.0.1
2310 silly packumentCache full:https://registry.npmjs.org/http-errors cache-hit
2311 http fetch GET 200 https://registry.npmjs.org/unpipe 70ms (cache revalidated)
2312 silly packumentCache full:https://registry.npmjs.org/unpipe set size:3609 disposed:false
2313 http fetch GET 200 https://registry.npmjs.org/jsonwebtoken 72ms (cache revalidated)
2314 silly packumentCache full:https://registry.npmjs.org/jsonwebtoken set size:183671 disposed:false
2315 http fetch GET 200 https://registry.npmjs.org/iconv-lite 83ms (cache revalidated)
2316 silly packumentCache full:https://registry.npmjs.org/iconv-lite set size:120557 disposed:false
2317 http fetch GET 200 https://registry.npmjs.org/@types%2fjsonwebtoken 86ms (cache revalidated)
2318 silly packumentCache full:https://registry.npmjs.org/@types%2fjsonwebtoken set size:129919 disposed:false
2319 silly placeDep node_modules/openclaw @types/jsonwebtoken@9.0.10 OK for: @slack/oauth@3.0.4 want: ^9
2320 silly placeDep node_modules/openclaw jsonwebtoken@9.0.3 OK for: @slack/oauth@3.0.4 want: ^9
2321 silly fetch manifest @types/ms@*
2322 silly packumentCache full:https://registry.npmjs.org/@types%2fms cache-miss
2323 silly fetch manifest ms@^2.1.1
2324 silly packumentCache full:https://registry.npmjs.org/ms cache-hit
2325 silly fetch manifest jws@^4.0.1
2326 silly packumentCache full:https://registry.npmjs.org/jws cache-hit
2327 silly fetch manifest lodash.once@^4.0.0
2328 silly packumentCache full:https://registry.npmjs.org/lodash.once cache-miss
2329 silly fetch manifest lodash.includes@^4.3.0
2330 silly packumentCache full:https://registry.npmjs.org/lodash.includes cache-miss
2331 silly fetch manifest lodash.isnumber@^3.0.3
2332 silly packumentCache full:https://registry.npmjs.org/lodash.isnumber cache-miss
2333 silly fetch manifest lodash.isstring@^4.0.1
2334 silly packumentCache full:https://registry.npmjs.org/lodash.isstring cache-miss
2335 silly fetch manifest lodash.isboolean@^3.0.3
2336 silly packumentCache full:https://registry.npmjs.org/lodash.isboolean cache-miss
2337 silly fetch manifest lodash.isinteger@^4.0.4
2338 silly packumentCache full:https://registry.npmjs.org/lodash.isinteger cache-miss
2339 silly fetch manifest lodash.isplainobject@^4.0.6
2340 silly packumentCache full:https://registry.npmjs.org/lodash.isplainobject cache-miss
2341 http fetch GET 200 https://registry.npmjs.org/lodash.isstring 48ms (cache revalidated)
2342 silly packumentCache full:https://registry.npmjs.org/lodash.isstring set size:21368 disposed:false
2343 http fetch GET 200 https://registry.npmjs.org/lodash.includes 50ms (cache revalidated)
2344 silly packumentCache full:https://registry.npmjs.org/lodash.includes set size:27594 disposed:false
2345 http fetch GET 200 https://registry.npmjs.org/lodash.isnumber 49ms (cache revalidated)
2346 silly packumentCache full:https://registry.npmjs.org/lodash.isnumber set size:21368 disposed:false
2347 http fetch GET 200 https://registry.npmjs.org/lodash.isinteger 49ms (cache revalidated)
2348 silly packumentCache full:https://registry.npmjs.org/lodash.isinteger set size:10827 disposed:false
2349 http fetch GET 200 https://registry.npmjs.org/lodash.isboolean 55ms (cache revalidated)
2350 silly packumentCache full:https://registry.npmjs.org/lodash.isboolean set size:21437 disposed:false
2351 http fetch GET 200 https://registry.npmjs.org/lodash.once 57ms (cache revalidated)
2352 silly packumentCache full:https://registry.npmjs.org/lodash.once set size:23407 disposed:false
2353 http fetch GET 200 https://registry.npmjs.org/lodash.isplainobject 57ms (cache revalidated)
2354 silly packumentCache full:https://registry.npmjs.org/lodash.isplainobject set size:38531 disposed:false
2355 http fetch GET 200 https://registry.npmjs.org/@types%2fms 60ms (cache revalidated)
2356 silly packumentCache full:https://registry.npmjs.org/@types%2fms set size:24399 disposed:false
2357 silly placeDep node_modules/openclaw eventemitter3@5.0.4 OK for: @slack/socket-mode@2.0.5 want: ^5
2358 silly placeDep node_modules/openclaw @types/retry@0.12.0 OK for: @slack/web-api@7.14.1 want: 0.12.0
2359 silly placeDep node_modules/openclaw form-data@4.0.5 OK for: @slack/web-api@7.14.1 want: ^4.0.4
2360 silly placeDep node_modules/openclaw is-electron@2.2.2 OK for: @slack/web-api@7.14.1 want: 2.2.2
2361 silly placeDep node_modules/openclaw is-stream@2.0.1 OK for: @slack/web-api@7.14.1 want: ^2
2362 silly placeDep node_modules/openclaw p-queue@6.6.2 OK for: @slack/web-api@7.14.1 want: ^6
2363 silly placeDep node_modules/openclaw retry@0.13.1 OK for: @slack/web-api@7.14.1 want: ^0.13.1
2364 silly fetch manifest asynckit@^0.4.0
2365 silly packumentCache full:https://registry.npmjs.org/asynckit cache-miss
2366 silly fetch manifest combined-stream@^1.0.8
2367 silly packumentCache full:https://registry.npmjs.org/combined-stream cache-miss
2368 silly fetch manifest es-set-tostringtag@^2.1.0
2369 silly packumentCache full:https://registry.npmjs.org/es-set-tostringtag cache-miss
2370 silly fetch manifest hasown@^2.0.2
2371 silly packumentCache full:https://registry.npmjs.org/hasown cache-miss
2372 silly fetch manifest mime-types@^2.1.12
2373 silly packumentCache full:https://registry.npmjs.org/mime-types cache-hit
2374 silly fetch manifest p-timeout@^3.2.0
2375 silly packumentCache full:https://registry.npmjs.org/p-timeout cache-miss
2376 silly fetch manifest eventemitter3@^4.0.4
2377 silly packumentCache full:https://registry.npmjs.org/eventemitter3 cache-hit
2378 http fetch GET 200 https://registry.npmjs.org/p-timeout 48ms (cache revalidated)
2379 silly packumentCache full:https://registry.npmjs.org/p-timeout set size:60739 disposed:false
2380 http fetch GET 200 https://registry.npmjs.org/combined-stream 53ms (cache revalidated)
2381 silly packumentCache full:https://registry.npmjs.org/combined-stream set size:40337 disposed:false
2382 http fetch GET 200 https://registry.npmjs.org/asynckit 55ms (cache revalidated)
2383 silly packumentCache full:https://registry.npmjs.org/asynckit set size:18932 disposed:false
2384 http fetch GET 200 https://registry.npmjs.org/hasown 56ms (cache revalidated)
2385 silly packumentCache full:https://registry.npmjs.org/hasown set size:12476 disposed:false
2386 http fetch GET 200 https://registry.npmjs.org/es-set-tostringtag 56ms (cache revalidated)
2387 silly packumentCache full:https://registry.npmjs.org/es-set-tostringtag set size:22094 disposed:false
2388 silly placeDep node_modules/openclaw @smithy/util-config-provider@4.2.1 OK for: @smithy/config-resolver@4.4.9 want: ^4.2.1
2389 silly placeDep node_modules/openclaw @smithy/uuid@1.1.1 OK for: @smithy/core@3.23.6 want: ^1.1.1
2390 silly placeDep node_modules/openclaw @aws-crypto/crc32@5.2.0 OK for: @smithy/eventstream-codec@4.2.10 want: 5.2.0
2391 silly placeDep node_modules/openclaw @smithy/eventstream-serde-universal@4.2.10 OK for: @smithy/eventstream-serde-browser@4.2.10 want: ^4.2.10
2392 silly placeDep node_modules/openclaw @smithy/util-buffer-from@4.2.1 OK for: @smithy/hash-node@4.2.10 want: ^4.2.1
2393 silly placeDep node_modules/openclaw @smithy/service-error-classification@4.2.10 OK for: @smithy/middleware-retry@4.4.37 want: ^4.2.10
2394 silly placeDep node_modules/openclaw @smithy/abort-controller@4.2.10 OK for: @smithy/node-http-handler@4.4.12 want: ^4.2.10
2395 silly placeDep node_modules/openclaw @smithy/util-uri-escape@4.2.1 OK for: @smithy/querystring-builder@4.2.10 want: ^4.2.1
2396 silly placeDep node_modules/openclaw @smithy/is-array-buffer@4.2.1 OK for: @smithy/signature-v4@5.3.10 want: ^4.2.1
2397 silly placeDep node_modules/openclaw @smithy/querystring-parser@4.2.10 OK for: @smithy/url-parser@4.2.10 want: ^4.2.10
2398 silly placeDep node_modules/openclaw @snazzah/davey-android-arm-eabi@0.1.10 OK for: @snazzah/davey@0.1.10 want: 0.1.10
2399 silly placeDep node_modules/openclaw @snazzah/davey-android-arm64@0.1.10 OK for: @snazzah/davey@0.1.10 want: 0.1.10
2400 silly placeDep node_modules/openclaw @snazzah/davey-darwin-arm64@0.1.10 OK for: @snazzah/davey@0.1.10 want: 0.1.10
2401 silly placeDep node_modules/openclaw @snazzah/davey-darwin-x64@0.1.10 OK for: @snazzah/davey@0.1.10 want: 0.1.10
2402 silly placeDep node_modules/openclaw @snazzah/davey-freebsd-x64@0.1.10 OK for: @snazzah/davey@0.1.10 want: 0.1.10
2403 silly placeDep node_modules/openclaw @snazzah/davey-linux-arm-gnueabihf@0.1.10 OK for: @snazzah/davey@0.1.10 want: 0.1.10
2404 silly placeDep node_modules/openclaw @snazzah/davey-linux-arm64-gnu@0.1.10 OK for: @snazzah/davey@0.1.10 want: 0.1.10
2405 silly placeDep node_modules/openclaw @snazzah/davey-linux-arm64-musl@0.1.10 OK for: @snazzah/davey@0.1.10 want: 0.1.10
2406 silly placeDep node_modules/openclaw @snazzah/davey-linux-x64-gnu@0.1.10 OK for: @snazzah/davey@0.1.10 want: 0.1.10
2407 silly placeDep node_modules/openclaw @snazzah/davey-linux-x64-musl@0.1.10 OK for: @snazzah/davey@0.1.10 want: 0.1.10
2408 silly placeDep node_modules/openclaw @snazzah/davey-wasm32-wasi@0.1.10 OK for: @snazzah/davey@0.1.10 want: 0.1.10
2409 silly placeDep node_modules/openclaw @snazzah/davey-win32-arm64-msvc@0.1.10 OK for: @snazzah/davey@0.1.10 want: 0.1.10
2410 silly placeDep node_modules/openclaw @snazzah/davey-win32-ia32-msvc@0.1.10 OK for: @snazzah/davey@0.1.10 want: 0.1.10
2411 silly placeDep node_modules/openclaw @snazzah/davey-win32-x64-msvc@0.1.10 OK for: @snazzah/davey@0.1.10 want: 0.1.10
2412 silly fetch manifest @napi-rs/wasm-runtime@^1.1.1
2413 silly packumentCache full:https://registry.npmjs.org/@napi-rs%2fwasm-runtime cache-miss
2414 http fetch GET 200 https://registry.npmjs.org/@napi-rs%2fwasm-runtime 79ms (cache revalidated)
2415 silly packumentCache full:https://registry.npmjs.org/@napi-rs%2fwasm-runtime set size:63456 disposed:false
2416 silly placeDep node_modules/openclaw @napi-rs/wasm-runtime@1.1.1 OK for: @snazzah/davey-wasm32-wasi@0.1.10 want: ^1.1.1
2417 silly fetch manifest @emnapi/core@^1.7.1
2418 silly packumentCache full:https://registry.npmjs.org/@emnapi%2fcore cache-miss
2419 silly fetch manifest @emnapi/runtime@^1.7.1
2420 silly packumentCache full:https://registry.npmjs.org/@emnapi%2fruntime cache-miss
2421 silly fetch manifest @tybys/wasm-util@^0.10.1
2422 silly packumentCache full:https://registry.npmjs.org/@tybys%2fwasm-util cache-miss
2423 http fetch GET 200 https://registry.npmjs.org/@emnapi%2fcore 57ms (cache revalidated)
2424 silly packumentCache full:https://registry.npmjs.org/@emnapi%2fcore set size:96861 disposed:false
2425 http fetch GET 200 https://registry.npmjs.org/@emnapi%2fruntime 58ms (cache revalidated)
2426 silly packumentCache full:https://registry.npmjs.org/@emnapi%2fruntime set size:99452 disposed:false
2427 http fetch GET 200 https://registry.npmjs.org/@tybys%2fwasm-util 69ms (cache revalidated)
2428 silly packumentCache full:https://registry.npmjs.org/@tybys%2fwasm-util set size:55410 disposed:false
2429 silly placeDep node_modules/openclaw @emnapi/core@1.8.1 OK for: @napi-rs/wasm-runtime@1.1.1 want: ^1.7.1
2430 silly placeDep node_modules/openclaw @emnapi/runtime@1.8.1 OK for: @napi-rs/wasm-runtime@1.1.1 want: ^1.7.1
2431 silly placeDep node_modules/openclaw @tybys/wasm-util@0.10.1 OK for: @napi-rs/wasm-runtime@1.1.1 want: ^0.10.1
2432 silly fetch manifest @emnapi/wasi-threads@1.1.0
2433 silly packumentCache full:https://registry.npmjs.org/@emnapi%2fwasi-threads cache-miss
2434 http fetch GET 200 https://registry.npmjs.org/@emnapi%2fwasi-threads 73ms (cache revalidated)
2435 silly packumentCache full:https://registry.npmjs.org/@emnapi%2fwasi-threads set size:19454 disposed:false
2436 silly placeDep node_modules/openclaw @emnapi/wasi-threads@1.1.0 OK for: @emnapi/core@1.8.1 want: 1.1.0
2437 silly placeDep node_modules/openclaw bun-types@1.3.9 OK for: @types/bun@1.3.9 want: 1.3.9
2438 silly placeDep node_modules/openclaw @types/body-parser@1.19.6 OK for: @types/express@5.0.6 want: *
2439 silly placeDep node_modules/openclaw @types/express-serve-static-core@5.1.1 OK for: @types/express@5.0.6 want: ^5.0.0
2440 silly placeDep node_modules/openclaw @types/serve-static@2.2.0 OK for: @types/express@5.0.6 want: ^2
2441 silly fetch manifest @types/connect@*
2442 silly packumentCache full:https://registry.npmjs.org/@types%2fconnect cache-miss
2443 silly fetch manifest @types/qs@*
2444 silly packumentCache full:https://registry.npmjs.org/@types%2fqs cache-miss
2445 silly fetch manifest @types/send@*
2446 silly packumentCache full:https://registry.npmjs.org/@types%2fsend cache-miss
2447 silly fetch manifest @types/range-parser@*
2448 silly packumentCache full:https://registry.npmjs.org/@types%2frange-parser cache-miss
2449 silly fetch manifest @types/http-errors@*
2450 silly packumentCache full:https://registry.npmjs.org/@types%2fhttp-errors cache-miss
2451 http fetch GET 200 https://registry.npmjs.org/@types%2fqs 71ms (cache revalidated)
2452 silly packumentCache full:https://registry.npmjs.org/@types%2fqs set size:79370 disposed:false
2453 http fetch GET 200 https://registry.npmjs.org/@types%2fsend 72ms (cache revalidated)
2454 silly packumentCache full:https://registry.npmjs.org/@types%2fsend set size:29985 disposed:false
2455 http fetch GET 200 https://registry.npmjs.org/@types%2fconnect 74ms (cache revalidated)
2456 silly packumentCache full:https://registry.npmjs.org/@types%2fconnect set size:31512 disposed:false
2457 http fetch GET 200 https://registry.npmjs.org/@types%2frange-parser 74ms (cache revalidated)
2458 silly packumentCache full:https://registry.npmjs.org/@types%2frange-parser set size:15278 disposed:false
2459 http fetch GET 200 https://registry.npmjs.org/@types%2fhttp-errors 74ms (cache revalidated)
2460 silly packumentCache full:https://registry.npmjs.org/@types%2fhttp-errors set size:48994 disposed:false
2461 silly placeDep node_modules/openclaw @types/connect@3.4.38 OK for: @types/body-parser@1.19.6 want: *
2462 silly placeDep node_modules/openclaw @types/qs@6.14.0 OK for: @types/express-serve-static-core@5.1.1 want: *
2463 silly placeDep node_modules/openclaw @types/range-parser@1.2.7 OK for: @types/express-serve-static-core@5.1.1 want: *
2464 silly placeDep node_modules/openclaw @types/send@1.2.1 OK for: @types/express-serve-static-core@5.1.1 want: *
2465 silly placeDep node_modules/openclaw @types/ms@2.1.0 OK for: @types/jsonwebtoken@9.0.10 want: *
2466 silly placeDep node_modules/openclaw undici-types@7.18.2 OK for: @types/node@25.3.3 want: ~7.18.0
2467 silly placeDep node_modules/openclaw @types/http-errors@2.0.5 OK for: @types/serve-static@2.2.0 want: *
2468 silly placeDep node_modules/openclaw @cacheable/node-cache@1.7.6 OK for: @whiskeysockets/baileys@7.0.0-rc.9 want: ^1.4.0
2469 silly placeDep node_modules/openclaw @hapi/boom@9.1.4 OK for: @whiskeysockets/baileys@7.0.0-rc.9 want: ^9.1.3
2470 silly placeDep node_modules/openclaw async-mutex@0.5.0 OK for: @whiskeysockets/baileys@7.0.0-rc.9 want: ^0.5.0
2471 silly placeDep node_modules/openclaw libsignal@2.0.1 OK for: @whiskeysockets/baileys@7.0.0-rc.9 want: git+https://github.com/whiskeysockets/libsignal-node.git
2472 silly placeDep node_modules/openclaw lru-cache@11.2.6 OK for: @whiskeysockets/baileys@7.0.0-rc.9 want: ^11.1.0
2473 silly placeDep node_modules/openclaw music-metadata@11.12.1 OK for: @whiskeysockets/baileys@7.0.0-rc.9 want: ^11.7.0
2474 silly placeDep node_modules/openclaw/node_modules/@whiskeysockets/baileys p-queue@9.1.0 OK for: @whiskeysockets/baileys@7.0.0-rc.9 want: ^9.0.0
2475 silly placeDep node_modules/openclaw pino@9.14.0 OK for: @whiskeysockets/baileys@7.0.0-rc.9 want: ^9.6
2476 silly fetch manifest keyv@^5.5.5
2477 silly packumentCache full:https://registry.npmjs.org/keyv cache-miss
2478 silly fetch manifest cacheable@^2.3.1
2479 silly packumentCache full:https://registry.npmjs.org/cacheable cache-miss
2480 silly fetch manifest hookified@^1.14.0
2481 silly packumentCache full:https://registry.npmjs.org/hookified cache-miss
2482 silly fetch manifest @hapi/hoek@9.x.x
2483 silly packumentCache full:https://registry.npmjs.org/@hapi%2fhoek cache-miss
2484 silly fetch manifest curve25519-js@^0.0.4
2485 silly packumentCache full:https://registry.npmjs.org/curve25519-js cache-miss
2486 silly fetch manifest protobufjs@6.8.8
2487 silly packumentCache full:https://registry.npmjs.org/protobufjs cache-hit
2488 silly fetch manifest @borewit/text-codec@^0.2.1
2489 silly packumentCache full:https://registry.npmjs.org/@borewit%2ftext-codec cache-miss
2490 silly fetch manifest @tokenizer/token@^0.3.0
2491 silly packumentCache full:https://registry.npmjs.org/@tokenizer%2ftoken cache-miss
2492 silly fetch manifest media-typer@^1.1.0
2493 silly packumentCache full:https://registry.npmjs.org/media-typer cache-miss
2494 silly fetch manifest token-types@^6.1.2
2495 silly packumentCache full:https://registry.npmjs.org/token-types cache-hit
2496 silly fetch manifest uint8array-extras@^1.5.0
2497 silly packumentCache full:https://registry.npmjs.org/uint8array-extras cache-hit
2498 silly fetch manifest win-guid@^0.2.1
2499 silly packumentCache full:https://registry.npmjs.org/win-guid cache-miss
2500 http fetch GET 200 https://registry.npmjs.org/cacheable 50ms (cache revalidated)
2501 silly packumentCache full:https://registry.npmjs.org/cacheable set size:150976 disposed:false
2502 silly fetch manifest p-timeout@^7.0.0
2503 silly packumentCache full:https://registry.npmjs.org/p-timeout cache-hit
2504 silly fetch manifest sonic-boom@^4.0.1
2505 silly packumentCache full:https://registry.npmjs.org/sonic-boom cache-miss
2506 http fetch GET 200 https://registry.npmjs.org/media-typer 50ms (cache revalidated)
2507 silly packumentCache full:https://registry.npmjs.org/media-typer set size:20873 disposed:false
2508 silly fetch manifest atomic-sleep@^1.0.0
2509 silly packumentCache full:https://registry.npmjs.org/atomic-sleep cache-miss
2510 http fetch GET 200 https://registry.npmjs.org/win-guid 60ms (cache revalidated)
2511 silly packumentCache full:https://registry.npmjs.org/win-guid set size:11017 disposed:false
2512 silly fetch manifest real-require@^0.2.0
2513 silly packumentCache full:https://registry.npmjs.org/real-require cache-miss
2514 http fetch GET 200 https://registry.npmjs.org/hookified 64ms (cache revalidated)
2515 silly packumentCache full:https://registry.npmjs.org/hookified set size:136778 disposed:false
2516 silly fetch manifest thread-stream@^3.0.0
2517 silly packumentCache full:https://registry.npmjs.org/thread-stream cache-miss
2518 http fetch GET 200 https://registry.npmjs.org/curve25519-js 68ms (cache revalidated)
2519 silly packumentCache full:https://registry.npmjs.org/curve25519-js set size:15295 disposed:false
2520 silly fetch manifest @pinojs/redact@^0.4.0
2521 silly packumentCache full:https://registry.npmjs.org/@pinojs%2fredact cache-miss
2522 http fetch GET 200 https://registry.npmjs.org/keyv 70ms (cache revalidated)
2523 silly packumentCache full:https://registry.npmjs.org/keyv set size:210435 disposed:false
2524 silly fetch manifest process-warning@^5.0.0
2525 silly packumentCache full:https://registry.npmjs.org/process-warning cache-miss
2526 http fetch GET 200 https://registry.npmjs.org/@hapi%2fhoek 71ms (cache revalidated)
2527 silly packumentCache full:https://registry.npmjs.org/@hapi%2fhoek set size:121527 disposed:false
2528 silly fetch manifest on-exit-leak-free@^2.1.0
2529 silly packumentCache full:https://registry.npmjs.org/on-exit-leak-free cache-miss
2530 http fetch GET 200 https://registry.npmjs.org/sonic-boom 46ms (cache revalidated)
2531 silly packumentCache full:https://registry.npmjs.org/sonic-boom set size:168983 disposed:false
2532 silly fetch manifest pino-std-serializers@^7.0.0
2533 silly packumentCache full:https://registry.npmjs.org/pino-std-serializers cache-miss
2534 http fetch GET 200 https://registry.npmjs.org/atomic-sleep 50ms (cache revalidated)
2535 silly packumentCache full:https://registry.npmjs.org/atomic-sleep set size:5192 disposed:false
2536 silly fetch manifest safe-stable-stringify@^2.3.1
2537 silly packumentCache full:https://registry.npmjs.org/safe-stable-stringify cache-miss
2538 http fetch GET 200 https://registry.npmjs.org/real-require 59ms (cache revalidated)
2539 silly packumentCache full:https://registry.npmjs.org/real-require set size:9152 disposed:false
2540 silly fetch manifest quick-format-unescaped@^4.0.3
2541 silly packumentCache full:https://registry.npmjs.org/quick-format-unescaped cache-miss
2542 http fetch GET 200 https://registry.npmjs.org/process-warning 51ms (cache revalidated)
2543 silly packumentCache full:https://registry.npmjs.org/process-warning set size:32480 disposed:false
2544 silly fetch manifest pino-abstract-transport@^2.0.0
2545 silly packumentCache full:https://registry.npmjs.org/pino-abstract-transport cache-miss
2546 http fetch GET 200 https://registry.npmjs.org/thread-stream 55ms (cache revalidated)
2547 silly packumentCache full:https://registry.npmjs.org/thread-stream set size:127672 disposed:false
2548 http fetch GET 200 https://registry.npmjs.org/on-exit-leak-free 55ms (cache revalidated)
2549 silly packumentCache full:https://registry.npmjs.org/on-exit-leak-free set size:18719 disposed:false
2550 http fetch GET 200 https://registry.npmjs.org/@pinojs%2fredact 71ms (cache revalidated)
2551 silly packumentCache full:https://registry.npmjs.org/@pinojs%2fredact set size:16907 disposed:false
2552 http fetch GET 200 https://registry.npmjs.org/pino-std-serializers 43ms (cache revalidated)
2553 silly packumentCache full:https://registry.npmjs.org/pino-std-serializers set size:96176 disposed:false
2554 http fetch GET 200 https://registry.npmjs.org/safe-stable-stringify 42ms (cache revalidated)
2555 silly packumentCache full:https://registry.npmjs.org/safe-stable-stringify set size:45091 disposed:false
2556 http fetch GET 200 https://registry.npmjs.org/quick-format-unescaped 52ms (cache revalidated)
2557 silly packumentCache full:https://registry.npmjs.org/quick-format-unescaped set size:36121 disposed:false
2558 http fetch GET 200 https://registry.npmjs.org/pino-abstract-transport 52ms (cache revalidated)
2559 silly packumentCache full:https://registry.npmjs.org/pino-abstract-transport set size:28687 disposed:false
2560 http fetch GET 200 https://registry.npmjs.org/@borewit%2ftext-codec 338ms (cache revalidated)
2561 silly packumentCache full:https://registry.npmjs.org/@borewit%2ftext-codec set size:14185 disposed:false
2562 http fetch GET 200 https://registry.npmjs.org/@tokenizer%2ftoken 853ms (cache revalidated)
2563 silly packumentCache full:https://registry.npmjs.org/@tokenizer%2ftoken set size:11833 disposed:false
2564 silly placeDep node_modules/openclaw cacheable@2.3.3 OK for: @cacheable/node-cache@1.7.6 want: ^2.3.1
2565 silly placeDep node_modules/openclaw hookified@1.15.1 OK for: @cacheable/node-cache@1.7.6 want: ^1.14.0
2566 silly placeDep node_modules/openclaw keyv@5.6.0 OK for: @cacheable/node-cache@1.7.6 want: ^5.5.5
2567 silly fetch manifest hookified@^1.15.0
2568 silly packumentCache full:https://registry.npmjs.org/hookified cache-hit
2569 silly fetch manifest keyv@^5.6.0
2570 silly packumentCache full:https://registry.npmjs.org/keyv cache-hit
2571 silly fetch manifest qified@^0.6.0
2572 silly packumentCache full:https://registry.npmjs.org/qified cache-miss
2573 silly fetch manifest @cacheable/memory@^2.0.8
2574 silly packumentCache full:https://registry.npmjs.org/@cacheable%2fmemory cache-miss
2575 silly fetch manifest @cacheable/utils@^2.4.0
2576 silly packumentCache full:https://registry.npmjs.org/@cacheable%2futils cache-miss
2577 silly fetch manifest @keyv/serialize@^1.1.1
2578 silly packumentCache full:https://registry.npmjs.org/@keyv%2fserialize cache-miss
2579 http fetch GET 200 https://registry.npmjs.org/@cacheable%2fmemory 58ms (cache revalidated)
2580 silly packumentCache full:https://registry.npmjs.org/@cacheable%2fmemory set size:49828 disposed:false
2581 http fetch GET 200 https://registry.npmjs.org/@keyv%2fserialize 72ms (cache revalidated)
2582 silly packumentCache full:https://registry.npmjs.org/@keyv%2fserialize set size:20751 disposed:false
2583 http fetch GET 200 https://registry.npmjs.org/@cacheable%2futils 342ms (cache revalidated)
2584 silly packumentCache full:https://registry.npmjs.org/@cacheable%2futils set size:58149 disposed:false
2585 http fetch GET 200 https://registry.npmjs.org/qified 346ms (cache revalidated)
2586 silly packumentCache full:https://registry.npmjs.org/qified set size:52516 disposed:false
2587 silly placeDep node_modules/openclaw @hapi/hoek@9.3.0 OK for: @hapi/boom@9.1.4 want: 9.x.x
2588 silly placeDep node_modules/openclaw event-target-shim@5.0.1 OK for: abort-controller@3.0.0 want: ^5.0.0
2589 silly placeDep node_modules/openclaw fast-uri@3.1.0 OK for: ajv@8.18.0 want: ^3.0.1
2590 silly placeDep node_modules/openclaw json-schema-traverse@1.0.0 OK for: ajv@8.18.0 want: ^1.0.0
2591 silly placeDep node_modules/openclaw require-from-string@2.0.2 OK for: ajv@8.18.0 want: ^2.0.2
2592 silly placeDep node_modules/openclaw follow-redirects@1.15.11 OK for: axios@1.13.6 want: ^1.15.11
2593 silly placeDep node_modules/openclaw proxy-from-env@1.1.0 OK for: axios@1.13.6 want: ^1.1.0
2594 silly placeDep node_modules/openclaw @cacheable/memory@2.0.8 OK for: cacheable@2.3.3 want: ^2.0.8
2595 silly placeDep node_modules/openclaw @cacheable/utils@2.4.0 OK for: cacheable@2.3.3 want: ^2.4.0
2596 silly placeDep node_modules/openclaw qified@0.6.0 OK for: cacheable@2.3.3 want: ^0.6.0
2597 silly fetch manifest @keyv/bigmap@^1.3.1
2598 silly packumentCache full:https://registry.npmjs.org/@keyv%2fbigmap cache-miss
2599 silly fetch manifest hashery@^1.5.0
2600 silly packumentCache full:https://registry.npmjs.org/hashery cache-miss
2601 http fetch GET 200 https://registry.npmjs.org/@keyv%2fbigmap 58ms (cache revalidated)
2602 silly packumentCache full:https://registry.npmjs.org/@keyv%2fbigmap set size:22274 disposed:false
2603 http fetch GET 200 https://registry.npmjs.org/hashery 828ms (cache revalidated)
2604 silly packumentCache full:https://registry.npmjs.org/hashery set size:66703 disposed:false
2605 silly placeDep node_modules/openclaw @keyv/bigmap@1.3.1 OK for: @cacheable/memory@2.0.8 want: ^1.3.1
2606 silly fetch manifest hashery@^1.4.0
2607 silly packumentCache full:https://registry.npmjs.org/hashery cache-hit
2608 silly placeDep node_modules/openclaw hashery@1.5.0 OK for: @cacheable/utils@2.4.0 want: ^1.5.0
2609 silly placeDep node_modules/openclaw readdirp@5.0.0 OK for: chokidar@5.0.0 want: ^5.0.0
2610 silly placeDep node_modules/openclaw/node_modules/cli-highlight chalk@4.1.2 OK for: cli-highlight@2.1.11 want: ^4.0.0
2611 silly placeDep node_modules/openclaw highlight.js@10.7.3 OK for: cli-highlight@2.1.11 want: ^10.7.1
2612 silly placeDep node_modules/openclaw mz@2.7.0 OK for: cli-highlight@2.1.11 want: ^2.4.0
2613 silly placeDep node_modules/openclaw parse5@5.1.1 OK for: cli-highlight@2.1.11 want: ^5.1.1
2614 silly placeDep node_modules/openclaw parse5-htmlparser2-tree-adapter@6.0.1 OK for: cli-highlight@2.1.11 want: ^6.0.0
2615 silly placeDep node_modules/openclaw yargs@16.2.0 OK for: cli-highlight@2.1.11 want: ^16.0.0
2616 silly fetch manifest ansi-styles@^4.1.0
2617 silly packumentCache full:https://registry.npmjs.org/ansi-styles cache-miss
2618 silly fetch manifest supports-color@^7.1.0
2619 silly packumentCache full:https://registry.npmjs.org/supports-color cache-miss
2620 silly fetch manifest any-promise@^1.0.0
2621 silly packumentCache full:https://registry.npmjs.org/any-promise cache-miss
2622 silly fetch manifest object-assign@^4.0.1
2623 silly packumentCache full:https://registry.npmjs.org/object-assign cache-miss
2624 silly fetch manifest thenify-all@^1.0.0
2625 silly packumentCache full:https://registry.npmjs.org/thenify-all cache-miss
2626 silly fetch manifest parse5@^6.0.1
2627 silly packumentCache full:https://registry.npmjs.org/parse5 cache-hit
2628 silly fetch manifest y18n@^5.0.5
2629 silly packumentCache full:https://registry.npmjs.org/y18n cache-miss
2630 silly fetch manifest cliui@^7.0.2
2631 silly packumentCache full:https://registry.npmjs.org/cliui cache-miss
2632 silly fetch manifest escalade@^3.1.1
2633 silly packumentCache full:https://registry.npmjs.org/escalade cache-miss
2634 silly fetch manifest string-width@^4.2.0
2635 silly packumentCache full:https://registry.npmjs.org/string-width cache-miss
2636 http fetch GET 200 https://registry.npmjs.org/ansi-styles 50ms (cache revalidated)
2637 silly packumentCache full:https://registry.npmjs.org/ansi-styles set size:63233 disposed:false
2638 silly fetch manifest yargs-parser@^20.2.2
2639 silly packumentCache full:https://registry.npmjs.org/yargs-parser cache-miss
2640 http fetch GET 200 https://registry.npmjs.org/supports-color 55ms (cache revalidated)
2641 silly packumentCache full:https://registry.npmjs.org/supports-color set size:118680 disposed:false
2642 silly fetch manifest get-caller-file@^2.0.5
2643 silly packumentCache full:https://registry.npmjs.org/get-caller-file cache-miss
2644 http fetch GET 200 https://registry.npmjs.org/y18n 54ms (cache revalidated)
2645 silly packumentCache full:https://registry.npmjs.org/y18n set size:76155 disposed:false
2646 silly fetch manifest require-directory@^2.1.1
2647 silly packumentCache full:https://registry.npmjs.org/require-directory cache-miss
2648 http fetch GET 200 https://registry.npmjs.org/string-width 54ms (cache revalidated)
2649 silly packumentCache full:https://registry.npmjs.org/string-width set size:68305 disposed:false
2650 http fetch GET 200 https://registry.npmjs.org/escalade 58ms (cache revalidated)
2651 silly packumentCache full:https://registry.npmjs.org/escalade set size:33724 disposed:false
2652 http fetch GET 200 https://registry.npmjs.org/cliui 60ms (cache revalidated)
2653 silly packumentCache full:https://registry.npmjs.org/cliui set size:69089 disposed:false
2654 http fetch GET 200 https://registry.npmjs.org/any-promise 68ms (cache revalidated)
2655 silly packumentCache full:https://registry.npmjs.org/any-promise set size:20233 disposed:false
2656 http fetch GET 200 https://registry.npmjs.org/thenify-all 69ms (cache revalidated)
2657 silly packumentCache full:https://registry.npmjs.org/thenify-all set size:18488 disposed:false
2658 http fetch GET 200 https://registry.npmjs.org/object-assign 69ms (cache revalidated)
2659 silly packumentCache full:https://registry.npmjs.org/object-assign set size:28988 disposed:false
2660 http fetch GET 200 https://registry.npmjs.org/yargs-parser 57ms (cache revalidated)
2661 silly packumentCache full:https://registry.npmjs.org/yargs-parser set size:238630 disposed:false
2662 http fetch GET 200 https://registry.npmjs.org/require-directory 57ms (cache revalidated)
2663 silly packumentCache full:https://registry.npmjs.org/require-directory set size:26866 disposed:false
2664 http fetch GET 200 https://registry.npmjs.org/get-caller-file 59ms (cache revalidated)
2665 silly packumentCache full:https://registry.npmjs.org/get-caller-file set size:26456 disposed:false
2666 silly placeDep node_modules/openclaw ms@2.1.3 OK for: debug@4.4.3 want: ^2.1.3
2667 silly placeDep node_modules/openclaw accepts@2.0.0 OK for: express@5.2.1 want: ^2.0.0
2668 silly placeDep node_modules/openclaw body-parser@2.2.2 OK for: express@5.2.1 want: ^2.2.1
2669 silly placeDep node_modules/openclaw content-disposition@1.0.1 OK for: express@5.2.1 want: ^1.0.0
2670 silly placeDep node_modules/openclaw content-type@1.0.5 OK for: express@5.2.1 want: ^1.0.5
2671 silly placeDep node_modules/openclaw cookie@0.7.2 OK for: express@5.2.1 want: ^0.7.1
2672 silly placeDep node_modules/openclaw cookie-signature@1.2.2 OK for: express@5.2.1 want: ^1.2.1
2673 silly placeDep node_modules/openclaw depd@2.0.0 OK for: express@5.2.1 want: ^2.0.0
2674 silly placeDep node_modules/openclaw encodeurl@2.0.0 OK for: express@5.2.1 want: ^2.0.0
2675 silly placeDep node_modules/openclaw escape-html@1.0.3 OK for: express@5.2.1 want: ^1.0.3
2676 silly placeDep node_modules/openclaw etag@1.8.1 OK for: express@5.2.1 want: ^1.8.1
2677 silly placeDep node_modules/openclaw finalhandler@2.1.1 OK for: express@5.2.1 want: ^2.1.0
2678 silly placeDep node_modules/openclaw fresh@2.0.0 OK for: express@5.2.1 want: ^2.0.0
2679 silly placeDep node_modules/openclaw http-errors@2.0.1 OK for: express@5.2.1 want: ^2.0.0
2680 silly placeDep node_modules/openclaw merge-descriptors@2.0.0 OK for: express@5.2.1 want: ^2.0.0
2681 silly placeDep node_modules/openclaw on-finished@2.4.1 OK for: express@5.2.1 want: ^2.4.1
2682 silly placeDep node_modules/openclaw once@1.4.0 OK for: express@5.2.1 want: ^1.4.0
2683 silly placeDep node_modules/openclaw parseurl@1.3.3 OK for: express@5.2.1 want: ^1.3.3
2684 silly placeDep node_modules/openclaw proxy-addr@2.0.7 OK for: express@5.2.1 want: ^2.0.7
2685 silly placeDep node_modules/openclaw range-parser@1.2.1 OK for: express@5.2.1 want: ^1.2.1
2686 silly placeDep node_modules/openclaw router@2.2.0 OK for: express@5.2.1 want: ^2.2.0
2687 silly placeDep node_modules/openclaw send@1.2.1 OK for: express@5.2.1 want: ^1.1.0
2688 silly placeDep node_modules/openclaw serve-static@2.2.1 OK for: express@5.2.1 want: ^2.2.0
2689 silly placeDep node_modules/openclaw statuses@2.0.2 OK for: express@5.2.1 want: ^2.0.1
2690 silly placeDep node_modules/openclaw type-is@2.0.1 OK for: express@5.2.1 want: ^2.0.1
2691 silly placeDep node_modules/openclaw vary@1.1.2 OK for: express@5.2.1 want: ^1.1.2
2692 silly fetch manifest negotiator@^1.0.0
2693 silly packumentCache full:https://registry.npmjs.org/negotiator cache-miss
2694 silly fetch manifest iconv-lite@^0.7.0
2695 silly packumentCache full:https://registry.npmjs.org/iconv-lite cache-hit
2696 silly fetch manifest inherits@~2.0.4
2697 silly packumentCache full:https://registry.npmjs.org/inherits cache-miss
2698 silly fetch manifest setprototypeof@~1.2.0
2699 silly packumentCache full:https://registry.npmjs.org/setprototypeof cache-miss
2700 silly fetch manifest statuses@~2.0.2
2701 silly packumentCache full:https://registry.npmjs.org/statuses cache-hit
2702 silly fetch manifest toidentifier@~1.0.1
2703 silly packumentCache full:https://registry.npmjs.org/toidentifier cache-miss
2704 silly fetch manifest ee-first@1.1.1
2705 silly packumentCache full:https://registry.npmjs.org/ee-first cache-miss
2706 silly fetch manifest wrappy@1
2707 silly packumentCache full:https://registry.npmjs.org/wrappy cache-miss
2708 silly fetch manifest forwarded@0.2.0
2709 silly packumentCache full:https://registry.npmjs.org/forwarded cache-miss
2710 silly fetch manifest ipaddr.js@1.9.1
2711 silly packumentCache full:https://registry.npmjs.org/ipaddr.js cache-hit
2712 silly fetch manifest is-promise@^4.0.0
2713 silly packumentCache full:https://registry.npmjs.org/is-promise cache-miss
2714 silly fetch manifest statuses@^2.0.2
2715 silly packumentCache full:https://registry.npmjs.org/statuses cache-hit
2716 http fetch GET 200 https://registry.npmjs.org/ee-first 47ms (cache revalidated)
2717 silly packumentCache full:https://registry.npmjs.org/ee-first set size:15327 disposed:false
2718 http fetch GET 200 https://registry.npmjs.org/is-promise 46ms (cache revalidated)
2719 silly packumentCache full:https://registry.npmjs.org/is-promise set size:18599 disposed:false
2720 http fetch GET 200 https://registry.npmjs.org/toidentifier 53ms (cache revalidated)
2721 silly packumentCache full:https://registry.npmjs.org/toidentifier set size:12006 disposed:false
2722 http fetch GET 200 https://registry.npmjs.org/forwarded 53ms (cache revalidated)
2723 silly packumentCache full:https://registry.npmjs.org/forwarded set size:11229 disposed:false
2724 http fetch GET 200 https://registry.npmjs.org/wrappy 53ms (cache revalidated)
2725 silly packumentCache full:https://registry.npmjs.org/wrappy set size:7682 disposed:false
2726 http fetch GET 200 https://registry.npmjs.org/inherits 54ms (cache revalidated)
2727 silly packumentCache full:https://registry.npmjs.org/inherits set size:12925 disposed:false
2728 http fetch GET 200 https://registry.npmjs.org/setprototypeof 57ms (cache revalidated)
2729 silly packumentCache full:https://registry.npmjs.org/setprototypeof set size:14532 disposed:false
2730 http fetch GET 200 https://registry.npmjs.org/negotiator 59ms (cache revalidated)
2731 silly packumentCache full:https://registry.npmjs.org/negotiator set size:48046 disposed:false
2732 silly placeDep node_modules/openclaw negotiator@1.0.0 OK for: accepts@2.0.0 want: ^1.0.0
2733 silly placeDep node_modules/openclaw bytes@3.1.2 OK for: body-parser@2.2.2 want: ^3.1.2
2734 silly placeDep node_modules/openclaw iconv-lite@0.7.2 OK for: body-parser@2.2.2 want: ^0.7.0
2735 silly fetch manifest safer-buffer@>= 2.1.2 < 3.0.0
2736 silly packumentCache full:https://registry.npmjs.org/safer-buffer cache-miss
2737 http fetch GET 200 https://registry.npmjs.org/safer-buffer 47ms (cache revalidated)
2738 silly packumentCache full:https://registry.npmjs.org/safer-buffer set size:18521 disposed:false
2739 silly placeDep node_modules/openclaw @types/yauzl@2.10.3 OK for: extract-zip@2.0.1 want: ^2.9.1
2740 silly placeDep node_modules/openclaw get-stream@5.2.0 OK for: extract-zip@2.0.1 want: ^5.1.0
2741 silly placeDep node_modules/openclaw yauzl@2.10.0 OK for: extract-zip@2.0.1 want: ^2.10.0
2742 silly fetch manifest pump@^3.0.0
2743 silly packumentCache full:https://registry.npmjs.org/pump cache-miss
2744 silly fetch manifest fd-slicer@~1.1.0
2745 silly packumentCache full:https://registry.npmjs.org/fd-slicer cache-miss
2746 silly fetch manifest buffer-crc32@~0.2.3
2747 silly packumentCache full:https://registry.npmjs.org/buffer-crc32 cache-miss
2748 http fetch GET 200 https://registry.npmjs.org/buffer-crc32 45ms (cache revalidated)
2749 silly packumentCache full:https://registry.npmjs.org/buffer-crc32 set size:58100 disposed:false
2750 http fetch GET 200 https://registry.npmjs.org/pump 49ms (cache revalidated)
2751 silly packumentCache full:https://registry.npmjs.org/pump set size:41178 disposed:false
2752 http fetch GET 200 https://registry.npmjs.org/fd-slicer 51ms (cache revalidated)
2753 silly packumentCache full:https://registry.npmjs.org/fd-slicer set size:25525 disposed:false
2754 silly placeDep node_modules/openclaw strnum@2.2.0 OK for: fast-xml-parser@5.3.6 want: ^2.1.2
2755 silly placeDep node_modules/openclaw @tokenizer/inflate@0.4.1 OK for: file-type@21.3.0 want: ^0.4.1
2756 silly placeDep node_modules/openclaw strtok3@10.3.4 OK for: file-type@21.3.0 want: ^10.3.4
2757 silly placeDep node_modules/openclaw token-types@6.1.2 OK for: file-type@21.3.0 want: ^6.1.1
2758 silly placeDep node_modules/openclaw uint8array-extras@1.5.0 OK for: file-type@21.3.0 want: ^1.4.0
2759 silly fetch manifest ieee754@^1.2.1
2760 silly packumentCache full:https://registry.npmjs.org/ieee754 cache-miss
2761 http fetch GET 200 https://registry.npmjs.org/ieee754 59ms (cache revalidated)
2762 silly packumentCache full:https://registry.npmjs.org/ieee754 set size:34910 disposed:false
2763 silly placeDep node_modules/openclaw asynckit@0.4.0 OK for: form-data@4.0.5 want: ^0.4.0
2764 silly placeDep node_modules/openclaw combined-stream@1.0.8 OK for: form-data@4.0.5 want: ^1.0.8
2765 silly placeDep node_modules/openclaw es-set-tostringtag@2.1.0 OK for: form-data@4.0.5 want: ^2.1.0
2766 silly placeDep node_modules/openclaw hasown@2.0.2 OK for: form-data@4.0.5 want: ^2.0.2
2767 silly placeDep node_modules/openclaw/node_modules/form-data mime-types@2.1.35 OK for: form-data@4.0.5 want: ^2.1.12
2768 silly fetch manifest delayed-stream@~1.0.0
2769 silly packumentCache full:https://registry.npmjs.org/delayed-stream cache-miss
2770 silly fetch manifest es-errors@^1.3.0
2771 silly packumentCache full:https://registry.npmjs.org/es-errors cache-miss
2772 silly fetch manifest get-intrinsic@^1.2.6
2773 silly packumentCache full:https://registry.npmjs.org/get-intrinsic cache-miss
2774 silly fetch manifest has-tostringtag@^1.0.2
2775 silly packumentCache full:https://registry.npmjs.org/has-tostringtag cache-miss
2776 silly fetch manifest function-bind@^1.1.2
2777 silly packumentCache full:https://registry.npmjs.org/function-bind cache-miss
2778 silly fetch manifest mime-db@1.52.0
2779 silly packumentCache full:https://registry.npmjs.org/mime-db cache-hit
2780 http fetch GET 200 https://registry.npmjs.org/get-intrinsic 50ms (cache revalidated)
2781 silly packumentCache full:https://registry.npmjs.org/get-intrinsic set size:60985 disposed:false
2782 http fetch GET 200 https://registry.npmjs.org/function-bind 62ms (cache revalidated)
2783 silly packumentCache full:https://registry.npmjs.org/function-bind set size:15733 disposed:false
2784 http fetch GET 200 https://registry.npmjs.org/delayed-stream 71ms (cache revalidated)
2785 silly packumentCache full:https://registry.npmjs.org/delayed-stream set size:15820 disposed:false
2786 http fetch GET 200 https://registry.npmjs.org/es-errors 72ms (cache revalidated)
2787 silly packumentCache full:https://registry.npmjs.org/es-errors set size:16918 disposed:false
2788 http fetch GET 200 https://registry.npmjs.org/has-tostringtag 71ms (cache revalidated)
2789 silly packumentCache full:https://registry.npmjs.org/has-tostringtag set size:13945 disposed:false
2790 silly placeDep node_modules/openclaw delayed-stream@1.0.0 OK for: combined-stream@1.0.8 want: ~1.0.0
2791 silly placeDep node_modules/openclaw es-errors@1.3.0 OK for: es-set-tostringtag@2.1.0 want: ^1.3.0
2792 silly placeDep node_modules/openclaw get-intrinsic@1.3.0 OK for: es-set-tostringtag@2.1.0 want: ^1.2.6
2793 silly placeDep node_modules/openclaw has-tostringtag@1.0.2 OK for: es-set-tostringtag@2.1.0 want: ^1.0.2
2794 silly fetch manifest gopd@^1.2.0
2795 silly packumentCache full:https://registry.npmjs.org/gopd cache-miss
2796 silly fetch manifest get-proto@^1.0.1
2797 silly packumentCache full:https://registry.npmjs.org/get-proto cache-miss
2798 silly fetch manifest has-symbols@^1.1.0
2799 silly packumentCache full:https://registry.npmjs.org/has-symbols cache-miss
2800 silly fetch manifest es-object-atoms@^1.1.1
2801 silly packumentCache full:https://registry.npmjs.org/es-object-atoms cache-miss
2802 silly fetch manifest math-intrinsics@^1.1.0
2803 silly packumentCache full:https://registry.npmjs.org/math-intrinsics cache-miss
2804 silly fetch manifest es-define-property@^1.0.1
2805 silly packumentCache full:https://registry.npmjs.org/es-define-property cache-miss
2806 silly fetch manifest call-bind-apply-helpers@^1.0.2
2807 silly packumentCache full:https://registry.npmjs.org/call-bind-apply-helpers cache-miss
2808 silly fetch manifest has-symbols@^1.0.3
2809 silly packumentCache full:https://registry.npmjs.org/has-symbols cache-miss
2810 http fetch GET 200 https://registry.npmjs.org/es-object-atoms 45ms (cache revalidated)
2811 silly packumentCache full:https://registry.npmjs.org/es-object-atoms set size:15304 disposed:false
2812 http fetch GET 200 https://registry.npmjs.org/es-define-property 46ms (cache revalidated)
2813 silly packumentCache full:https://registry.npmjs.org/es-define-property set size:8542 disposed:false
2814 http fetch GET 200 https://registry.npmjs.org/gopd 52ms (cache revalidated)
2815 silly packumentCache full:https://registry.npmjs.org/gopd set size:11458 disposed:false
2816 http fetch GET 200 https://registry.npmjs.org/get-proto 53ms (cache revalidated)
2817 silly packumentCache full:https://registry.npmjs.org/get-proto set size:8300 disposed:false
2818 http fetch GET 200 https://registry.npmjs.org/has-symbols 53ms (cache revalidated)
2819 silly packumentCache full:https://registry.npmjs.org/has-symbols set size:21550 disposed:false
2820 http fetch GET 200 https://registry.npmjs.org/has-symbols 55ms (cache revalidated)
2821 silly packumentCache full:https://registry.npmjs.org/has-symbols set size:21550 disposed:false
2822 silly packumentCache full:https://registry.npmjs.org/has-symbols dispose
2823 http fetch GET 200 https://registry.npmjs.org/call-bind-apply-helpers 55ms (cache revalidated)
2824 silly packumentCache full:https://registry.npmjs.org/call-bind-apply-helpers set size:12744 disposed:false
2825 http fetch GET 200 https://registry.npmjs.org/math-intrinsics 56ms (cache revalidated)
2826 silly packumentCache full:https://registry.npmjs.org/math-intrinsics set size:9265 disposed:false
2827 silly placeDep node_modules/openclaw extend@3.0.2 OK for: gaxios@7.1.3 want: ^3.0.2
2828 silly placeDep node_modules/openclaw/node_modules/gaxios node-fetch@3.3.2 OK for: gaxios@7.1.3 want: ^3.3.2
2829 silly placeDep node_modules/openclaw/node_modules/gaxios rimraf@5.0.10 OK for: gaxios@7.1.3 want: ^5.0.1
2830 silly fetch manifest data-uri-to-buffer@^4.0.0
2831 silly packumentCache full:https://registry.npmjs.org/data-uri-to-buffer cache-miss
2832 silly fetch manifest fetch-blob@^3.1.4
2833 silly packumentCache full:https://registry.npmjs.org/fetch-blob cache-miss
2834 silly fetch manifest formdata-polyfill@^4.0.10
2835 silly packumentCache full:https://registry.npmjs.org/formdata-polyfill cache-miss
2836 silly fetch manifest glob@^10.3.7
2837 silly packumentCache full:https://registry.npmjs.org/glob cache-hit
2838 http fetch GET 200 https://registry.npmjs.org/data-uri-to-buffer 46ms (cache revalidated)
2839 silly packumentCache full:https://registry.npmjs.org/data-uri-to-buffer set size:43253 disposed:false
2840 http fetch GET 200 https://registry.npmjs.org/formdata-polyfill 49ms (cache revalidated)
2841 silly packumentCache full:https://registry.npmjs.org/formdata-polyfill set size:94446 disposed:false
2842 http fetch GET 200 https://registry.npmjs.org/fetch-blob 52ms (cache revalidated)
2843 silly packumentCache full:https://registry.npmjs.org/fetch-blob set size:73704 disposed:false
2844 silly placeDep node_modules/openclaw call-bind-apply-helpers@1.0.2 OK for: get-intrinsic@1.3.0 want: ^1.0.2
2845 silly placeDep node_modules/openclaw es-define-property@1.0.1 OK for: get-intrinsic@1.3.0 want: ^1.0.1
2846 silly placeDep node_modules/openclaw es-object-atoms@1.1.1 OK for: get-intrinsic@1.3.0 want: ^1.1.1
2847 silly placeDep node_modules/openclaw function-bind@1.1.2 OK for: get-intrinsic@1.3.0 want: ^1.1.2
2848 silly placeDep node_modules/openclaw get-proto@1.0.1 OK for: get-intrinsic@1.3.0 want: ^1.0.1
2849 silly placeDep node_modules/openclaw gopd@1.2.0 OK for: get-intrinsic@1.3.0 want: ^1.2.0
2850 silly placeDep node_modules/openclaw has-symbols@1.1.0 OK for: get-intrinsic@1.3.0 want: ^1.1.0
2851 silly placeDep node_modules/openclaw math-intrinsics@1.1.0 OK for: get-intrinsic@1.3.0 want: ^1.1.0
2852 silly fetch manifest dunder-proto@^1.0.1
2853 silly packumentCache full:https://registry.npmjs.org/dunder-proto cache-miss
2854 http fetch GET 200 https://registry.npmjs.org/dunder-proto 46ms (cache revalidated)
2855 silly packumentCache full:https://registry.npmjs.org/dunder-proto set size:8256 disposed:false
2856 silly placeDep node_modules/openclaw dunder-proto@1.0.1 OK for: get-proto@1.0.1 want: ^1.0.1
2857 silly placeDep node_modules/openclaw pump@3.0.4 OK for: get-stream@5.2.0 want: ^3.0.0
2858 silly fetch manifest end-of-stream@^1.1.0
2859 silly packumentCache full:https://registry.npmjs.org/end-of-stream cache-miss
2860 http fetch GET 200 https://registry.npmjs.org/end-of-stream 291ms (cache revalidated)
2861 silly packumentCache full:https://registry.npmjs.org/end-of-stream set size:27842 disposed:false
2862 silly placeDep node_modules/openclaw minipass@7.1.3 OK for: glob@13.0.6 want: ^7.1.3
2863 silly placeDep node_modules/openclaw path-scurry@2.0.2 OK for: glob@13.0.6 want: ^2.0.2
2864 silly placeDep node_modules/openclaw base64-js@1.5.1 OK for: google-auth-library@10.6.1 want: ^1.3.0
2865 silly placeDep node_modules/openclaw ecdsa-sig-formatter@1.0.11 OK for: google-auth-library@10.6.1 want: ^1.0.11
2866 silly placeDep node_modules/openclaw gcp-metadata@8.1.2 OK for: google-auth-library@10.6.1 want: 8.1.2
2867 silly placeDep node_modules/openclaw google-logging-utils@1.1.3 OK for: google-auth-library@10.6.1 want: 1.1.3
2868 silly placeDep node_modules/openclaw jws@4.0.1 OK for: google-auth-library@10.6.1 want: ^4.0.0
2869 silly fetch manifest safe-buffer@^5.0.1
2870 silly packumentCache full:https://registry.npmjs.org/safe-buffer cache-miss
2871 silly fetch manifest google-logging-utils@^1.0.0
2872 silly packumentCache full:https://registry.npmjs.org/google-logging-utils cache-hit
2873 silly fetch manifest json-bigint@^1.0.0
2874 silly packumentCache full:https://registry.npmjs.org/json-bigint cache-miss
2875 silly fetch manifest jwa@^2.0.1
2876 silly packumentCache full:https://registry.npmjs.org/jwa cache-miss
2877 silly fetch manifest safe-buffer@^5.0.1
2878 silly packumentCache full:https://registry.npmjs.org/safe-buffer cache-miss
2879 http fetch GET 200 https://registry.npmjs.org/json-bigint 54ms (cache revalidated)
2880 silly packumentCache full:https://registry.npmjs.org/json-bigint set size:36963 disposed:false
2881 http fetch GET 200 https://registry.npmjs.org/safe-buffer 68ms (cache revalidated)
2882 silly packumentCache full:https://registry.npmjs.org/safe-buffer set size:41183 disposed:false
2883 http fetch GET 200 https://registry.npmjs.org/safe-buffer 69ms (cache revalidated)
2884 silly packumentCache full:https://registry.npmjs.org/safe-buffer set size:41183 disposed:false
2885 silly packumentCache full:https://registry.npmjs.org/safe-buffer dispose
2886 http fetch GET 200 https://registry.npmjs.org/jwa 74ms (cache revalidated)
2887 silly packumentCache full:https://registry.npmjs.org/jwa set size:39956 disposed:false
2888 silly placeDep node_modules/openclaw safe-buffer@5.2.1 OK for: ecdsa-sig-formatter@1.0.11 want: ^5.0.1
2889 silly placeDep node_modules/openclaw json-bigint@1.0.0 OK for: gcp-metadata@8.1.2 want: ^1.0.0
2890 silly fetch manifest bignumber.js@^9.0.0
2891 silly packumentCache full:https://registry.npmjs.org/bignumber.js cache-miss
2892 http fetch GET 200 https://registry.npmjs.org/bignumber.js 52ms (cache revalidated)
2893 silly packumentCache full:https://registry.npmjs.org/bignumber.js set size:132050 disposed:false
2894 silly placeDep node_modules/openclaw @grammyjs/types@3.25.0 OK for: grammy@1.41.1 want: 3.25.0
2895 silly placeDep node_modules/openclaw inherits@2.0.4 OK for: http-errors@2.0.1 want: ~2.0.4
2896 silly placeDep node_modules/openclaw setprototypeof@1.2.0 OK for: http-errors@2.0.1 want: ~1.2.0
2897 silly placeDep node_modules/openclaw toidentifier@1.0.1 OK for: http-errors@2.0.1 want: ~1.0.1
2898 silly placeDep node_modules/openclaw agent-base@7.1.4 OK for: https-proxy-agent@7.0.6 want: ^7.1.2
2899 silly placeDep node_modules/openclaw safer-buffer@2.1.2 OK for: iconv-lite@0.7.2 want: >= 2.1.2 < 3.0.0
2900 silly placeDep node_modules/openclaw bignumber.js@9.3.1 OK for: json-bigint@1.0.0 want: ^9.0.0
2901 silly placeDep node_modules/openclaw @babel/runtime@7.28.6 OK for: json-schema-to-ts@3.1.1 want: ^7.18.3
2902 silly placeDep node_modules/openclaw ts-algebra@2.0.0 OK for: json-schema-to-ts@3.1.1 want: ^2.0.0
2903 silly placeDep node_modules/openclaw lodash.includes@4.3.0 OK for: jsonwebtoken@9.0.3 want: ^4.3.0
2904 silly placeDep node_modules/openclaw lodash.isboolean@3.0.3 OK for: jsonwebtoken@9.0.3 want: ^3.0.3
2905 silly placeDep node_modules/openclaw lodash.isinteger@4.0.4 OK for: jsonwebtoken@9.0.3 want: ^4.0.4
2906 silly placeDep node_modules/openclaw lodash.isnumber@3.0.3 OK for: jsonwebtoken@9.0.3 want: ^3.0.3
2907 silly placeDep node_modules/openclaw lodash.isplainobject@4.0.6 OK for: jsonwebtoken@9.0.3 want: ^4.0.6
2908 silly placeDep node_modules/openclaw lodash.isstring@4.0.1 OK for: jsonwebtoken@9.0.3 want: ^4.0.1
2909 silly placeDep node_modules/openclaw lodash.once@4.1.1 OK for: jsonwebtoken@9.0.3 want: ^4.0.0
2910 silly placeDep node_modules/openclaw lie@3.3.0 OK for: jszip@3.10.1 want: ~3.3.0
2911 silly placeDep node_modules/openclaw pako@1.0.11 OK for: jszip@3.10.1 want: ~1.0.2
2912 silly placeDep node_modules/openclaw readable-stream@2.3.8 OK for: jszip@3.10.1 want: ~2.3.6
2913 silly placeDep node_modules/openclaw setimmediate@1.0.5 OK for: jszip@3.10.1 want: ^1.0.5
2914 silly fetch manifest immediate@~3.0.5
2915 silly packumentCache full:https://registry.npmjs.org/immediate cache-miss
2916 silly fetch manifest isarray@~1.0.0
2917 silly packumentCache full:https://registry.npmjs.org/isarray cache-miss
2918 silly fetch manifest safe-buffer@~5.1.1
2919 silly packumentCache full:https://registry.npmjs.org/safe-buffer cache-hit
2920 silly fetch manifest core-util-is@~1.0.0
2921 silly packumentCache full:https://registry.npmjs.org/core-util-is cache-miss
2922 silly fetch manifest string_decoder@~1.1.1
2923 silly packumentCache full:https://registry.npmjs.org/string_decoder cache-miss
2924 silly fetch manifest util-deprecate@~1.0.1
2925 silly packumentCache full:https://registry.npmjs.org/util-deprecate cache-miss
2926 silly fetch manifest process-nextick-args@~2.0.0
2927 silly packumentCache full:https://registry.npmjs.org/process-nextick-args cache-miss
2928 http fetch GET 200 https://registry.npmjs.org/immediate 56ms (cache revalidated)
2929 silly packumentCache full:https://registry.npmjs.org/immediate set size:66460 disposed:false
2930 http fetch GET 200 https://registry.npmjs.org/core-util-is 59ms (cache revalidated)
2931 silly packumentCache full:https://registry.npmjs.org/core-util-is set size:7163 disposed:false
2932 http fetch GET 200 https://registry.npmjs.org/process-nextick-args 58ms (cache revalidated)
2933 silly packumentCache full:https://registry.npmjs.org/process-nextick-args set size:15428 disposed:false
2934 http fetch GET 200 https://registry.npmjs.org/isarray 61ms (cache revalidated)
2935 silly packumentCache full:https://registry.npmjs.org/isarray set size:17392 disposed:false
2936 http fetch GET 200 https://registry.npmjs.org/string_decoder 81ms (cache revalidated)
2937 silly packumentCache full:https://registry.npmjs.org/string_decoder set size:28441 disposed:false
2938 http fetch GET 200 https://registry.npmjs.org/util-deprecate 331ms (cache revalidated)
2939 silly packumentCache full:https://registry.npmjs.org/util-deprecate set size:6674 disposed:false
2940 silly placeDep node_modules/openclaw jwa@2.0.1 OK for: jws@4.0.1 want: ^2.0.1
2941 silly fetch manifest buffer-equal-constant-time@^1.0.1
2942 silly packumentCache full:https://registry.npmjs.org/buffer-equal-constant-time cache-miss
2943 http fetch GET 200 https://registry.npmjs.org/buffer-equal-constant-time 47ms (cache revalidated)
2944 silly packumentCache full:https://registry.npmjs.org/buffer-equal-constant-time set size:4390 disposed:false
2945 silly placeDep node_modules/openclaw buffer-equal-constant-time@1.0.1 OK for: jwa@2.0.1 want: ^1.0.1
2946 silly placeDep node_modules/openclaw @keyv/serialize@1.1.1 OK for: keyv@5.6.0 want: ^1.1.1
2947 silly placeDep node_modules/openclaw curve25519-js@0.0.4 OK for: @whiskeysockets/libsignal-node@2.0.1 want: ^0.0.4
2948 silly placeDep node_modules/openclaw/node_modules/libsignal protobufjs@6.8.8 OK for: @whiskeysockets/libsignal-node@2.0.1 want: 6.8.8
2949 silly fetch manifest long@^4.0.0
2950 silly packumentCache full:https://registry.npmjs.org/long cache-hit
2951 silly fetch manifest @types/long@^4.0.0
2952 silly packumentCache full:https://registry.npmjs.org/@types%2flong cache-miss
2953 silly fetch manifest @types/node@^10.1.0
2954 silly packumentCache full:https://registry.npmjs.org/@types%2fnode cache-miss
2955 http cache https://registry.npmjs.org/@types%2fnode 22ms (cache hit)
2956 silly packumentCache full:https://registry.npmjs.org/@types%2fnode set size:10900244 disposed:false
2957 http fetch GET 200 https://registry.npmjs.org/@types%2flong 160ms (cache revalidated)
2958 silly packumentCache full:https://registry.npmjs.org/@types%2flong set size:28711 disposed:false
2959 silly placeDep node_modules/openclaw immediate@3.0.6 OK for: lie@3.3.0 want: ~3.0.5
2960 silly placeDep node_modules/openclaw css-select@5.2.2 OK for: linkedom@0.18.12 want: ^5.1.0
2961 silly placeDep node_modules/openclaw cssom@0.5.0 OK for: linkedom@0.18.12 want: ^0.5.0
2962 silly placeDep node_modules/openclaw html-escaper@3.0.3 OK for: linkedom@0.18.12 want: ^3.0.3
2963 silly placeDep node_modules/openclaw htmlparser2@10.1.0 OK for: linkedom@0.18.12 want: ^10.0.0
2964 silly placeDep node_modules/openclaw uhyphen@0.2.0 OK for: linkedom@0.18.12 want: ^0.2.0
2965 silly fetch manifest boolbase@^1.0.0
2966 silly packumentCache full:https://registry.npmjs.org/boolbase cache-miss
2967 silly fetch manifest css-what@^6.1.0
2968 silly packumentCache full:https://registry.npmjs.org/css-what cache-miss
2969 silly fetch manifest domutils@^3.0.1
2970 silly packumentCache full:https://registry.npmjs.org/domutils cache-miss
2971 silly fetch manifest nth-check@^2.0.1
2972 silly packumentCache full:https://registry.npmjs.org/nth-check cache-miss
2973 silly fetch manifest domhandler@^5.0.2
2974 silly packumentCache full:https://registry.npmjs.org/domhandler cache-miss
2975 silly fetch manifest domutils@^3.2.2
2976 silly packumentCache full:https://registry.npmjs.org/domutils cache-miss
2977 silly fetch manifest entities@^7.0.1
2978 silly packumentCache full:https://registry.npmjs.org/entities cache-hit
2979 silly fetch manifest domhandler@^5.0.3
2980 silly packumentCache full:https://registry.npmjs.org/domhandler cache-miss
2981 silly fetch manifest domelementtype@^2.3.0
2982 silly packumentCache full:https://registry.npmjs.org/domelementtype cache-miss
2983 http fetch GET 200 https://registry.npmjs.org/domutils 87ms (cache revalidated)
2984 silly packumentCache full:https://registry.npmjs.org/domutils set size:102772 disposed:false
2985 http fetch GET 200 https://registry.npmjs.org/boolbase 93ms (cache revalidated)
2986 silly packumentCache full:https://registry.npmjs.org/boolbase set size:2451 disposed:false
2987 http fetch GET 200 https://registry.npmjs.org/domhandler 93ms (cache revalidated)
2988 silly packumentCache full:https://registry.npmjs.org/domhandler set size:73300 disposed:false
2989 http fetch GET 200 https://registry.npmjs.org/domhandler 91ms (cache revalidated)
2990 silly packumentCache full:https://registry.npmjs.org/domhandler set size:73300 disposed:false
2991 silly packumentCache full:https://registry.npmjs.org/domhandler dispose
2992 http fetch GET 200 https://registry.npmjs.org/nth-check 97ms (cache revalidated)
2993 silly packumentCache full:https://registry.npmjs.org/nth-check set size:22973 disposed:false
2994 http fetch GET 200 https://registry.npmjs.org/domutils 100ms (cache revalidated)
2995 silly packumentCache full:https://registry.npmjs.org/domutils set size:102772 disposed:false
2996 silly packumentCache full:https://registry.npmjs.org/domutils dispose
2997 http fetch GET 200 https://registry.npmjs.org/domelementtype 94ms (cache revalidated)
2998 silly packumentCache full:https://registry.npmjs.org/domelementtype set size:30945 disposed:false
2999 http fetch GET 200 https://registry.npmjs.org/css-what 101ms (cache revalidated)
3000 silly packumentCache full:https://registry.npmjs.org/css-what set size:79769 disposed:false
3001 silly placeDep node_modules/openclaw boolbase@1.0.0 OK for: css-select@5.2.2 want: ^1.0.0
3002 silly placeDep node_modules/openclaw css-what@6.2.2 OK for: css-select@5.2.2 want: ^6.1.0
3003 silly placeDep node_modules/openclaw domhandler@5.0.3 OK for: css-select@5.2.2 want: ^5.0.2
3004 silly placeDep node_modules/openclaw domutils@3.2.2 OK for: css-select@5.2.2 want: ^3.0.1
3005 silly placeDep node_modules/openclaw nth-check@2.1.1 OK for: css-select@5.2.2 want: ^2.0.1
3006 silly fetch manifest dom-serializer@^2.0.0
3007 silly packumentCache full:https://registry.npmjs.org/dom-serializer cache-miss
3008 http fetch GET 200 https://registry.npmjs.org/dom-serializer 50ms (cache revalidated)
3009 silly packumentCache full:https://registry.npmjs.org/dom-serializer set size:52161 disposed:false
3010 silly placeDep node_modules/openclaw domelementtype@2.3.0 OK for: domhandler@5.0.3 want: ^2.3.0
3011 silly placeDep node_modules/openclaw dom-serializer@2.0.0 OK for: domutils@3.2.2 want: ^2.0.0
3012 silly fetch manifest entities@^4.2.0
3013 silly packumentCache full:https://registry.npmjs.org/entities cache-hit
3014 silly placeDep node_modules/openclaw entities@4.5.0 OK for: dom-serializer@2.0.0 want: ^4.2.0
3015 silly placeDep node_modules/openclaw/node_modules/htmlparser2 entities@7.0.1 OK for: htmlparser2@10.1.0 want: ^7.0.1
3016 silly placeDep node_modules/openclaw/node_modules/make-dir semver@6.3.1 OK for: make-dir@3.1.0 want: ^6.0.0
3017 silly placeDep node_modules/openclaw argparse@2.0.1 OK for: markdown-it@14.1.1 want: ^2.0.1
3018 silly placeDep node_modules/openclaw linkify-it@5.0.0 OK for: markdown-it@14.1.1 want: ^5.0.0
3019 silly placeDep node_modules/openclaw mdurl@2.0.0 OK for: markdown-it@14.1.1 want: ^2.0.0
3020 silly placeDep node_modules/openclaw punycode.js@2.3.1 OK for: markdown-it@14.1.1 want: ^2.3.1
3021 silly placeDep node_modules/openclaw uc.micro@2.1.0 OK for: markdown-it@14.1.1 want: ^2.1.0
3022 silly fetch manifest uc.micro@^2.0.0
3023 silly packumentCache full:https://registry.npmjs.org/uc.micro cache-hit
3024 silly placeDep node_modules/openclaw mime-db@1.54.0 OK for: mime-types@3.0.2 want: ^1.54.0
3025 silly placeDep node_modules/openclaw brace-expansion@5.0.4 OK for: minimatch@10.2.4 want: ^5.0.2
3026 silly fetch manifest balanced-match@^4.0.2
3027 silly packumentCache full:https://registry.npmjs.org/balanced-match cache-miss
3028 http fetch GET 200 https://registry.npmjs.org/balanced-match 45ms (cache revalidated)
3029 silly packumentCache full:https://registry.npmjs.org/balanced-match set size:39082 disposed:false
3030 silly placeDep node_modules/openclaw balanced-match@4.0.4 OK for: brace-expansion@5.0.4 want: ^4.0.2
3031 silly placeDep node_modules/openclaw @borewit/text-codec@0.2.1 OK for: music-metadata@11.12.1 want: ^0.2.1
3032 silly placeDep node_modules/openclaw @tokenizer/token@0.3.0 OK for: music-metadata@11.12.1 want: ^0.3.0
3033 silly placeDep node_modules/openclaw media-typer@1.1.0 OK for: music-metadata@11.12.1 want: ^1.1.0
3034 silly placeDep node_modules/openclaw win-guid@0.2.1 OK for: music-metadata@11.12.1 want: ^0.2.1
3035 silly placeDep node_modules/openclaw any-promise@1.3.0 OK for: mz@2.7.0 want: ^1.0.0
3036 silly placeDep node_modules/openclaw object-assign@4.1.1 OK for: mz@2.7.0 want: ^4.0.1
3037 silly placeDep node_modules/openclaw thenify-all@1.6.0 OK for: mz@2.7.0 want: ^1.0.0
3038 silly fetch manifest thenify@>= 3.1.0 < 4
3039 silly packumentCache full:https://registry.npmjs.org/thenify cache-miss
3040 http fetch GET 200 https://registry.npmjs.org/thenify 43ms (cache revalidated)
3041 silly packumentCache full:https://registry.npmjs.org/thenify set size:21379 disposed:false
3042 silly placeDep node_modules/openclaw/node_modules/node-edge-tts yargs@17.7.2 OK for: node-edge-tts@1.2.10 want: ^17.7.2
3043 silly fetch manifest cliui@^8.0.1
3044 silly packumentCache full:https://registry.npmjs.org/cliui cache-hit
3045 silly fetch manifest string-width@^4.2.3
3046 silly packumentCache full:https://registry.npmjs.org/string-width cache-hit
3047 silly fetch manifest yargs-parser@^21.1.1
3048 silly packumentCache full:https://registry.npmjs.org/yargs-parser cache-hit
3049 silly placeDep node_modules/openclaw whatwg-url@5.0.0 OK for: node-fetch@2.7.0 want: ^5.0.0
3050 silly fetch manifest tr46@~0.0.3
3051 silly packumentCache full:https://registry.npmjs.org/tr46 cache-miss
3052 silly fetch manifest webidl-conversions@^3.0.0
3053 silly packumentCache full:https://registry.npmjs.org/webidl-conversions cache-miss
3054 http fetch GET 200 https://registry.npmjs.org/webidl-conversions 46ms (cache revalidated)
3055 silly packumentCache full:https://registry.npmjs.org/webidl-conversions set size:46073 disposed:false
3056 http fetch GET 200 https://registry.npmjs.org/tr46 47ms (cache revalidated)
3057 silly packumentCache full:https://registry.npmjs.org/tr46 set size:47377 disposed:false
3058 silly placeDep node_modules/openclaw @huggingface/jinja@0.5.5 OK for: node-llama-cpp@3.16.2 want: ^0.5.5
3059 silly placeDep node_modules/openclaw @node-llama-cpp/linux-arm64@3.16.2 OK for: node-llama-cpp@3.16.2 want: 3.16.2
3060 silly placeDep node_modules/openclaw @node-llama-cpp/linux-armv7l@3.16.2 OK for: node-llama-cpp@3.16.2 want: 3.16.2
3061 silly placeDep node_modules/openclaw @node-llama-cpp/linux-x64@3.16.2 OK for: node-llama-cpp@3.16.2 want: 3.16.2
3062 silly placeDep node_modules/openclaw @node-llama-cpp/linux-x64-cuda@3.16.2 OK for: node-llama-cpp@3.16.2 want: 3.16.2
3063 silly placeDep node_modules/openclaw @node-llama-cpp/linux-x64-cuda-ext@3.16.2 OK for: node-llama-cpp@3.16.2 want: 3.16.2
3064 silly placeDep node_modules/openclaw @node-llama-cpp/linux-x64-vulkan@3.16.2 OK for: node-llama-cpp@3.16.2 want: 3.16.2
3065 silly placeDep node_modules/openclaw @node-llama-cpp/mac-arm64-metal@3.16.2 OK for: node-llama-cpp@3.16.2 want: 3.16.2
3066 silly placeDep node_modules/openclaw @node-llama-cpp/mac-x64@3.16.2 OK for: node-llama-cpp@3.16.2 want: 3.16.2
3067 silly placeDep node_modules/openclaw @node-llama-cpp/win-arm64@3.16.2 OK for: node-llama-cpp@3.16.2 want: 3.16.2
3068 silly placeDep node_modules/openclaw @node-llama-cpp/win-x64@3.16.2 OK for: node-llama-cpp@3.16.2 want: 3.16.2
3069 silly placeDep node_modules/openclaw @node-llama-cpp/win-x64-cuda@3.16.2 OK for: node-llama-cpp@3.16.2 want: 3.16.2
3070 silly placeDep node_modules/openclaw @node-llama-cpp/win-x64-cuda-ext@3.16.2 OK for: node-llama-cpp@3.16.2 want: 3.16.2
3071 silly placeDep node_modules/openclaw @node-llama-cpp/win-x64-vulkan@3.16.2 OK for: node-llama-cpp@3.16.2 want: 3.16.2
3072 silly placeDep node_modules/openclaw async-retry@1.3.3 OK for: node-llama-cpp@3.16.2 want: ^1.3.3
3073 silly placeDep node_modules/openclaw chmodrp@1.0.2 OK for: node-llama-cpp@3.16.2 want: ^1.0.2
3074 silly placeDep node_modules/openclaw cmake-js@8.0.0 OK for: node-llama-cpp@3.16.2 want: ^8.0.0
3075 silly placeDep node_modules/openclaw cross-spawn@7.0.6 OK for: node-llama-cpp@3.16.2 want: ^7.0.6
3076 silly placeDep node_modules/openclaw env-var@7.5.0 OK for: node-llama-cpp@3.16.2 want: ^7.5.0
3077 silly placeDep node_modules/openclaw filenamify@6.0.0 OK for: node-llama-cpp@3.16.2 want: ^6.0.0
3078 silly placeDep node_modules/openclaw fs-extra@11.3.3 OK for: node-llama-cpp@3.16.2 want: ^11.3.0
3079 silly placeDep node_modules/openclaw ipull@3.9.5 OK for: node-llama-cpp@3.16.2 want: ^3.9.5
3080 silly placeDep node_modules/openclaw is-unicode-supported@2.1.0 OK for: node-llama-cpp@3.16.2 want: ^2.1.0
3081 silly placeDep node_modules/openclaw lifecycle-utils@3.1.1 OK for: node-llama-cpp@3.16.2 want: ^3.1.1
3082 silly placeDep node_modules/openclaw log-symbols@7.0.1 OK for: node-llama-cpp@3.16.2 want: ^7.0.1
3083 silly placeDep node_modules/openclaw nanoid@5.1.6 OK for: node-llama-cpp@3.16.2 want: ^5.1.6
3084 silly placeDep node_modules/openclaw octokit@5.0.5 OK for: node-llama-cpp@3.16.2 want: ^5.0.5
3085 silly placeDep node_modules/openclaw ora@9.3.0 OK for: node-llama-cpp@3.16.2 want: ^9.3.0
3086 silly placeDep node_modules/openclaw pretty-ms@9.3.0 OK for: node-llama-cpp@3.16.2 want: ^9.3.0
3087 silly placeDep node_modules/openclaw simple-git@3.32.3 OK for: node-llama-cpp@3.16.2 want: ^3.31.1
3088 silly placeDep node_modules/openclaw slice-ansi@8.0.0 OK for: node-llama-cpp@3.16.2 want: ^8.0.0
3089 silly placeDep node_modules/openclaw stdout-update@4.0.1 OK for: node-llama-cpp@3.16.2 want: ^4.0.1
3090 silly placeDep node_modules/openclaw validate-npm-package-name@7.0.2 OK for: node-llama-cpp@3.16.2 want: ^7.0.2
3091 silly placeDep node_modules/openclaw which@6.0.1 OK for: node-llama-cpp@3.16.2 want: ^6.0.1
3092 silly placeDep node_modules/openclaw/node_modules/node-llama-cpp yargs@17.7.2 OK for: node-llama-cpp@3.16.2 want: ^17.7.2
3093 silly fetch manifest fs-extra@^11.3.3
3094 silly packumentCache full:https://registry.npmjs.org/fs-extra cache-hit
3095 silly fetch manifest node-api-headers@^1.8.0
3096 silly packumentCache full:https://registry.npmjs.org/node-api-headers cache-miss
3097 silly fetch manifest rc@1.2.8
3098 silly packumentCache full:https://registry.npmjs.org/rc cache-miss
3099 silly fetch manifest url-join@^4.0.1
3100 silly packumentCache full:https://registry.npmjs.org/url-join cache-miss
3101 silly fetch manifest which@^6.0.0
3102 silly packumentCache full:https://registry.npmjs.org/which cache-hit
3103 silly fetch manifest which@^2.0.1
3104 silly packumentCache full:https://registry.npmjs.org/which cache-hit
3105 silly fetch manifest path-key@^3.1.0
3106 silly packumentCache full:https://registry.npmjs.org/path-key cache-miss
3107 silly fetch manifest shebang-command@^2.0.0
3108 silly packumentCache full:https://registry.npmjs.org/shebang-command cache-miss
3109 silly fetch manifest filename-reserved-regex@^3.0.0
3110 silly packumentCache full:https://registry.npmjs.org/filename-reserved-regex cache-miss
3111 silly fetch manifest graceful-fs@^4.2.0
3112 silly packumentCache full:https://registry.npmjs.org/graceful-fs cache-hit
3113 silly fetch manifest jsonfile@^6.0.1
3114 silly packumentCache full:https://registry.npmjs.org/jsonfile cache-miss
3115 silly fetch manifest universalify@^2.0.0
3116 silly packumentCache full:https://registry.npmjs.org/universalify cache-miss
3117 silly fetch manifest @tinyhttp/content-disposition@^2.2.0
3118 silly packumentCache full:https://registry.npmjs.org/@tinyhttp%2fcontent-disposition cache-miss
3119 http fetch GET 200 https://registry.npmjs.org/rc 57ms (cache revalidated)
3120 silly packumentCache full:https://registry.npmjs.org/rc set size:70417 disposed:false
3121 silly fetch manifest ci-info@^4.0.0
3122 silly packumentCache full:https://registry.npmjs.org/ci-info cache-miss
3123 http fetch GET 200 https://registry.npmjs.org/path-key 60ms (cache revalidated)
3124 silly packumentCache full:https://registry.npmjs.org/path-key set size:16975 disposed:false
3125 silly fetch manifest cli-spinners@^2.9.2
3126 silly packumentCache full:https://registry.npmjs.org/cli-spinners cache-miss
3127 http fetch GET 200 https://registry.npmjs.org/universalify 57ms (cache revalidated)
3128 silly packumentCache full:https://registry.npmjs.org/universalify set size:19431 disposed:false
3129 silly fetch manifest commander@^10.0.0
3130 silly packumentCache full:https://registry.npmjs.org/commander cache-hit
3131 silly fetch manifest is-unicode-supported@^2.0.0
3132 silly packumentCache full:https://registry.npmjs.org/is-unicode-supported cache-hit
3133 silly fetch manifest lifecycle-utils@^2.0.1
3134 silly packumentCache full:https://registry.npmjs.org/lifecycle-utils cache-hit
3135 silly fetch manifest lodash.debounce@^4.0.8
3136 silly packumentCache full:https://registry.npmjs.org/lodash.debounce cache-miss
3137 http fetch GET 200 https://registry.npmjs.org/url-join 66ms (cache revalidated)
3138 silly packumentCache full:https://registry.npmjs.org/url-join set size:22958 disposed:false
3139 silly fetch manifest lowdb@^7.0.1
3140 silly packumentCache full:https://registry.npmjs.org/lowdb cache-miss
3141 http fetch GET 200 https://registry.npmjs.org/jsonfile 67ms (cache revalidated)
3142 silly packumentCache full:https://registry.npmjs.org/jsonfile set size:51505 disposed:false
3143 silly fetch manifest pretty-bytes@^6.1.0
3144 silly packumentCache full:https://registry.npmjs.org/pretty-bytes cache-miss
3145 http fetch GET 200 https://registry.npmjs.org/shebang-command 72ms (cache revalidated)
3146 silly packumentCache full:https://registry.npmjs.org/shebang-command set size:8525 disposed:false
3147 silly fetch manifest pretty-ms@^8.0.0
3148 silly packumentCache full:https://registry.npmjs.org/pretty-ms cache-hit
3149 silly fetch manifest sleep-promise@^9.1.0
3150 silly packumentCache full:https://registry.npmjs.org/sleep-promise cache-miss
3151 http fetch GET 200 https://registry.npmjs.org/@tinyhttp%2fcontent-disposition 68ms (cache revalidated)
3152 silly packumentCache full:https://registry.npmjs.org/@tinyhttp%2fcontent-disposition set size:110052 disposed:false
3153 silly fetch manifest slice-ansi@^7.1.0
3154 silly packumentCache full:https://registry.npmjs.org/slice-ansi cache-hit
3155 silly fetch manifest @reflink/reflink@^0.1.16
3156 silly packumentCache full:https://registry.npmjs.org/@reflink%2freflink cache-miss
3157 http fetch GET 200 https://registry.npmjs.org/sleep-promise 48ms (cache revalidated)
3158 silly packumentCache full:https://registry.npmjs.org/sleep-promise set size:52821 disposed:false
3159 silly fetch manifest @octokit/app@^16.1.2
3160 silly packumentCache full:https://registry.npmjs.org/@octokit%2fapp cache-miss
3161 http fetch GET 200 https://registry.npmjs.org/ci-info 66ms (cache revalidated)
3162 silly packumentCache full:https://registry.npmjs.org/ci-info set size:91363 disposed:false
3163 silly fetch manifest @octokit/core@^7.0.6
3164 silly packumentCache full:https://registry.npmjs.org/@octokit%2fcore cache-miss
3165 http fetch GET 200 https://registry.npmjs.org/cli-spinners 67ms (cache revalidated)
3166 silly packumentCache full:https://registry.npmjs.org/cli-spinners set size:67473 disposed:false
3167 silly fetch manifest @octokit/oauth-app@^8.0.3
3168 silly packumentCache full:https://registry.npmjs.org/@octokit%2foauth-app cache-miss
3169 http fetch GET 200 https://registry.npmjs.org/pretty-bytes 61ms (cache revalidated)
3170 silly packumentCache full:https://registry.npmjs.org/pretty-bytes set size:64558 disposed:false
3171 silly fetch manifest @octokit/plugin-paginate-graphql@^6.0.0
3172 silly packumentCache full:https://registry.npmjs.org/@octokit%2fplugin-paginate-graphql cache-miss
3173 http fetch GET 200 https://registry.npmjs.org/@reflink%2freflink 75ms (cache revalidated)
3174 silly packumentCache full:https://registry.npmjs.org/@reflink%2freflink set size:55461 disposed:false
3175 silly fetch manifest @octokit/plugin-paginate-rest@^14.0.0
3176 silly packumentCache full:https://registry.npmjs.org/@octokit%2fplugin-paginate-rest cache-miss
3177 http fetch GET 200 https://registry.npmjs.org/@octokit%2fcore 71ms (cache revalidated)
3178 silly packumentCache full:https://registry.npmjs.org/@octokit%2fcore set size:274435 disposed:false
3179 silly fetch manifest @octokit/plugin-rest-endpoint-methods@^17.0.0
3180 silly packumentCache full:https://registry.npmjs.org/@octokit%2fplugin-rest-endpoint-methods cache-miss
3181 http fetch GET 200 https://registry.npmjs.org/@octokit%2fplugin-rest-endpoint-methods 68ms (cache revalidated)
3182 silly packumentCache full:https://registry.npmjs.org/@octokit%2fplugin-rest-endpoint-methods set size:693469 disposed:false
3183 silly fetch manifest @octokit/plugin-retry@^8.0.3
3184 silly packumentCache full:https://registry.npmjs.org/@octokit%2fplugin-retry cache-miss
3185 http fetch GET 200 https://registry.npmjs.org/node-api-headers 303ms (cache revalidated)
3186 silly packumentCache full:https://registry.npmjs.org/node-api-headers set size:39978 disposed:false
3187 silly fetch manifest @octokit/plugin-throttling@^11.0.3
3188 silly packumentCache full:https://registry.npmjs.org/@octokit%2fplugin-throttling cache-miss
3189 http fetch GET 200 https://registry.npmjs.org/filename-reserved-regex 327ms (cache revalidated)
3190 silly packumentCache full:https://registry.npmjs.org/filename-reserved-regex set size:9832 disposed:false
3191 silly fetch manifest @octokit/request-error@^7.0.2
3192 silly packumentCache full:https://registry.npmjs.org/@octokit%2frequest-error cache-miss
3193 http fetch GET 200 https://registry.npmjs.org/lodash.debounce 298ms (cache revalidated)
3194 silly packumentCache full:https://registry.npmjs.org/lodash.debounce set size:44123 disposed:false
3195 silly fetch manifest @octokit/types@^16.0.0
3196 silly packumentCache full:https://registry.npmjs.org/@octokit%2ftypes cache-miss
3197 http fetch GET 200 https://registry.npmjs.org/@octokit%2frequest-error 49ms (cache revalidated)
3198 silly packumentCache full:https://registry.npmjs.org/@octokit%2frequest-error set size:128798 disposed:false
3199 silly fetch manifest @octokit/webhooks@^14.0.0
3200 silly packumentCache full:https://registry.npmjs.org/@octokit%2fwebhooks cache-miss
3201 http fetch GET 200 https://registry.npmjs.org/lowdb 321ms (cache revalidated)
3202 silly packumentCache full:https://registry.npmjs.org/lowdb set size:183709 disposed:false
3203 silly fetch manifest cli-cursor@^5.0.0
3204 silly packumentCache full:https://registry.npmjs.org/cli-cursor cache-miss
3205 http fetch GET 200 https://registry.npmjs.org/@octokit%2ftypes 56ms (cache revalidated)
3206 silly packumentCache full:https://registry.npmjs.org/@octokit%2ftypes set size:675487 disposed:false
3207 silly fetch manifest cli-spinners@^3.2.0
3208 silly packumentCache full:https://registry.npmjs.org/cli-spinners cache-hit
3209 silly fetch manifest is-interactive@^2.0.0
3210 silly packumentCache full:https://registry.npmjs.org/is-interactive cache-miss
3211 http fetch GET 200 https://registry.npmjs.org/cli-cursor 51ms (cache revalidated)
3212 silly packumentCache full:https://registry.npmjs.org/cli-cursor set size:18913 disposed:false
3213 silly fetch manifest stdin-discarder@^0.3.1
3214 silly packumentCache full:https://registry.npmjs.org/stdin-discarder cache-miss
3215 http fetch GET 200 https://registry.npmjs.org/is-interactive 114ms (cache revalidated)
3216 silly packumentCache full:https://registry.npmjs.org/is-interactive set size:10692 disposed:false
3217 silly fetch manifest string-width@^8.1.0
3218 silly packumentCache full:https://registry.npmjs.org/string-width cache-hit
3219 silly fetch manifest parse-ms@^4.0.0
3220 silly packumentCache full:https://registry.npmjs.org/parse-ms cache-miss
3221 http fetch GET 200 https://registry.npmjs.org/@octokit%2fapp 423ms (cache revalidated)
3222 silly packumentCache full:https://registry.npmjs.org/@octokit%2fapp set size:305555 disposed:false
3223 silly fetch manifest @kwsites/file-exists@^1.1.1
3224 silly packumentCache full:https://registry.npmjs.org/@kwsites%2ffile-exists cache-miss
3225 http fetch GET 200 https://registry.npmjs.org/stdin-discarder 118ms (cache revalidated)
3226 silly packumentCache full:https://registry.npmjs.org/stdin-discarder set size:13423 disposed:false
3227 silly fetch manifest @kwsites/promise-deferred@^1.1.1
3228 silly packumentCache full:https://registry.npmjs.org/@kwsites%2fpromise-deferred cache-miss
3229 http fetch GET 200 https://registry.npmjs.org/@octokit%2fplugin-paginate-rest 423ms (cache revalidated)
3230 silly packumentCache full:https://registry.npmjs.org/@octokit%2fplugin-paginate-rest set size:383183 disposed:false
3231 silly fetch manifest ansi-styles@^6.2.3
3232 silly packumentCache full:https://registry.npmjs.org/ansi-styles cache-hit
3233 silly fetch manifest is-fullwidth-code-point@^5.1.0
3234 silly packumentCache full:https://registry.npmjs.org/is-fullwidth-code-point cache-miss
3235 http fetch GET 200 https://registry.npmjs.org/@octokit%2fplugin-retry 354ms (cache revalidated)
3236 silly packumentCache full:https://registry.npmjs.org/@octokit%2fplugin-retry set size:137843 disposed:false
3237 silly fetch manifest ansi-escapes@^6.2.0
3238 silly packumentCache full:https://registry.npmjs.org/ansi-escapes cache-miss
3239 http fetch GET 200 https://registry.npmjs.org/parse-ms 100ms (cache revalidated)
3240 silly packumentCache full:https://registry.npmjs.org/parse-ms set size:18020 disposed:false
3241 silly fetch manifest ansi-styles@^6.2.1
3242 silly packumentCache full:https://registry.npmjs.org/ansi-styles cache-hit
3243 silly fetch manifest string-width@^7.1.0
3244 silly packumentCache full:https://registry.npmjs.org/string-width cache-hit
3245 silly fetch manifest isexe@^4.0.0
3246 silly packumentCache full:https://registry.npmjs.org/isexe cache-miss
3247 http fetch GET 200 https://registry.npmjs.org/is-fullwidth-code-point 83ms (cache revalidated)
3248 silly packumentCache full:https://registry.npmjs.org/is-fullwidth-code-point set size:14578 disposed:false
3249 http fetch GET 200 https://registry.npmjs.org/isexe 53ms (cache revalidated)
3250 silly packumentCache full:https://registry.npmjs.org/isexe set size:31756 disposed:false
3251 http fetch GET 200 https://registry.npmjs.org/ansi-escapes 66ms (cache revalidated)
3252 silly packumentCache full:https://registry.npmjs.org/ansi-escapes set size:70915 disposed:false
3253 http fetch GET 200 https://registry.npmjs.org/@octokit%2fplugin-throttling 1091ms (cache revalidated)
3254 silly packumentCache full:https://registry.npmjs.org/@octokit%2fplugin-throttling set size:235138 disposed:false
3255 http fetch GET 200 https://registry.npmjs.org/@octokit%2foauth-app 1324ms (cache revalidated)
3256 silly packumentCache full:https://registry.npmjs.org/@octokit%2foauth-app set size:257851 disposed:false
3257 http fetch GET 200 https://registry.npmjs.org/@octokit%2fplugin-paginate-graphql 1330ms (cache revalidated)
3258 silly packumentCache full:https://registry.npmjs.org/@octokit%2fplugin-paginate-graphql set size:56903 disposed:false
3259 http fetch GET 200 https://registry.npmjs.org/@kwsites%2fpromise-deferred 901ms (cache revalidated)
3260 silly packumentCache full:https://registry.npmjs.org/@kwsites%2fpromise-deferred set size:18336 disposed:false
3261 http fetch GET 200 https://registry.npmjs.org/@kwsites%2ffile-exists 1661ms (cache revalidated)
3262 silly packumentCache full:https://registry.npmjs.org/@kwsites%2ffile-exists set size:10491 disposed:false
3263 http fetch GET 200 https://registry.npmjs.org/@octokit%2fwebhooks 1863ms (cache revalidated)
3264 silly packumentCache full:https://registry.npmjs.org/@octokit%2fwebhooks set size:905579 disposed:false
3265 silly placeDep node_modules/openclaw node-api-headers@1.8.0 OK for: cmake-js@8.0.0 want: ^1.8.0
3266 silly placeDep node_modules/openclaw rc@1.2.8 OK for: cmake-js@8.0.0 want: 1.2.8
3267 silly placeDep node_modules/openclaw url-join@4.0.1 OK for: cmake-js@8.0.0 want: ^4.0.1
3268 silly placeDep node_modules/openclaw/node_modules/cmake-js yargs@17.7.2 OK for: cmake-js@8.0.0 want: ^17.7.2
3269 silly fetch manifest ini@~1.3.0
3270 silly packumentCache full:https://registry.npmjs.org/ini cache-miss
3271 silly fetch manifest minimist@^1.2.0
3272 silly packumentCache full:https://registry.npmjs.org/minimist cache-miss
3273 silly fetch manifest deep-extend@^0.6.0
3274 silly packumentCache full:https://registry.npmjs.org/deep-extend cache-miss
3275 silly fetch manifest strip-json-comments@~2.0.1
3276 silly packumentCache full:https://registry.npmjs.org/strip-json-comments cache-miss
3277 http fetch GET 200 https://registry.npmjs.org/minimist 46ms (cache revalidated)
3278 silly packumentCache full:https://registry.npmjs.org/minimist set size:77082 disposed:false
3279 http fetch GET 200 https://registry.npmjs.org/deep-extend 52ms (cache revalidated)
3280 silly packumentCache full:https://registry.npmjs.org/deep-extend set size:34472 disposed:false
3281 http fetch GET 200 https://registry.npmjs.org/strip-json-comments 58ms (cache revalidated)
3282 silly packumentCache full:https://registry.npmjs.org/strip-json-comments set size:43569 disposed:false
3283 http fetch GET 200 https://registry.npmjs.org/ini 62ms (cache revalidated)
3284 silly packumentCache full:https://registry.npmjs.org/ini set size:57019 disposed:false
3285 silly placeDep node_modules/openclaw path-key@3.1.1 OK for: cross-spawn@7.0.6 want: ^3.1.0
3286 silly placeDep node_modules/openclaw shebang-command@2.0.0 OK for: cross-spawn@7.0.6 want: ^2.0.0
3287 silly placeDep node_modules/openclaw/node_modules/cross-spawn which@2.0.2 OK for: cross-spawn@7.0.6 want: ^2.0.1
3288 silly fetch manifest shebang-regex@^3.0.0
3289 silly packumentCache full:https://registry.npmjs.org/shebang-regex cache-miss
3290 silly fetch manifest isexe@^2.0.0
3291 silly packumentCache full:https://registry.npmjs.org/isexe cache-hit
3292 http fetch GET 200 https://registry.npmjs.org/shebang-regex 46ms (cache revalidated)
3293 silly packumentCache full:https://registry.npmjs.org/shebang-regex set size:9763 disposed:false
3294 silly placeDep node_modules/openclaw filename-reserved-regex@3.0.0 OK for: filenamify@6.0.0 want: ^3.0.0
3295 silly placeDep node_modules/openclaw graceful-fs@4.2.11 OK for: fs-extra@11.3.3 want: ^4.2.0
3296 silly placeDep node_modules/openclaw jsonfile@6.2.0 OK for: fs-extra@11.3.3 want: ^6.0.1
3297 silly placeDep node_modules/openclaw universalify@2.0.1 OK for: fs-extra@11.3.3 want: ^2.0.0
3298 silly placeDep node_modules/openclaw @reflink/reflink@0.1.19 OK for: ipull@3.9.5 want: ^0.1.16
3299 silly placeDep node_modules/openclaw @tinyhttp/content-disposition@2.2.4 OK for: ipull@3.9.5 want: ^2.2.0
3300 silly placeDep node_modules/openclaw ci-info@4.4.0 OK for: ipull@3.9.5 want: ^4.0.0
3301 silly placeDep node_modules/openclaw cli-spinners@2.9.2 OK for: ipull@3.9.5 want: ^2.9.2
3302 silly placeDep node_modules/openclaw/node_modules/ipull commander@10.0.1 OK for: ipull@3.9.5 want: ^10.0.0
3303 silly placeDep node_modules/openclaw/node_modules/ipull lifecycle-utils@2.1.0 OK for: ipull@3.9.5 want: ^2.0.1
3304 silly placeDep node_modules/openclaw lodash.debounce@4.0.8 OK for: ipull@3.9.5 want: ^4.0.8
3305 silly placeDep node_modules/openclaw lowdb@7.0.1 OK for: ipull@3.9.5 want: ^7.0.1
3306 silly placeDep node_modules/openclaw pretty-bytes@6.1.1 OK for: ipull@3.9.5 want: ^6.1.0
3307 silly placeDep node_modules/openclaw/node_modules/ipull pretty-ms@8.0.0 OK for: ipull@3.9.5 want: ^8.0.0
3308 silly placeDep node_modules/openclaw sleep-promise@9.1.0 OK for: ipull@3.9.5 want: ^9.1.0
3309 silly placeDep node_modules/openclaw/node_modules/ipull slice-ansi@7.1.2 OK for: ipull@3.9.5 want: ^7.1.0
3310 silly fetch manifest @reflink/reflink-win32-x64-msvc@0.1.19
3311 silly packumentCache full:https://registry.npmjs.org/@reflink%2freflink-win32-x64-msvc cache-miss
3312 silly fetch manifest @reflink/reflink-darwin-x64@0.1.19
3313 silly packumentCache full:https://registry.npmjs.org/@reflink%2freflink-darwin-x64 cache-miss
3314 silly fetch manifest @reflink/reflink-linux-x64-gnu@0.1.19
3315 silly packumentCache full:https://registry.npmjs.org/@reflink%2freflink-linux-x64-gnu cache-miss
3316 silly fetch manifest @reflink/reflink-darwin-arm64@0.1.19
3317 silly packumentCache full:https://registry.npmjs.org/@reflink%2freflink-darwin-arm64 cache-miss
3318 silly fetch manifest @reflink/reflink-linux-arm64-gnu@0.1.19
3319 silly packumentCache full:https://registry.npmjs.org/@reflink%2freflink-linux-arm64-gnu cache-miss
3320 silly fetch manifest @reflink/reflink-linux-arm64-musl@0.1.19
3321 silly packumentCache full:https://registry.npmjs.org/@reflink%2freflink-linux-arm64-musl cache-miss
3322 silly fetch manifest @reflink/reflink-win32-arm64-msvc@0.1.19
3323 silly packumentCache full:https://registry.npmjs.org/@reflink%2freflink-win32-arm64-msvc cache-miss
3324 silly fetch manifest @reflink/reflink-linux-x64-musl@0.1.19
3325 silly packumentCache full:https://registry.npmjs.org/@reflink%2freflink-linux-x64-musl cache-miss
3326 silly fetch manifest steno@^4.0.2
3327 silly packumentCache full:https://registry.npmjs.org/steno cache-miss
3328 http fetch GET 200 https://registry.npmjs.org/@reflink%2freflink-linux-arm64-gnu 68ms (cache revalidated)
3329 silly packumentCache full:https://registry.npmjs.org/@reflink%2freflink-linux-arm64-gnu set size:32449 disposed:false
3330 silly fetch manifest parse-ms@^3.0.0
3331 silly packumentCache full:https://registry.npmjs.org/parse-ms cache-hit
3332 silly fetch manifest is-fullwidth-code-point@^5.0.0
3333 silly packumentCache full:https://registry.npmjs.org/is-fullwidth-code-point cache-hit
3334 http fetch GET 200 https://registry.npmjs.org/steno 305ms (cache revalidated)
3335 silly packumentCache full:https://registry.npmjs.org/steno set size:47413 disposed:false
3336 http fetch GET 200 https://registry.npmjs.org/@reflink%2freflink-win32-x64-msvc 322ms (cache revalidated)
3337 silly packumentCache full:https://registry.npmjs.org/@reflink%2freflink-win32-x64-msvc set size:31873 disposed:false
3338 http fetch GET 200 https://registry.npmjs.org/@reflink%2freflink-linux-arm64-musl 335ms (cache revalidated)
3339 silly packumentCache full:https://registry.npmjs.org/@reflink%2freflink-linux-arm64-musl set size:32614 disposed:false
3340 http fetch GET 200 https://registry.npmjs.org/@reflink%2freflink-linux-x64-gnu 336ms (cache revalidated)
3341 silly packumentCache full:https://registry.npmjs.org/@reflink%2freflink-linux-x64-gnu set size:32091 disposed:false
3342 http fetch GET 200 https://registry.npmjs.org/@reflink%2freflink-darwin-x64 343ms (cache revalidated)
3343 silly packumentCache full:https://registry.npmjs.org/@reflink%2freflink-darwin-x64 set size:26296 disposed:false
3344 http fetch GET 200 https://registry.npmjs.org/@reflink%2freflink-linux-x64-musl 363ms (cache revalidated)
3345 silly packumentCache full:https://registry.npmjs.org/@reflink%2freflink-linux-x64-musl set size:32247 disposed:false
3346 http fetch GET 200 https://registry.npmjs.org/@reflink%2freflink-win32-arm64-msvc 464ms (cache revalidated)
3347 silly packumentCache full:https://registry.npmjs.org/@reflink%2freflink-win32-arm64-msvc set size:32245 disposed:false
3348 http fetch GET 200 https://registry.npmjs.org/@reflink%2freflink-darwin-arm64 603ms (cache revalidated)
3349 silly packumentCache full:https://registry.npmjs.org/@reflink%2freflink-darwin-arm64 set size:31586 disposed:false
3350 silly placeDep node_modules/openclaw @reflink/reflink-darwin-arm64@0.1.19 OK for: @reflink/reflink@0.1.19 want: 0.1.19
3351 silly placeDep node_modules/openclaw @reflink/reflink-darwin-x64@0.1.19 OK for: @reflink/reflink@0.1.19 want: 0.1.19
3352 silly placeDep node_modules/openclaw @reflink/reflink-linux-arm64-gnu@0.1.19 OK for: @reflink/reflink@0.1.19 want: 0.1.19
3353 silly placeDep node_modules/openclaw @reflink/reflink-linux-arm64-musl@0.1.19 OK for: @reflink/reflink@0.1.19 want: 0.1.19
3354 silly placeDep node_modules/openclaw @reflink/reflink-linux-x64-gnu@0.1.19 OK for: @reflink/reflink@0.1.19 want: 0.1.19
3355 silly placeDep node_modules/openclaw @reflink/reflink-linux-x64-musl@0.1.19 OK for: @reflink/reflink@0.1.19 want: 0.1.19
3356 silly placeDep node_modules/openclaw @reflink/reflink-win32-arm64-msvc@0.1.19 OK for: @reflink/reflink@0.1.19 want: 0.1.19
3357 silly placeDep node_modules/openclaw @reflink/reflink-win32-x64-msvc@0.1.19 OK for: @reflink/reflink@0.1.19 want: 0.1.19
3358 silly placeDep node_modules/openclaw steno@4.0.2 OK for: lowdb@7.0.1 want: ^4.0.2
3359 silly placeDep node_modules/openclaw abbrev@1.1.1 OK for: nopt@5.0.0 want: 1
3360 silly placeDep node_modules/openclaw are-we-there-yet@2.0.0 OK for: npmlog@5.0.1 want: ^2.0.0
3361 silly placeDep node_modules/openclaw console-control-strings@1.1.0 OK for: npmlog@5.0.1 want: ^1.1.0
3362 silly placeDep node_modules/openclaw gauge@3.0.2 OK for: npmlog@5.0.1 want: ^3.0.0
3363 silly placeDep node_modules/openclaw set-blocking@2.0.0 OK for: npmlog@5.0.1 want: ^2.0.0
3364 silly fetch manifest delegates@^1.0.0
3365 silly packumentCache full:https://registry.npmjs.org/delegates cache-miss
3366 silly fetch manifest readable-stream@^3.6.0
3367 silly packumentCache full:https://registry.npmjs.org/readable-stream cache-hit
3368 silly fetch manifest aproba@^1.0.3 || ^2.0.0
3369 silly packumentCache full:https://registry.npmjs.org/aproba cache-miss
3370 silly fetch manifest strip-ansi@^6.0.1
3371 silly packumentCache full:https://registry.npmjs.org/strip-ansi cache-hit
3372 silly fetch manifest wide-align@^1.1.2
3373 silly packumentCache full:https://registry.npmjs.org/wide-align cache-miss
3374 silly fetch manifest has-unicode@^2.0.1
3375 silly packumentCache full:https://registry.npmjs.org/has-unicode cache-miss
3376 silly fetch manifest signal-exit@^3.0.0
3377 silly packumentCache full:https://registry.npmjs.org/signal-exit cache-hit
3378 silly fetch manifest color-support@^1.1.2
3379 silly packumentCache full:https://registry.npmjs.org/color-support cache-miss
3380 http fetch GET 200 https://registry.npmjs.org/delegates 56ms (cache revalidated)
3381 silly packumentCache full:https://registry.npmjs.org/delegates set size:8916 disposed:false
3382 http fetch GET 200 https://registry.npmjs.org/aproba 57ms (cache revalidated)
3383 silly packumentCache full:https://registry.npmjs.org/aproba set size:20300 disposed:false
3384 http fetch GET 200 https://registry.npmjs.org/has-unicode 57ms (cache revalidated)
3385 silly packumentCache full:https://registry.npmjs.org/has-unicode set size:7567 disposed:false
3386 http fetch GET 200 https://registry.npmjs.org/wide-align 58ms (cache revalidated)
3387 silly packumentCache full:https://registry.npmjs.org/wide-align set size:16598 disposed:false
3388 http fetch GET 200 https://registry.npmjs.org/color-support 58ms (cache revalidated)
3389 silly packumentCache full:https://registry.npmjs.org/color-support set size:13824 disposed:false
3390 silly placeDep node_modules/openclaw delegates@1.0.0 OK for: are-we-there-yet@2.0.0 want: ^1.0.0
3391 silly placeDep node_modules/openclaw/node_modules/are-we-there-yet readable-stream@3.6.2 OK for: are-we-there-yet@2.0.0 want: ^3.6.0
3392 silly fetch manifest string_decoder@^1.1.1
3393 silly packumentCache full:https://registry.npmjs.org/string_decoder cache-hit
3394 silly fetch manifest util-deprecate@^1.0.1
3395 silly packumentCache full:https://registry.npmjs.org/util-deprecate cache-hit
3396 silly placeDep node_modules/openclaw aproba@2.1.0 OK for: gauge@3.0.2 want: ^1.0.3 || ^2.0.0
3397 silly placeDep node_modules/openclaw color-support@1.1.3 OK for: gauge@3.0.2 want: ^1.1.2
3398 silly placeDep node_modules/openclaw has-unicode@2.0.1 OK for: gauge@3.0.2 want: ^2.0.1
3399 silly placeDep node_modules/openclaw signal-exit@3.0.7 OK for: gauge@3.0.2 want: ^3.0.0
3400 silly placeDep node_modules/openclaw string-width@4.2.3 OK for: gauge@3.0.2 want: ^4.2.3
3401 silly placeDep node_modules/openclaw/node_modules/gauge strip-ansi@6.0.1 OK for: gauge@3.0.2 want: ^6.0.1
3402 silly placeDep node_modules/openclaw wide-align@1.1.5 OK for: gauge@3.0.2 want: ^1.1.2
3403 silly fetch manifest emoji-regex@^8.0.0
3404 silly packumentCache full:https://registry.npmjs.org/emoji-regex cache-miss
3405 silly fetch manifest is-fullwidth-code-point@^3.0.0
3406 silly packumentCache full:https://registry.npmjs.org/is-fullwidth-code-point cache-hit
3407 silly fetch manifest ansi-regex@^5.0.1
3408 silly packumentCache full:https://registry.npmjs.org/ansi-regex cache-hit
3409 http fetch GET 200 https://registry.npmjs.org/emoji-regex 58ms (cache revalidated)
3410 silly packumentCache full:https://registry.npmjs.org/emoji-regex set size:89088 disposed:false
3411 silly placeDep node_modules/openclaw @octokit/app@16.1.2 OK for: octokit@5.0.5 want: ^16.1.2
3412 silly placeDep node_modules/openclaw @octokit/core@7.0.6 OK for: octokit@5.0.5 want: ^7.0.6
3413 silly placeDep node_modules/openclaw @octokit/oauth-app@8.0.3 OK for: octokit@5.0.5 want: ^8.0.3
3414 silly placeDep node_modules/openclaw @octokit/plugin-paginate-graphql@6.0.0 OK for: octokit@5.0.5 want: ^6.0.0
3415 silly placeDep node_modules/openclaw @octokit/plugin-paginate-rest@14.0.0 OK for: octokit@5.0.5 want: ^14.0.0
3416 silly placeDep node_modules/openclaw @octokit/plugin-rest-endpoint-methods@17.0.0 OK for: octokit@5.0.5 want: ^17.0.0
3417 silly placeDep node_modules/openclaw @octokit/plugin-retry@8.1.0 OK for: octokit@5.0.5 want: ^8.0.3
3418 silly placeDep node_modules/openclaw @octokit/plugin-throttling@11.0.3 OK for: octokit@5.0.5 want: ^11.0.3
3419 silly placeDep node_modules/openclaw @octokit/request-error@7.1.0 OK for: octokit@5.0.5 want: ^7.0.2
3420 silly placeDep node_modules/openclaw @octokit/types@16.0.0 OK for: octokit@5.0.5 want: ^16.0.0
3421 silly placeDep node_modules/openclaw @octokit/webhooks@14.2.0 OK for: octokit@5.0.5 want: ^14.0.0
3422 silly fetch manifest @octokit/auth-app@^8.1.2
3423 silly packumentCache full:https://registry.npmjs.org/@octokit%2fauth-app cache-miss
3424 silly fetch manifest @octokit/auth-unauthenticated@^7.0.3
3425 silly packumentCache full:https://registry.npmjs.org/@octokit%2fauth-unauthenticated cache-miss
3426 silly fetch manifest @octokit/auth-token@^6.0.0
3427 silly packumentCache full:https://registry.npmjs.org/@octokit%2fauth-token cache-miss
3428 silly fetch manifest @octokit/graphql@^9.0.3
3429 silly packumentCache full:https://registry.npmjs.org/@octokit%2fgraphql cache-miss
3430 silly fetch manifest @octokit/request@^10.0.6
3431 silly packumentCache full:https://registry.npmjs.org/@octokit%2frequest cache-miss
3432 silly fetch manifest before-after-hook@^4.0.0
3433 silly packumentCache full:https://registry.npmjs.org/before-after-hook cache-miss
3434 silly fetch manifest universal-user-agent@^7.0.0
3435 silly packumentCache full:https://registry.npmjs.org/universal-user-agent cache-miss
3436 silly fetch manifest @octokit/auth-oauth-app@^9.0.2
3437 silly packumentCache full:https://registry.npmjs.org/@octokit%2fauth-oauth-app cache-miss
3438 silly fetch manifest @octokit/auth-oauth-user@^6.0.1
3439 silly packumentCache full:https://registry.npmjs.org/@octokit%2fauth-oauth-user cache-miss
3440 http fetch GET 200 https://registry.npmjs.org/universal-user-agent 46ms (cache revalidated)
3441 silly packumentCache full:https://registry.npmjs.org/universal-user-agent set size:44336 disposed:false
3442 silly fetch manifest @octokit/auth-unauthenticated@^7.0.2
3443 silly packumentCache full:https://registry.npmjs.org/@octokit%2fauth-unauthenticated cache-miss
3444 http fetch GET 200 https://registry.npmjs.org/before-after-hook 51ms (cache revalidated)
3445 silly packumentCache full:https://registry.npmjs.org/before-after-hook set size:82843 disposed:false
3446 silly fetch manifest @octokit/oauth-authorization-url@^8.0.0
3447 silly packumentCache full:https://registry.npmjs.org/@octokit%2foauth-authorization-url cache-miss
3448 http fetch GET 200 https://registry.npmjs.org/@octokit%2fauth-token 65ms (cache revalidated)
3449 silly packumentCache full:https://registry.npmjs.org/@octokit%2fauth-token set size:84029 disposed:false
3450 silly fetch manifest @octokit/oauth-methods@^6.0.1
3451 silly packumentCache full:https://registry.npmjs.org/@octokit%2foauth-methods cache-miss
3452 http fetch GET 200 https://registry.npmjs.org/@octokit%2fgraphql 70ms (cache revalidated)
3453 silly packumentCache full:https://registry.npmjs.org/@octokit%2fgraphql set size:207658 disposed:false
3454 silly fetch manifest @types/aws-lambda@^8.10.83
3455 silly packumentCache full:https://registry.npmjs.org/@types%2faws-lambda cache-miss
3456 http fetch GET 200 https://registry.npmjs.org/@octokit%2frequest 322ms (cache revalidated)
3457 silly packumentCache full:https://registry.npmjs.org/@octokit%2frequest set size:391172 disposed:false
3458 silly fetch manifest @octokit/openapi-types@^27.0.0
3459 silly packumentCache full:https://registry.npmjs.org/@octokit%2fopenapi-types cache-miss
3460 http fetch GET 200 https://registry.npmjs.org/@octokit%2fopenapi-types 56ms (cache revalidated)
3461 silly packumentCache full:https://registry.npmjs.org/@octokit%2fopenapi-types set size:395871 disposed:false
3462 silly fetch manifest @octokit/openapi-webhooks-types@12.1.0
3463 silly packumentCache full:https://registry.npmjs.org/@octokit%2fopenapi-webhooks-types cache-miss
3464 http fetch GET 200 https://registry.npmjs.org/@octokit%2fauth-app 585ms (cache revalidated)
3465 silly packumentCache full:https://registry.npmjs.org/@octokit%2fauth-app set size:366893 disposed:false
3466 silly fetch manifest @octokit/webhooks-methods@^6.0.0
3467 silly packumentCache full:https://registry.npmjs.org/@octokit%2fwebhooks-methods cache-miss
3468 http fetch GET 200 https://registry.npmjs.org/@octokit%2fauth-oauth-user 602ms (cache revalidated)
3469 silly packumentCache full:https://registry.npmjs.org/@octokit%2fauth-oauth-user set size:130059 disposed:false
3470 http fetch GET 200 https://registry.npmjs.org/@octokit%2foauth-authorization-url 1069ms (cache revalidated)
3471 silly packumentCache full:https://registry.npmjs.org/@octokit%2foauth-authorization-url set size:67165 disposed:false
3472 http fetch GET 200 https://registry.npmjs.org/@octokit%2foauth-methods 1093ms (cache revalidated)
3473 silly packumentCache full:https://registry.npmjs.org/@octokit%2foauth-methods set size:140528 disposed:false
3474 http fetch GET 200 https://registry.npmjs.org/@octokit%2fwebhooks-methods 608ms (cache revalidated)
3475 silly packumentCache full:https://registry.npmjs.org/@octokit%2fwebhooks-methods set size:52275 disposed:false
3476 http fetch GET 200 https://registry.npmjs.org/@octokit%2fopenapi-webhooks-types 835ms (cache revalidated)
3477 silly packumentCache full:https://registry.npmjs.org/@octokit%2fopenapi-webhooks-types set size:66862 disposed:false
3478 http fetch GET 200 https://registry.npmjs.org/@octokit%2fauth-oauth-app 1332ms (cache revalidated)
3479 silly packumentCache full:https://registry.npmjs.org/@octokit%2fauth-oauth-app set size:216230 disposed:false
3480 http fetch GET 200 https://registry.npmjs.org/@octokit%2fauth-unauthenticated 1397ms (cache revalidated)
3481 silly packumentCache full:https://registry.npmjs.org/@octokit%2fauth-unauthenticated set size:87581 disposed:false
3482 http fetch GET 200 https://registry.npmjs.org/@types%2faws-lambda 1551ms (cache revalidated)
3483 silly packumentCache full:https://registry.npmjs.org/@types%2faws-lambda set size:932322 disposed:false
3484 http fetch GET 200 https://registry.npmjs.org/@octokit%2fauth-unauthenticated 1588ms (cache revalidated)
3485 silly packumentCache full:https://registry.npmjs.org/@octokit%2fauth-unauthenticated set size:87581 disposed:false
3486 silly packumentCache full:https://registry.npmjs.org/@octokit%2fauth-unauthenticated dispose
3487 silly placeDep node_modules/openclaw @octokit/auth-app@8.2.0 OK for: @octokit/app@16.1.2 want: ^8.1.2
3488 silly placeDep node_modules/openclaw @octokit/auth-unauthenticated@7.0.3 OK for: @octokit/app@16.1.2 want: ^7.0.3
3489 silly fetch manifest @octokit/auth-oauth-app@^9.0.3
3490 silly packumentCache full:https://registry.npmjs.org/@octokit%2fauth-oauth-app cache-hit
3491 silly fetch manifest @octokit/auth-oauth-user@^6.0.2
3492 silly packumentCache full:https://registry.npmjs.org/@octokit%2fauth-oauth-user cache-hit
3493 silly fetch manifest toad-cache@^3.7.0
3494 silly packumentCache full:https://registry.npmjs.org/toad-cache cache-miss
3495 silly fetch manifest universal-github-app-jwt@^2.2.0
3496 silly packumentCache full:https://registry.npmjs.org/universal-github-app-jwt cache-miss
3497 http fetch GET 200 https://registry.npmjs.org/toad-cache 45ms (cache revalidated)
3498 silly packumentCache full:https://registry.npmjs.org/toad-cache set size:168116 disposed:false
3499 http fetch GET 200 https://registry.npmjs.org/universal-github-app-jwt 791ms (cache revalidated)
3500 silly packumentCache full:https://registry.npmjs.org/universal-github-app-jwt set size:63745 disposed:false
3501 silly placeDep node_modules/openclaw @octokit/auth-oauth-app@9.0.3 OK for: @octokit/auth-app@8.2.0 want: ^9.0.3
3502 silly placeDep node_modules/openclaw @octokit/auth-oauth-user@6.0.2 OK for: @octokit/auth-app@8.2.0 want: ^6.0.2
3503 silly placeDep node_modules/openclaw @octokit/request@10.0.8 OK for: @octokit/auth-app@8.2.0 want: ^10.0.6
3504 silly placeDep node_modules/openclaw toad-cache@3.7.0 OK for: @octokit/auth-app@8.2.0 want: ^3.7.0
3505 silly placeDep node_modules/openclaw universal-github-app-jwt@2.2.2 OK for: @octokit/auth-app@8.2.0 want: ^2.2.0
3506 silly placeDep node_modules/openclaw universal-user-agent@7.0.3 OK for: @octokit/auth-app@8.2.0 want: ^7.0.0
3507 silly fetch manifest @octokit/auth-oauth-device@^8.0.3
3508 silly packumentCache full:https://registry.npmjs.org/@octokit%2fauth-oauth-device cache-miss
3509 silly fetch manifest @octokit/auth-oauth-device@^8.0.3
3510 silly packumentCache full:https://registry.npmjs.org/@octokit%2fauth-oauth-device cache-miss
3511 silly fetch manifest @octokit/oauth-methods@^6.0.2
3512 silly packumentCache full:https://registry.npmjs.org/@octokit%2foauth-methods cache-hit
3513 silly fetch manifest @octokit/endpoint@^11.0.3
3514 silly packumentCache full:https://registry.npmjs.org/@octokit%2fendpoint cache-miss
3515 silly fetch manifest fast-content-type-parse@^3.0.0
3516 silly packumentCache full:https://registry.npmjs.org/fast-content-type-parse cache-miss
3517 silly fetch manifest json-with-bigint@^3.5.3
3518 silly packumentCache full:https://registry.npmjs.org/json-with-bigint cache-miss
3519 silly fetch manifest universal-user-agent@^7.0.2
3520 silly packumentCache full:https://registry.npmjs.org/universal-user-agent cache-hit
3521 http fetch GET 200 https://registry.npmjs.org/fast-content-type-parse 54ms (cache revalidated)
3522 silly packumentCache full:https://registry.npmjs.org/fast-content-type-parse set size:20504 disposed:false
3523 http fetch GET 200 https://registry.npmjs.org/json-with-bigint 55ms (cache revalidated)
3524 silly packumentCache full:https://registry.npmjs.org/json-with-bigint set size:53276 disposed:false
3525 http fetch GET 200 https://registry.npmjs.org/@octokit%2fauth-oauth-device 356ms (cache revalidated)
3526 silly packumentCache full:https://registry.npmjs.org/@octokit%2fauth-oauth-device set size:118231 disposed:false
3527 http fetch GET 200 https://registry.npmjs.org/@octokit%2fauth-oauth-device 365ms (cache revalidated)
3528 silly packumentCache full:https://registry.npmjs.org/@octokit%2fauth-oauth-device set size:118231 disposed:false
3529 silly packumentCache full:https://registry.npmjs.org/@octokit%2fauth-oauth-device dispose
3530 http fetch GET 200 https://registry.npmjs.org/@octokit%2fendpoint 876ms (cache revalidated)
3531 silly packumentCache full:https://registry.npmjs.org/@octokit%2fendpoint set size:305515 disposed:false
3532 silly placeDep node_modules/openclaw @octokit/auth-oauth-device@8.0.3 OK for: @octokit/auth-oauth-app@9.0.3 want: ^8.0.3
3533 silly placeDep node_modules/openclaw @octokit/oauth-methods@6.0.2 OK for: @octokit/auth-oauth-device@8.0.3 want: ^6.0.2
3534 silly placeDep node_modules/openclaw @octokit/auth-token@6.0.0 OK for: @octokit/core@7.0.6 want: ^6.0.0
3535 silly placeDep node_modules/openclaw @octokit/graphql@9.0.3 OK for: @octokit/core@7.0.6 want: ^9.0.3
3536 silly placeDep node_modules/openclaw before-after-hook@4.0.0 OK for: @octokit/core@7.0.6 want: ^4.0.0
3537 silly placeDep node_modules/openclaw @octokit/oauth-authorization-url@8.0.0 OK for: @octokit/oauth-app@8.0.3 want: ^8.0.0
3538 silly placeDep node_modules/openclaw @types/aws-lambda@8.10.161 OK for: @octokit/oauth-app@8.0.3 want: ^8.10.83
3539 silly placeDep node_modules/openclaw @octokit/endpoint@11.0.3 OK for: @octokit/request@10.0.8 want: ^11.0.3
3540 silly placeDep node_modules/openclaw fast-content-type-parse@3.0.0 OK for: @octokit/request@10.0.8 want: ^3.0.0
3541 silly placeDep node_modules/openclaw json-with-bigint@3.5.7 OK for: @octokit/request@10.0.8 want: ^3.5.3
3542 silly placeDep node_modules/openclaw @octokit/openapi-types@27.0.0 OK for: @octokit/types@16.0.0 want: ^27.0.0
3543 silly placeDep node_modules/openclaw @octokit/openapi-webhooks-types@12.1.0 OK for: @octokit/webhooks@14.2.0 want: 12.1.0
3544 silly placeDep node_modules/openclaw @octokit/webhooks-methods@6.0.0 OK for: @octokit/webhooks@14.2.0 want: ^6.0.0
3545 silly placeDep node_modules/openclaw ee-first@1.1.1 OK for: on-finished@2.4.1 want: 1.1.1
3546 silly placeDep node_modules/openclaw wrappy@1.0.2 OK for: once@1.4.0 want: 1
3547 silly placeDep node_modules/openclaw cli-cursor@5.0.0 OK for: ora@9.3.0 want: ^5.0.0
3548 silly placeDep node_modules/openclaw/node_modules/ora cli-spinners@3.4.0 OK for: ora@9.3.0 want: ^3.2.0
3549 silly placeDep node_modules/openclaw is-interactive@2.0.0 OK for: ora@9.3.0 want: ^2.0.0
3550 silly placeDep node_modules/openclaw stdin-discarder@0.3.1 OK for: ora@9.3.0 want: ^0.3.1
3551 silly placeDep node_modules/openclaw/node_modules/ora string-width@8.2.0 OK for: ora@9.3.0 want: ^8.1.0
3552 silly fetch manifest restore-cursor@^5.0.0
3553 silly packumentCache full:https://registry.npmjs.org/restore-cursor cache-miss
3554 http fetch GET 200 https://registry.npmjs.org/restore-cursor 69ms (cache revalidated)
3555 silly packumentCache full:https://registry.npmjs.org/restore-cursor set size:17895 disposed:false
3556 silly placeDep node_modules/openclaw restore-cursor@5.1.0 OK for: cli-cursor@5.0.0 want: ^5.0.0
3557 silly fetch manifest onetime@^7.0.0
3558 silly packumentCache full:https://registry.npmjs.org/onetime cache-miss
3559 silly fetch manifest signal-exit@^4.1.0
3560 silly packumentCache full:https://registry.npmjs.org/signal-exit cache-hit
3561 http fetch GET 200 https://registry.npmjs.org/onetime 52ms (cache revalidated)
3562 silly packumentCache full:https://registry.npmjs.org/onetime set size:32314 disposed:false
3563 silly placeDep node_modules/openclaw/node_modules/p-queue eventemitter3@4.0.7 OK for: p-queue@6.6.2 want: ^4.0.4
3564 silly placeDep node_modules/openclaw p-timeout@3.2.0 OK for: p-queue@6.6.2 want: ^3.2.0
3565 silly fetch manifest p-finally@^1.0.0
3566 silly packumentCache full:https://registry.npmjs.org/p-finally cache-miss
3567 http fetch GET 200 https://registry.npmjs.org/p-finally 49ms (cache revalidated)
3568 silly packumentCache full:https://registry.npmjs.org/p-finally set size:11668 disposed:false
3569 silly placeDep node_modules/openclaw p-finally@1.0.0 OK for: p-timeout@3.2.0 want: ^1.0.0
3570 silly placeDep node_modules/openclaw/node_modules/parse5-htmlparser2-tree-adapter parse5@6.0.1 OK for: parse5-htmlparser2-tree-adapter@6.0.1 want: ^6.0.1
3571 silly placeDep node_modules/openclaw node-readable-to-web-readable-stream@0.4.2 OK for: pdfjs-dist@5.5.207 want: ^0.4.2
3572 silly placeDep node_modules/openclaw @pinojs/redact@0.4.0 OK for: pino@9.14.0 want: ^0.4.0
3573 silly placeDep node_modules/openclaw atomic-sleep@1.0.0 OK for: pino@9.14.0 want: ^1.0.0
3574 silly placeDep node_modules/openclaw on-exit-leak-free@2.1.2 OK for: pino@9.14.0 want: ^2.1.0
3575 silly placeDep node_modules/openclaw pino-abstract-transport@2.0.0 OK for: pino@9.14.0 want: ^2.0.0
3576 silly placeDep node_modules/openclaw pino-std-serializers@7.1.0 OK for: pino@9.14.0 want: ^7.0.0
3577 silly placeDep node_modules/openclaw process-warning@5.0.0 OK for: pino@9.14.0 want: ^5.0.0
3578 silly placeDep node_modules/openclaw quick-format-unescaped@4.0.4 OK for: pino@9.14.0 want: ^4.0.3
3579 silly placeDep node_modules/openclaw real-require@0.2.0 OK for: pino@9.14.0 want: ^0.2.0
3580 silly placeDep node_modules/openclaw safe-stable-stringify@2.5.0 OK for: pino@9.14.0 want: ^2.3.1
3581 silly placeDep node_modules/openclaw sonic-boom@4.2.1 OK for: pino@9.14.0 want: ^4.0.1
3582 silly placeDep node_modules/openclaw thread-stream@3.1.0 OK for: pino@9.14.0 want: ^3.0.0
3583 silly fetch manifest split2@^4.0.0
3584 silly packumentCache full:https://registry.npmjs.org/split2 cache-miss
3585 http fetch GET 200 https://registry.npmjs.org/split2 45ms (cache revalidated)
3586 silly packumentCache full:https://registry.npmjs.org/split2 set size:47438 disposed:false
3587 silly placeDep node_modules/openclaw split2@4.2.0 OK for: pino-abstract-transport@2.0.0 want: ^4.0.0
3588 silly placeDep node_modules/openclaw parse-ms@4.0.0 OK for: pretty-ms@9.3.0 want: ^4.0.0
3589 silly placeDep node_modules/openclaw/node_modules/proper-lockfile retry@0.12.0 OK for: proper-lockfile@4.1.2 want: ^0.12.0
3590 silly placeDep node_modules/openclaw @protobufjs/aspromise@1.1.2 OK for: protobufjs@7.5.4 want: ^1.1.2
3591 silly placeDep node_modules/openclaw @protobufjs/base64@1.1.2 OK for: protobufjs@7.5.4 want: ^1.1.2
3592 silly placeDep node_modules/openclaw @protobufjs/codegen@2.0.4 OK for: protobufjs@7.5.4 want: ^2.0.4
3593 silly placeDep node_modules/openclaw @protobufjs/eventemitter@1.1.0 OK for: protobufjs@7.5.4 want: ^1.1.0
3594 silly placeDep node_modules/openclaw @protobufjs/fetch@1.1.0 OK for: protobufjs@7.5.4 want: ^1.1.0
3595 silly placeDep node_modules/openclaw @protobufjs/float@1.0.2 OK for: protobufjs@7.5.4 want: ^1.0.2
3596 silly placeDep node_modules/openclaw @protobufjs/inquire@1.1.0 OK for: protobufjs@7.5.4 want: ^1.1.0
3597 silly placeDep node_modules/openclaw @protobufjs/path@1.1.2 OK for: protobufjs@7.5.4 want: ^1.1.2
3598 silly placeDep node_modules/openclaw @protobufjs/pool@1.1.0 OK for: protobufjs@7.5.4 want: ^1.1.0
3599 silly placeDep node_modules/openclaw @protobufjs/utf8@1.1.0 OK for: protobufjs@7.5.4 want: ^1.1.0
3600 silly placeDep node_modules/openclaw forwarded@0.2.0 OK for: proxy-addr@2.0.7 want: 0.2.0
3601 silly placeDep node_modules/openclaw/node_modules/proxy-addr ipaddr.js@1.9.1 OK for: proxy-addr@2.0.7 want: 1.9.1
3602 silly placeDep node_modules/openclaw http-proxy-agent@7.0.2 OK for: proxy-agent@6.5.0 want: ^7.0.1
3603 silly placeDep node_modules/openclaw/node_modules/proxy-agent lru-cache@7.18.3 OK for: proxy-agent@6.5.0 want: ^7.14.1
3604 silly placeDep node_modules/openclaw pac-proxy-agent@7.2.0 OK for: proxy-agent@6.5.0 want: ^7.1.0
3605 silly placeDep node_modules/openclaw socks-proxy-agent@8.0.5 OK for: proxy-agent@6.5.0 want: ^8.0.5
3606 silly fetch manifest @tootallnate/quickjs-emscripten@^0.23.0
3607 silly packumentCache full:https://registry.npmjs.org/@tootallnate%2fquickjs-emscripten cache-miss
3608 silly fetch manifest get-uri@^6.0.1
3609 silly packumentCache full:https://registry.npmjs.org/get-uri cache-miss
3610 silly fetch manifest pac-resolver@^7.0.1
3611 silly packumentCache full:https://registry.npmjs.org/pac-resolver cache-miss
3612 silly fetch manifest socks@^2.8.3
3613 silly packumentCache full:https://registry.npmjs.org/socks cache-miss
3614 http fetch GET 200 https://registry.npmjs.org/pac-resolver 51ms (cache revalidated)
3615 silly packumentCache full:https://registry.npmjs.org/pac-resolver set size:54112 disposed:false
3616 http fetch GET 200 https://registry.npmjs.org/get-uri 55ms (cache revalidated)
3617 silly packumentCache full:https://registry.npmjs.org/get-uri set size:57591 disposed:false
3618 http fetch GET 200 https://registry.npmjs.org/socks 59ms (cache revalidated)
3619 silly packumentCache full:https://registry.npmjs.org/socks set size:168523 disposed:false
3620 http fetch GET 200 https://registry.npmjs.org/@tootallnate%2fquickjs-emscripten 323ms (cache revalidated)
3621 silly packumentCache full:https://registry.npmjs.org/@tootallnate%2fquickjs-emscripten set size:27622 disposed:false
3622 silly placeDep node_modules/openclaw @tootallnate/quickjs-emscripten@0.23.0 OK for: pac-proxy-agent@7.2.0 want: ^0.23.0
3623 silly placeDep node_modules/openclaw get-uri@6.0.5 OK for: pac-proxy-agent@7.2.0 want: ^6.0.1
3624 silly placeDep node_modules/openclaw pac-resolver@7.0.1 OK for: pac-proxy-agent@7.2.0 want: ^7.0.1
3625 silly fetch manifest basic-ftp@^5.0.2
3626 silly packumentCache full:https://registry.npmjs.org/basic-ftp cache-miss
3627 silly fetch manifest data-uri-to-buffer@^6.0.2
3628 silly packumentCache full:https://registry.npmjs.org/data-uri-to-buffer cache-hit
3629 silly fetch manifest degenerator@^5.0.0
3630 silly packumentCache full:https://registry.npmjs.org/degenerator cache-miss
3631 silly fetch manifest netmask@^2.0.2
3632 silly packumentCache full:https://registry.npmjs.org/netmask cache-miss
3633 http fetch GET 200 https://registry.npmjs.org/degenerator 58ms (cache revalidated)
3634 silly packumentCache full:https://registry.npmjs.org/degenerator set size:71179 disposed:false
3635 http fetch GET 200 https://registry.npmjs.org/netmask 66ms (cache revalidated)
3636 silly packumentCache full:https://registry.npmjs.org/netmask set size:21537 disposed:false
3637 http fetch GET 200 https://registry.npmjs.org/basic-ftp 68ms (cache revalidated)
3638 silly packumentCache full:https://registry.npmjs.org/basic-ftp set size:284768 disposed:false
3639 silly placeDep node_modules/openclaw basic-ftp@5.2.0 OK for: get-uri@6.0.5 want: ^5.0.2
3640 silly placeDep node_modules/openclaw data-uri-to-buffer@6.0.2 OK for: get-uri@6.0.5 want: ^6.0.2
3641 silly placeDep node_modules/openclaw degenerator@5.0.1 OK for: pac-resolver@7.0.1 want: ^5.0.0
3642 silly placeDep node_modules/openclaw netmask@2.0.2 OK for: pac-resolver@7.0.1 want: ^2.0.2
3643 silly fetch manifest ast-types@^0.13.4
3644 silly packumentCache full:https://registry.npmjs.org/ast-types cache-miss
3645 silly fetch manifest escodegen@^2.1.0
3646 silly packumentCache full:https://registry.npmjs.org/escodegen cache-miss
3647 silly fetch manifest esprima@^4.0.1
3648 silly packumentCache full:https://registry.npmjs.org/esprima cache-miss
3649 http fetch GET 200 https://registry.npmjs.org/escodegen 48ms (cache revalidated)
3650 silly packumentCache full:https://registry.npmjs.org/escodegen set size:119723 disposed:false
3651 http fetch GET 200 https://registry.npmjs.org/esprima 52ms (cache revalidated)
3652 silly packumentCache full:https://registry.npmjs.org/esprima set size:118410 disposed:false
3653 http fetch GET 200 https://registry.npmjs.org/ast-types 61ms (cache revalidated)
3654 silly packumentCache full:https://registry.npmjs.org/ast-types set size:443020 disposed:false
3655 silly placeDep node_modules/openclaw ast-types@0.13.4 OK for: degenerator@5.0.1 want: ^0.13.4
3656 silly placeDep node_modules/openclaw escodegen@2.1.0 OK for: degenerator@5.0.1 want: ^2.1.0
3657 silly placeDep node_modules/openclaw esprima@4.0.1 OK for: degenerator@5.0.1 want: ^4.0.1
3658 silly fetch manifest estraverse@^5.2.0
3659 silly packumentCache full:https://registry.npmjs.org/estraverse cache-miss
3660 silly fetch manifest esutils@^2.0.2
3661 silly packumentCache full:https://registry.npmjs.org/esutils cache-miss
3662 silly fetch manifest source-map@~0.6.1
3663 silly packumentCache full:https://registry.npmjs.org/source-map cache-hit
3664 http fetch GET 200 https://registry.npmjs.org/estraverse 60ms (cache revalidated)
3665 silly packumentCache full:https://registry.npmjs.org/estraverse set size:62412 disposed:false
3666 http fetch GET 200 https://registry.npmjs.org/esutils 62ms (cache revalidated)
3667 silly packumentCache full:https://registry.npmjs.org/esutils set size:29522 disposed:false
3668 silly placeDep node_modules/openclaw estraverse@5.3.0 OK for: escodegen@2.1.0 want: ^5.2.0
3669 silly placeDep node_modules/openclaw esutils@2.0.3 OK for: escodegen@2.1.0 want: ^2.0.2
3670 silly placeDep node_modules/openclaw source-map@0.6.1 OK for: escodegen@2.1.0 want: ~0.6.1
3671 silly placeDep node_modules/openclaw end-of-stream@1.4.5 OK for: pump@3.0.4 want: ^1.1.0
3672 silly placeDep node_modules/openclaw side-channel@1.1.0 OK for: qs@6.15.0 want: ^1.1.0
3673 silly fetch manifest object-inspect@^1.13.3
3674 silly packumentCache full:https://registry.npmjs.org/object-inspect cache-miss
3675 silly fetch manifest side-channel-list@^1.0.0
3676 silly packumentCache full:https://registry.npmjs.org/side-channel-list cache-miss
3677 silly fetch manifest side-channel-map@^1.0.1
3678 silly packumentCache full:https://registry.npmjs.org/side-channel-map cache-miss
3679 silly fetch manifest side-channel-weakmap@^1.0.2
3680 silly packumentCache full:https://registry.npmjs.org/side-channel-weakmap cache-miss
3681 http fetch GET 200 https://registry.npmjs.org/side-channel-map 61ms (cache revalidated)
3682 silly packumentCache full:https://registry.npmjs.org/side-channel-map set size:9126 disposed:false
3683 http fetch GET 200 https://registry.npmjs.org/object-inspect 62ms (cache revalidated)
3684 silly packumentCache full:https://registry.npmjs.org/object-inspect set size:101912 disposed:false
3685 http fetch GET 200 https://registry.npmjs.org/side-channel-weakmap 66ms (cache revalidated)
3686 silly packumentCache full:https://registry.npmjs.org/side-channel-weakmap set size:12620 disposed:false
3687 http fetch GET 200 https://registry.npmjs.org/side-channel-list 66ms (cache revalidated)
3688 silly packumentCache full:https://registry.npmjs.org/side-channel-list set size:6005 disposed:false
3689 silly placeDep node_modules/openclaw unpipe@1.0.0 OK for: raw-body@3.0.2 want: ~1.0.0
3690 silly placeDep node_modules/openclaw deep-extend@0.6.0 OK for: rc@1.2.8 want: ^0.6.0
3691 silly placeDep node_modules/openclaw ini@1.3.8 OK for: rc@1.2.8 want: ~1.3.0
3692 silly placeDep node_modules/openclaw minimist@1.2.8 OK for: rc@1.2.8 want: ^1.2.0
3693 silly placeDep node_modules/openclaw strip-json-comments@2.0.1 OK for: rc@1.2.8 want: ~2.0.1
3694 silly placeDep node_modules/openclaw core-util-is@1.0.3 OK for: readable-stream@2.3.8 want: ~1.0.0
3695 silly placeDep node_modules/openclaw isarray@1.0.0 OK for: readable-stream@2.3.8 want: ~1.0.0
3696 silly placeDep node_modules/openclaw process-nextick-args@2.0.1 OK for: readable-stream@2.3.8 want: ~2.0.0
3697 silly placeDep node_modules/openclaw/node_modules/readable-stream safe-buffer@5.1.2 OK for: readable-stream@2.3.8 want: ~5.1.1
3698 silly placeDep node_modules/openclaw string_decoder@1.1.1 OK for: readable-stream@2.3.8 want: ~1.1.1
3699 silly placeDep node_modules/openclaw util-deprecate@1.0.2 OK for: readable-stream@2.3.8 want: ~1.0.1
3700 silly fetch manifest safe-buffer@~5.1.0
3701 silly packumentCache full:https://registry.npmjs.org/safe-buffer cache-hit
3702 silly placeDep node_modules/openclaw onetime@7.0.0 OK for: restore-cursor@5.1.0 want: ^7.0.0
3703 silly placeDep node_modules/openclaw/node_modules/restore-cursor signal-exit@4.1.0 OK for: restore-cursor@5.1.0 want: ^4.1.0
3704 silly fetch manifest mimic-function@^5.0.0
3705 silly packumentCache full:https://registry.npmjs.org/mimic-function cache-miss
3706 http fetch GET 200 https://registry.npmjs.org/mimic-function 297ms (cache revalidated)
3707 silly packumentCache full:https://registry.npmjs.org/mimic-function set size:6356 disposed:false
3708 silly placeDep node_modules/openclaw mimic-function@5.0.1 OK for: onetime@7.0.0 want: ^5.0.0
3709 silly placeDep node_modules/openclaw/node_modules/rimraf glob@7.2.3 OK for: rimraf@3.0.2 want: ^7.1.3
3710 silly fetch manifest inflight@^1.0.4
3711 silly packumentCache full:https://registry.npmjs.org/inflight cache-miss
3712 silly fetch manifest minimatch@^3.1.1
3713 silly packumentCache full:https://registry.npmjs.org/minimatch cache-hit
3714 silly fetch manifest fs.realpath@^1.0.0
3715 silly packumentCache full:https://registry.npmjs.org/fs.realpath cache-miss
3716 silly fetch manifest path-is-absolute@^1.0.0
3717 silly packumentCache full:https://registry.npmjs.org/path-is-absolute cache-miss
3718 http fetch GET 200 https://registry.npmjs.org/fs.realpath 49ms (cache revalidated)
3719 silly packumentCache full:https://registry.npmjs.org/fs.realpath set size:4806 disposed:false
3720 http fetch GET 200 https://registry.npmjs.org/path-is-absolute 56ms (cache revalidated)
3721 silly packumentCache full:https://registry.npmjs.org/path-is-absolute set size:8253 disposed:false
3722 http fetch GET 200 https://registry.npmjs.org/inflight 58ms (cache revalidated)
3723 silly packumentCache full:https://registry.npmjs.org/inflight set size:13140 disposed:false
3724 silly placeDep node_modules/openclaw is-promise@4.0.0 OK for: router@2.2.0 want: ^4.0.0
3725 silly placeDep node_modules/openclaw @img/colour@1.1.0 OK for: sharp@0.34.5 want: ^1.0.0
3726 silly placeDep node_modules/openclaw @img/sharp-darwin-arm64@0.34.5 OK for: sharp@0.34.5 want: 0.34.5
3727 silly placeDep node_modules/openclaw @img/sharp-darwin-x64@0.34.5 OK for: sharp@0.34.5 want: 0.34.5
3728 silly placeDep node_modules/openclaw @img/sharp-libvips-darwin-arm64@1.2.4 OK for: sharp@0.34.5 want: 1.2.4
3729 silly placeDep node_modules/openclaw @img/sharp-libvips-darwin-x64@1.2.4 OK for: sharp@0.34.5 want: 1.2.4
3730 silly placeDep node_modules/openclaw @img/sharp-libvips-linux-arm@1.2.4 OK for: sharp@0.34.5 want: 1.2.4
3731 silly placeDep node_modules/openclaw @img/sharp-libvips-linux-arm64@1.2.4 OK for: sharp@0.34.5 want: 1.2.4
3732 silly placeDep node_modules/openclaw @img/sharp-libvips-linux-ppc64@1.2.4 OK for: sharp@0.34.5 want: 1.2.4
3733 silly placeDep node_modules/openclaw @img/sharp-libvips-linux-riscv64@1.2.4 OK for: sharp@0.34.5 want: 1.2.4
3734 silly placeDep node_modules/openclaw @img/sharp-libvips-linux-s390x@1.2.4 OK for: sharp@0.34.5 want: 1.2.4
3735 silly placeDep node_modules/openclaw @img/sharp-libvips-linux-x64@1.2.4 OK for: sharp@0.34.5 want: 1.2.4
3736 silly placeDep node_modules/openclaw @img/sharp-libvips-linuxmusl-arm64@1.2.4 OK for: sharp@0.34.5 want: 1.2.4
3737 silly placeDep node_modules/openclaw @img/sharp-libvips-linuxmusl-x64@1.2.4 OK for: sharp@0.34.5 want: 1.2.4
3738 silly placeDep node_modules/openclaw @img/sharp-linux-arm@0.34.5 OK for: sharp@0.34.5 want: 0.34.5
3739 silly placeDep node_modules/openclaw @img/sharp-linux-arm64@0.34.5 OK for: sharp@0.34.5 want: 0.34.5
3740 silly placeDep node_modules/openclaw @img/sharp-linux-ppc64@0.34.5 OK for: sharp@0.34.5 want: 0.34.5
3741 silly placeDep node_modules/openclaw @img/sharp-linux-riscv64@0.34.5 OK for: sharp@0.34.5 want: 0.34.5
3742 silly placeDep node_modules/openclaw @img/sharp-linux-s390x@0.34.5 OK for: sharp@0.34.5 want: 0.34.5
3743 silly placeDep node_modules/openclaw @img/sharp-linux-x64@0.34.5 OK for: sharp@0.34.5 want: 0.34.5
3744 silly placeDep node_modules/openclaw @img/sharp-linuxmusl-arm64@0.34.5 OK for: sharp@0.34.5 want: 0.34.5
3745 silly placeDep node_modules/openclaw @img/sharp-linuxmusl-x64@0.34.5 OK for: sharp@0.34.5 want: 0.34.5
3746 silly placeDep node_modules/openclaw @img/sharp-wasm32@0.34.5 OK for: sharp@0.34.5 want: 0.34.5
3747 silly placeDep node_modules/openclaw @img/sharp-win32-arm64@0.34.5 OK for: sharp@0.34.5 want: 0.34.5
3748 silly placeDep node_modules/openclaw @img/sharp-win32-ia32@0.34.5 OK for: sharp@0.34.5 want: 0.34.5
3749 silly placeDep node_modules/openclaw @img/sharp-win32-x64@0.34.5 OK for: sharp@0.34.5 want: 0.34.5
3750 silly placeDep node_modules/openclaw shebang-regex@3.0.0 OK for: shebang-command@2.0.0 want: ^3.0.0
3751 silly placeDep node_modules/openclaw object-inspect@1.13.4 OK for: side-channel@1.1.0 want: ^1.13.3
3752 silly placeDep node_modules/openclaw side-channel-list@1.0.0 OK for: side-channel@1.1.0 want: ^1.0.0
3753 silly placeDep node_modules/openclaw side-channel-map@1.0.1 OK for: side-channel@1.1.0 want: ^1.0.1
3754 silly placeDep node_modules/openclaw side-channel-weakmap@1.0.2 OK for: side-channel@1.1.0 want: ^1.0.2
3755 silly fetch manifest call-bound@^1.0.2
3756 silly packumentCache full:https://registry.npmjs.org/call-bound cache-miss
3757 silly fetch manifest call-bound@^1.0.2
3758 silly packumentCache full:https://registry.npmjs.org/call-bound cache-miss
3759 http fetch GET 200 https://registry.npmjs.org/call-bound 41ms (cache revalidated)
3760 silly packumentCache full:https://registry.npmjs.org/call-bound set size:15317 disposed:false
3761 http fetch GET 200 https://registry.npmjs.org/call-bound 55ms (cache revalidated)
3762 silly packumentCache full:https://registry.npmjs.org/call-bound set size:15317 disposed:false
3763 silly packumentCache full:https://registry.npmjs.org/call-bound dispose
3764 silly placeDep node_modules/openclaw call-bound@1.0.4 OK for: side-channel-map@1.0.1 want: ^1.0.2
3765 silly placeDep node_modules/openclaw @kwsites/file-exists@1.1.1 OK for: simple-git@3.32.3 want: ^1.1.1
3766 silly placeDep node_modules/openclaw @kwsites/promise-deferred@1.1.1 OK for: simple-git@3.32.3 want: ^1.1.1
3767 silly placeDep node_modules/openclaw ansi-styles@6.2.3 OK for: slice-ansi@8.0.0 want: ^6.2.3
3768 silly placeDep node_modules/openclaw is-fullwidth-code-point@5.1.0 OK for: slice-ansi@8.0.0 want: ^5.1.0
3769 silly placeDep node_modules/openclaw socks@2.8.7 OK for: socks-proxy-agent@8.0.5 want: ^2.8.3
3770 silly fetch manifest ip-address@^10.0.1
3771 silly packumentCache full:https://registry.npmjs.org/ip-address cache-miss
3772 silly fetch manifest smart-buffer@^4.2.0
3773 silly packumentCache full:https://registry.npmjs.org/smart-buffer cache-miss
3774 http fetch GET 200 https://registry.npmjs.org/ip-address 57ms (cache revalidated)
3775 silly packumentCache full:https://registry.npmjs.org/ip-address set size:135050 disposed:false
3776 http fetch GET 200 https://registry.npmjs.org/smart-buffer 64ms (cache revalidated)
3777 silly packumentCache full:https://registry.npmjs.org/smart-buffer set size:87065 disposed:false
3778 silly placeDep node_modules/openclaw ip-address@10.1.0 OK for: socks@2.8.7 want: ^10.0.1
3779 silly placeDep node_modules/openclaw smart-buffer@4.2.0 OK for: socks@2.8.7 want: ^4.2.0
3780 silly placeDep node_modules/openclaw buffer-from@1.1.2 OK for: source-map-support@0.5.21 want: ^1.0.0
3781 silly placeDep node_modules/openclaw sqlite-vec-darwin-arm64@0.1.7-alpha.2 OK for: sqlite-vec@0.1.7-alpha.2 want: 0.1.7-alpha.2
3782 silly placeDep node_modules/openclaw sqlite-vec-darwin-x64@0.1.7-alpha.2 OK for: sqlite-vec@0.1.7-alpha.2 want: 0.1.7-alpha.2
3783 silly placeDep node_modules/openclaw sqlite-vec-linux-arm64@0.1.7-alpha.2 OK for: sqlite-vec@0.1.7-alpha.2 want: 0.1.7-alpha.2
3784 silly placeDep node_modules/openclaw sqlite-vec-linux-x64@0.1.7-alpha.2 OK for: sqlite-vec@0.1.7-alpha.2 want: 0.1.7-alpha.2
3785 silly placeDep node_modules/openclaw sqlite-vec-windows-x64@0.1.7-alpha.2 OK for: sqlite-vec@0.1.7-alpha.2 want: 0.1.7-alpha.2
3786 silly placeDep node_modules/openclaw ansi-escapes@6.2.1 OK for: stdout-update@4.0.1 want: ^6.2.0
3787 silly placeDep node_modules/openclaw/node_modules/stdout-update string-width@7.2.0 OK for: stdout-update@4.0.1 want: ^7.1.0
3788 silly fetch manifest emoji-regex@^10.3.0
3789 silly packumentCache full:https://registry.npmjs.org/emoji-regex cache-hit
3790 silly placeDep node_modules/openclaw/node_modules/string_decoder safe-buffer@5.1.2 OK for: string_decoder@1.1.1 want: ~5.1.0
3791 silly placeDep node_modules/openclaw emoji-regex@8.0.0 OK for: string-width@4.2.3 want: ^8.0.0
3792 silly placeDep node_modules/openclaw/node_modules/string-width is-fullwidth-code-point@3.0.0 OK for: string-width@4.2.3 want: ^3.0.0
3793 silly placeDep node_modules/openclaw/node_modules/string-width strip-ansi@6.0.1 OK for: string-width@4.2.3 want: ^6.0.1
3794 silly placeDep node_modules/openclaw ansi-regex@6.2.2 OK for: strip-ansi@7.2.0 want: ^6.2.2
3795 silly placeDep node_modules/openclaw @isaacs/fs-minipass@4.0.1 OK for: tar@7.5.9 want: ^4.0.0
3796 silly placeDep node_modules/openclaw chownr@3.0.0 OK for: tar@7.5.9 want: ^3.0.0
3797 silly placeDep node_modules/openclaw minizlib@3.1.0 OK for: tar@7.5.9 want: ^3.1.0
3798 silly placeDep node_modules/openclaw yallist@5.0.0 OK for: tar@7.5.9 want: ^5.0.0
3799 silly placeDep node_modules/openclaw thenify@3.3.1 OK for: thenify-all@1.6.0 want: >= 3.1.0 < 4
3800 silly placeDep node_modules/openclaw ieee754@1.2.1 OK for: token-types@6.1.2 want: ^1.2.1
3801 silly placeDep node_modules/openclaw tr46@0.0.3 OK for: whatwg-url@5.0.0 want: ~0.0.3
3802 silly placeDep node_modules/openclaw webidl-conversions@3.0.1 OK for: whatwg-url@5.0.0 want: ^3.0.0
3803 silly placeDep node_modules/openclaw isexe@4.0.0 OK for: which@6.0.1 want: ^4.0.0
3804 silly placeDep node_modules/openclaw cliui@7.0.4 OK for: yargs@16.2.0 want: ^7.0.2
3805 silly placeDep node_modules/openclaw escalade@3.2.0 OK for: yargs@16.2.0 want: ^3.1.1
3806 silly placeDep node_modules/openclaw get-caller-file@2.0.5 OK for: yargs@16.2.0 want: ^2.0.5
3807 silly placeDep node_modules/openclaw require-directory@2.1.1 OK for: yargs@16.2.0 want: ^2.1.1
3808 silly placeDep node_modules/openclaw y18n@5.0.8 OK for: yargs@16.2.0 want: ^5.0.5
3809 silly placeDep node_modules/openclaw yargs-parser@20.2.9 OK for: yargs@16.2.0 want: ^20.2.2
3810 silly fetch manifest wrap-ansi@^7.0.0
3811 silly packumentCache full:https://registry.npmjs.org/wrap-ansi cache-miss
3812 silly fetch manifest strip-ansi@^6.0.0
3813 silly packumentCache full:https://registry.npmjs.org/strip-ansi cache-hit
3814 http fetch GET 200 https://registry.npmjs.org/wrap-ansi 47ms (cache revalidated)
3815 silly packumentCache full:https://registry.npmjs.org/wrap-ansi set size:55299 disposed:false
3816 silly placeDep node_modules/openclaw/node_modules/cliui strip-ansi@6.0.1 OK for: cliui@7.0.4 want: ^6.0.0
3817 silly placeDep node_modules/openclaw wrap-ansi@7.0.0 OK for: cliui@7.0.4 want: ^7.0.0
3818 silly fetch manifest ansi-styles@^4.0.0
3819 silly packumentCache full:https://registry.npmjs.org/ansi-styles cache-hit
3820 silly placeDep node_modules/openclaw/node_modules/wrap-ansi ansi-styles@4.3.0 OK for: wrap-ansi@7.0.0 want: ^4.0.0
3821 silly placeDep node_modules/openclaw/node_modules/wrap-ansi strip-ansi@6.0.1 OK for: wrap-ansi@7.0.0 want: ^6.0.0
3822 silly fetch manifest color-convert@^2.0.1
3823 silly packumentCache full:https://registry.npmjs.org/color-convert cache-miss
3824 http fetch GET 200 https://registry.npmjs.org/color-convert 57ms (cache revalidated)
3825 silly packumentCache full:https://registry.npmjs.org/color-convert set size:72663 disposed:false
3826 silly placeDep node_modules/openclaw buffer-crc32@0.2.13 OK for: yauzl@2.10.0 want: ~0.2.3
3827 silly placeDep node_modules/openclaw fd-slicer@1.1.0 OK for: yauzl@2.10.0 want: ~1.1.0
3828 silly fetch manifest pend@~1.2.0
3829 silly packumentCache full:https://registry.npmjs.org/pend cache-miss
3830 http fetch GET 200 https://registry.npmjs.org/pend 47ms (cache revalidated)
3831 silly packumentCache full:https://registry.npmjs.org/pend set size:8066 disposed:false
3832 silly placeDep node_modules/openclaw pend@1.2.0 OK for: fd-slicer@1.1.0 want: ~1.2.0
3833 silly placeDep node_modules/openclaw/node_modules/@aws-crypto/sha256-browser @smithy/util-buffer-from@2.2.0 OK for: @smithy/util-utf8@2.3.0 want: ^2.2.0
3834 silly fetch manifest @smithy/is-array-buffer@^2.2.0
3835 silly packumentCache full:https://registry.npmjs.org/@smithy%2fis-array-buffer cache-hit
3836 silly placeDep node_modules/openclaw/node_modules/@aws-crypto/sha256-browser @smithy/is-array-buffer@2.2.0 OK for: @smithy/util-buffer-from@2.2.0 want: ^2.2.0
3837 silly placeDep node_modules/openclaw/node_modules/@aws-crypto/util @smithy/util-buffer-from@2.2.0 OK for: @smithy/util-utf8@2.3.0 want: ^2.2.0
3838 silly placeDep node_modules/openclaw/node_modules/@aws-crypto/util @smithy/is-array-buffer@2.2.0 OK for: @smithy/util-buffer-from@2.2.0 want: ^2.2.0
3839 silly placeDep node_modules/openclaw/node_modules/@discordjs/node-pre-gyp agent-base@6.0.2 OK for: https-proxy-agent@5.0.1 want: 6
3840 silly placeDep node_modules/openclaw/node_modules/@discordjs/node-pre-gyp chownr@2.0.0 OK for: tar@6.2.1 want: ^2.0.0
3841 silly placeDep node_modules/openclaw fs-minipass@2.1.0 OK for: tar@6.2.1 want: ^2.0.0
3842 silly placeDep node_modules/openclaw/node_modules/@discordjs/node-pre-gyp minipass@5.0.0 OK for: tar@6.2.1 want: ^5.0.0
3843 silly placeDep node_modules/openclaw/node_modules/@discordjs/node-pre-gyp minizlib@2.1.2 OK for: tar@6.2.1 want: ^2.1.1
3844 silly placeDep node_modules/openclaw mkdirp@1.0.4 OK for: tar@6.2.1 want: ^1.0.3
3845 silly placeDep node_modules/openclaw/node_modules/@discordjs/node-pre-gyp yallist@4.0.0 OK for: tar@6.2.1 want: ^4.0.0
3846 silly fetch manifest minipass@^3.0.0
3847 silly packumentCache full:https://registry.npmjs.org/minipass cache-hit
3848 silly fetch manifest minipass@^3.0.0
3849 silly packumentCache full:https://registry.npmjs.org/minipass cache-hit
3850 silly placeDep node_modules/openclaw/node_modules/fs-minipass minipass@3.3.6 OK for: fs-minipass@2.1.0 want: ^3.0.0
3851 silly placeDep node_modules/openclaw/node_modules/@discordjs/node-pre-gyp/node_modules/minizlib minipass@3.3.6 OK for: minizlib@2.1.2 want: ^3.0.0
3852 silly placeDep node_modules/openclaw/node_modules/@line/bot-sdk undici-types@7.16.0 OK for: @types/node@24.11.0 want: ~7.16.0
3853 silly placeDep node_modules/openclaw/node_modules/@whiskeysockets/baileys p-timeout@7.0.1 OK for: p-queue@9.1.0 want: ^7.0.0
3854 silly placeDep node_modules/openclaw/node_modules/cli-highlight ansi-styles@4.3.0 OK for: chalk@4.1.2 want: ^4.1.0
3855 silly placeDep node_modules/openclaw supports-color@7.2.0 OK for: chalk@4.1.2 want: ^7.1.0
3856 silly fetch manifest has-flag@^4.0.0
3857 silly packumentCache full:https://registry.npmjs.org/has-flag cache-miss
3858 http fetch GET 200 https://registry.npmjs.org/has-flag 44ms (cache revalidated)
3859 silly packumentCache full:https://registry.npmjs.org/has-flag set size:15180 disposed:false
3860 silly placeDep node_modules/openclaw has-flag@4.0.0 OK for: supports-color@7.2.0 want: ^4.0.0
3861 silly placeDep node_modules/openclaw color-convert@2.0.1 OK for: ansi-styles@4.3.0 want: ^2.0.1
3862 silly fetch manifest color-name@~1.1.4
3863 silly packumentCache full:https://registry.npmjs.org/color-name cache-miss
3864 http fetch GET 200 https://registry.npmjs.org/color-name 54ms (cache revalidated)
3865 silly packumentCache full:https://registry.npmjs.org/color-name set size:19467 disposed:false
3866 silly placeDep node_modules/openclaw color-name@1.1.4 OK for: color-convert@2.0.1 want: ~1.1.4
3867 silly placeDep node_modules/openclaw/node_modules/cliui ansi-regex@5.0.1 OK for: strip-ansi@6.0.1 want: ^5.0.1
3868 silly placeDep node_modules/openclaw/node_modules/cmake-js cliui@8.0.1 OK for: yargs@17.7.2 want: ^8.0.1
3869 silly placeDep node_modules/openclaw/node_modules/cmake-js yargs-parser@21.1.1 OK for: yargs@17.7.2 want: ^21.1.1
3870 silly placeDep node_modules/openclaw/node_modules/cmake-js strip-ansi@6.0.1 OK for: cliui@8.0.1 want: ^6.0.1
3871 silly placeDep node_modules/openclaw/node_modules/cmake-js ansi-regex@5.0.1 OK for: strip-ansi@6.0.1 want: ^5.0.1
3872 silly placeDep node_modules/openclaw/node_modules/cross-spawn isexe@2.0.0 OK for: which@2.0.2 want: ^2.0.0
3873 silly placeDep node_modules/openclaw/node_modules/form-data mime-db@1.52.0 OK for: mime-types@2.1.35 want: 1.52.0
3874 silly placeDep node_modules/openclaw/node_modules/fs-minipass yallist@4.0.0 OK for: minipass@3.3.6 want: ^4.0.0
3875 silly placeDep node_modules/openclaw/node_modules/gauge ansi-regex@5.0.1 OK for: strip-ansi@6.0.1 want: ^5.0.1
3876 silly placeDep node_modules/openclaw/node_modules/gaxios data-uri-to-buffer@4.0.1 OK for: node-fetch@3.3.2 want: ^4.0.0
3877 silly placeDep node_modules/openclaw fetch-blob@3.2.0 OK for: node-fetch@3.3.2 want: ^3.1.4
3878 silly placeDep node_modules/openclaw formdata-polyfill@4.0.10 OK for: node-fetch@3.3.2 want: ^4.0.10
3879 silly fetch manifest web-streams-polyfill@^3.0.3
3880 silly packumentCache full:https://registry.npmjs.org/web-streams-polyfill cache-miss
3881 http fetch GET 200 https://registry.npmjs.org/web-streams-polyfill 45ms (cache revalidated)
3882 silly packumentCache full:https://registry.npmjs.org/web-streams-polyfill set size:136634 disposed:false
3883 silly placeDep node_modules/openclaw web-streams-polyfill@3.3.3 OK for: fetch-blob@3.2.0 want: ^3.0.3
3884 silly placeDep node_modules/openclaw/node_modules/gaxios glob@10.5.0 OK for: rimraf@5.0.10 want: ^10.3.7
3885 silly fetch manifest jackspeak@^3.1.2
3886 silly packumentCache full:https://registry.npmjs.org/jackspeak cache-miss
3887 silly fetch manifest minimatch@^9.0.4
3888 silly packumentCache full:https://registry.npmjs.org/minimatch cache-hit
3889 silly fetch manifest path-scurry@^1.11.1
3890 silly packumentCache full:https://registry.npmjs.org/path-scurry cache-hit
3891 silly fetch manifest foreground-child@^3.1.0
3892 silly packumentCache full:https://registry.npmjs.org/foreground-child cache-miss
3893 silly fetch manifest package-json-from-dist@^1.0.0
3894 silly packumentCache full:https://registry.npmjs.org/package-json-from-dist cache-miss
3895 http fetch GET 200 https://registry.npmjs.org/foreground-child 53ms (cache revalidated)
3896 silly packumentCache full:https://registry.npmjs.org/foreground-child set size:71503 disposed:false
3897 http fetch GET 200 https://registry.npmjs.org/jackspeak 61ms (cache revalidated)
3898 silly packumentCache full:https://registry.npmjs.org/jackspeak set size:204267 disposed:false
3899 http fetch GET 200 https://registry.npmjs.org/package-json-from-dist 65ms (cache revalidated)
3900 silly packumentCache full:https://registry.npmjs.org/package-json-from-dist set size:8854 disposed:false
3901 silly placeDep node_modules/openclaw foreground-child@3.3.1 OK for: glob@10.5.0 want: ^3.1.0
3902 silly placeDep node_modules/openclaw jackspeak@3.4.3 OK for: glob@10.5.0 want: ^3.1.2
3903 silly placeDep node_modules/openclaw/node_modules/gaxios minimatch@9.0.9 OK for: glob@10.5.0 want: ^9.0.4
3904 silly placeDep node_modules/openclaw package-json-from-dist@1.0.1 OK for: glob@10.5.0 want: ^1.0.0
3905 silly placeDep node_modules/openclaw/node_modules/gaxios path-scurry@1.11.1 OK for: glob@10.5.0 want: ^1.11.1
3906 silly fetch manifest signal-exit@^4.0.1
3907 silly packumentCache full:https://registry.npmjs.org/signal-exit cache-hit
3908 silly fetch manifest @isaacs/cliui@^8.0.2
3909 silly packumentCache full:https://registry.npmjs.org/@isaacs%2fcliui cache-miss
3910 silly fetch manifest @pkgjs/parseargs@^0.11.0
3911 silly packumentCache full:https://registry.npmjs.org/@pkgjs%2fparseargs cache-miss
3912 silly fetch manifest brace-expansion@^2.0.2
3913 silly packumentCache full:https://registry.npmjs.org/brace-expansion cache-hit
3914 silly fetch manifest lru-cache@^10.2.0
3915 silly packumentCache full:https://registry.npmjs.org/lru-cache cache-hit
3916 http fetch GET 200 https://registry.npmjs.org/@pkgjs%2fparseargs 56ms (cache revalidated)
3917 silly packumentCache full:https://registry.npmjs.org/@pkgjs%2fparseargs set size:51085 disposed:false
3918 http fetch GET 200 https://registry.npmjs.org/@isaacs%2fcliui 64ms (cache revalidated)
3919 silly packumentCache full:https://registry.npmjs.org/@isaacs%2fcliui set size:12263 disposed:false
3920 silly placeDep node_modules/openclaw/node_modules/foreground-child signal-exit@4.1.0 OK for: foreground-child@3.3.1 want: ^4.0.1
3921 silly placeDep node_modules/openclaw @isaacs/cliui@8.0.2 OK for: jackspeak@3.4.3 want: ^8.0.2
3922 silly placeDep node_modules/openclaw @pkgjs/parseargs@0.11.0 OK for: jackspeak@3.4.3 want: ^0.11.0
3923 silly fetch manifest wrap-ansi@^8.1.0
3924 silly packumentCache full:https://registry.npmjs.org/wrap-ansi cache-hit
3925 silly fetch manifest string-width@^5.1.2
3926 silly packumentCache full:https://registry.npmjs.org/string-width cache-hit
3927 silly fetch manifest wrap-ansi-cjs@npm:wrap-ansi@^7.0.0
3928 silly packumentCache full:https://registry.npmjs.org/wrap-ansi cache-hit
3929 silly fetch manifest strip-ansi-cjs@npm:strip-ansi@^6.0.1
3930 silly packumentCache full:https://registry.npmjs.org/strip-ansi cache-hit
3931 silly fetch manifest string-width-cjs@npm:string-width@^4.2.0
3932 silly packumentCache full:https://registry.npmjs.org/string-width cache-hit
3933 silly placeDep node_modules/openclaw/node_modules/@isaacs/cliui string-width@5.1.2 OK for: @isaacs/cliui@8.0.2 want: ^5.1.2
3934 silly placeDep node_modules/openclaw string-width-cjs@4.2.3 OK for: @isaacs/cliui@8.0.2 want: npm:string-width@^4.2.0
3935 silly placeDep node_modules/openclaw strip-ansi-cjs@6.0.1 OK for: @isaacs/cliui@8.0.2 want: npm:strip-ansi@^6.0.1
3936 silly placeDep node_modules/openclaw/node_modules/@isaacs/cliui wrap-ansi@8.1.0 OK for: @isaacs/cliui@8.0.2 want: ^8.1.0
3937 silly placeDep node_modules/openclaw wrap-ansi-cjs@7.0.0 OK for: @isaacs/cliui@8.0.2 want: npm:wrap-ansi@^7.0.0
3938 silly fetch manifest emoji-regex@^9.2.2
3939 silly packumentCache full:https://registry.npmjs.org/emoji-regex cache-hit
3940 silly fetch manifest eastasianwidth@^0.2.0
3941 silly packumentCache full:https://registry.npmjs.org/eastasianwidth cache-miss
3942 http fetch GET 200 https://registry.npmjs.org/eastasianwidth 44ms (cache revalidated)
3943 silly packumentCache full:https://registry.npmjs.org/eastasianwidth set size:7890 disposed:false
3944 silly placeDep node_modules/openclaw/node_modules/string-width-cjs is-fullwidth-code-point@3.0.0 OK for: string-width@4.2.3 want: ^3.0.0
3945 silly placeDep node_modules/openclaw/node_modules/string-width-cjs strip-ansi@6.0.1 OK for: string-width@4.2.3 want: ^6.0.1
3946 silly placeDep node_modules/openclaw/node_modules/strip-ansi-cjs ansi-regex@5.0.1 OK for: strip-ansi@6.0.1 want: ^5.0.1
3947 silly placeDep node_modules/openclaw/node_modules/wrap-ansi-cjs ansi-styles@4.3.0 OK for: wrap-ansi@7.0.0 want: ^4.0.0
3948 silly placeDep node_modules/openclaw/node_modules/wrap-ansi-cjs strip-ansi@6.0.1 OK for: wrap-ansi@7.0.0 want: ^6.0.0
3949 silly placeDep node_modules/openclaw eastasianwidth@0.2.0 OK for: string-width@5.1.2 want: ^0.2.0
3950 silly placeDep node_modules/openclaw/node_modules/@isaacs/cliui emoji-regex@9.2.2 OK for: string-width@5.1.2 want: ^9.2.2
3951 silly placeDep node_modules/openclaw/node_modules/gaxios brace-expansion@2.0.2 OK for: minimatch@9.0.9 want: ^2.0.2
3952 silly fetch manifest balanced-match@^1.0.0
3953 silly packumentCache full:https://registry.npmjs.org/balanced-match cache-hit
3954 silly placeDep node_modules/openclaw/node_modules/gaxios balanced-match@1.0.2 OK for: brace-expansion@2.0.2 want: ^1.0.0
3955 silly placeDep node_modules/openclaw/node_modules/gaxios lru-cache@10.4.3 OK for: path-scurry@1.11.1 want: ^10.2.0
3956 silly placeDep node_modules/openclaw/node_modules/ipull parse-ms@3.0.0 OK for: pretty-ms@8.0.0 want: ^3.0.0
3957 silly placeDep node_modules/openclaw @types/long@4.0.2 OK for: protobufjs@6.8.8 want: ^4.0.0
3958 silly placeDep node_modules/openclaw/node_modules/libsignal @types/node@10.17.60 OK for: protobufjs@6.8.8 want: ^10.1.0
3959 silly placeDep node_modules/openclaw/node_modules/libsignal long@4.0.0 OK for: protobufjs@6.8.8 want: ^4.0.0
3960 silly placeDep node_modules/openclaw/node_modules/node-edge-tts cliui@8.0.1 OK for: yargs@17.7.2 want: ^8.0.1
3961 silly placeDep node_modules/openclaw/node_modules/node-edge-tts yargs-parser@21.1.1 OK for: yargs@17.7.2 want: ^21.1.1
3962 silly placeDep node_modules/openclaw/node_modules/node-edge-tts strip-ansi@6.0.1 OK for: cliui@8.0.1 want: ^6.0.1
3963 silly placeDep node_modules/openclaw/node_modules/node-edge-tts ansi-regex@5.0.1 OK for: strip-ansi@6.0.1 want: ^5.0.1
3964 silly placeDep node_modules/openclaw/node_modules/node-llama-cpp cliui@8.0.1 OK for: yargs@17.7.2 want: ^8.0.1
3965 silly placeDep node_modules/openclaw/node_modules/node-llama-cpp yargs-parser@21.1.1 OK for: yargs@17.7.2 want: ^21.1.1
3966 silly placeDep node_modules/openclaw/node_modules/node-llama-cpp/node_modules/cliui strip-ansi@6.0.1 OK for: cliui@8.0.1 want: ^6.0.1
3967 silly placeDep node_modules/openclaw fs.realpath@1.0.0 OK for: glob@7.2.3 want: ^1.0.0
3968 silly placeDep node_modules/openclaw inflight@1.0.6 OK for: glob@7.2.3 want: ^1.0.4
3969 silly placeDep node_modules/openclaw/node_modules/rimraf minimatch@3.1.5 OK for: glob@7.2.3 want: ^3.1.1
3970 silly placeDep node_modules/openclaw path-is-absolute@1.0.1 OK for: glob@7.2.3 want: ^1.0.0
3971 silly fetch manifest brace-expansion@^1.1.7
3972 silly packumentCache full:https://registry.npmjs.org/brace-expansion cache-hit
3973 silly placeDep node_modules/openclaw/node_modules/rimraf brace-expansion@1.1.12 OK for: minimatch@3.1.5 want: ^1.1.7
3974 silly fetch manifest concat-map@0.0.1
3975 silly packumentCache full:https://registry.npmjs.org/concat-map cache-miss
3976 http fetch GET 200 https://registry.npmjs.org/concat-map 44ms (cache revalidated)
3977 silly packumentCache full:https://registry.npmjs.org/concat-map set size:9290 disposed:false
3978 silly placeDep node_modules/openclaw/node_modules/rimraf balanced-match@1.0.2 OK for: brace-expansion@1.1.12 want: ^1.0.0
3979 silly placeDep node_modules/openclaw concat-map@0.0.1 OK for: brace-expansion@1.1.12 want: 0.0.1
3980 silly placeDep node_modules/openclaw/node_modules/stdout-update emoji-regex@10.6.0 OK for: string-width@7.2.0 want: ^10.3.0
3981 silly placeDep node_modules/openclaw/node_modules/string-width-cjs ansi-regex@5.0.1 OK for: strip-ansi@6.0.1 want: ^5.0.1
3982 silly placeDep node_modules/openclaw/node_modules/string-width ansi-regex@5.0.1 OK for: strip-ansi@6.0.1 want: ^5.0.1
3983 silly placeDep node_modules/openclaw/node_modules/wrap-ansi-cjs ansi-regex@5.0.1 OK for: strip-ansi@6.0.1 want: ^5.0.1
3984 silly placeDep node_modules/openclaw/node_modules/wrap-ansi ansi-regex@5.0.1 OK for: strip-ansi@6.0.1 want: ^5.0.1
3985 silly placeDep node_modules/openclaw/node_modules/node-llama-cpp ansi-regex@5.0.1 OK for: strip-ansi@6.0.1 want: ^5.0.1
3986 silly reify mark retired [
3986 silly reify   '/Users/tomasdiez/.nvm/versions/node/v25.7.0/lib/node_modules/openclaw',
3986 silly reify   '/Users/tomasdiez/.nvm/versions/node/v25.7.0/bin/openclaw'
3986 silly reify ]
3987 silly reify moves {
3987 silly reify   '/Users/tomasdiez/.nvm/versions/node/v25.7.0/lib/node_modules/openclaw': '/Users/tomasdiez/.nvm/versions/node/v25.7.0/lib/node_modules/.openclaw-5S7O2M2V',
3987 silly reify   '/Users/tomasdiez/.nvm/versions/node/v25.7.0/bin/openclaw': '/Users/tomasdiez/.nvm/versions/node/v25.7.0/bin/.openclaw-cupRrWjf'
3987 silly reify }
3988 http cache openclaw@https://registry.npmjs.org/openclaw/-/openclaw-2026.3.2.tgz 0ms (cache hit)
3989 http cache @line/bot-sdk@https://registry.npmjs.org/@line/bot-sdk/-/bot-sdk-10.6.0.tgz 0ms (cache hit)
3990 http cache undici-types@https://registry.npmjs.org/undici-types/-/undici-types-7.16.0.tgz 0ms (cache hit)
3991 http cache @whiskeysockets/baileys@https://registry.npmjs.org/@whiskeysockets/baileys/-/baileys-7.0.0-rc.9.tgz 0ms (cache hit)
3992 http cache p-timeout@https://registry.npmjs.org/p-timeout/-/p-timeout-7.0.1.tgz 0ms (cache hit)
3993 http cache p-queue@https://registry.npmjs.org/p-queue/-/p-queue-9.1.0.tgz 0ms (cache hit)
3994 http cache @isaacs/cliui@https://registry.npmjs.org/@isaacs/cliui/-/cliui-8.0.2.tgz 0ms (cache hit)
3995 http cache @types/yauzl@https://registry.npmjs.org/@types/yauzl/-/yauzl-2.10.3.tgz 0ms (cache hit)
3996 http cache @types/node@https://registry.npmjs.org/@types/node/-/node-24.11.0.tgz 0ms (cache hit)
3997 http cache string-width@https://registry.npmjs.org/string-width/-/string-width-5.1.2.tgz 0ms (cache hit)
3998 http cache wrap-ansi@https://registry.npmjs.org/wrap-ansi/-/wrap-ansi-8.1.0.tgz 0ms (cache hit)
3999 http cache @types/send@https://registry.npmjs.org/@types/send/-/send-1.2.1.tgz 0ms (cache hit)
4000 http cache @types/range-parser@https://registry.npmjs.org/@types/range-parser/-/range-parser-1.2.7.tgz 0ms (cache hit)
4001 http cache @snazzah/davey@https://registry.npmjs.org/@snazzah/davey/-/davey-0.1.10.tgz 0ms (cache hit)
4002 http cache @types/serve-static@https://registry.npmjs.org/@types/serve-static/-/serve-static-2.2.0.tgz 0ms (cache hit)
4003 http cache @types/retry@https://registry.npmjs.org/@types/retry/-/retry-0.12.0.tgz 0ms (cache hit)
4004 http cache emoji-regex@https://registry.npmjs.org/emoji-regex/-/emoji-regex-9.2.2.tgz 0ms (cache hit)
4005 http cache @types/ws@https://registry.npmjs.org/@types/ws/-/ws-8.18.1.tgz 0ms (cache hit)
4006 http cache @types/node@https://registry.npmjs.org/@types/node/-/node-25.3.3.tgz 0ms (cache hit)
4007 http cache @types/qs@https://registry.npmjs.org/@types/qs/-/qs-6.14.0.tgz 0ms (cache hit)
4008 http cache @types/http-errors@https://registry.npmjs.org/@types/http-errors/-/http-errors-2.0.5.tgz 0ms (cache hit)
4009 http cache @tinyhttp/content-disposition@https://registry.npmjs.org/@tinyhttp/content-disposition/-/content-disposition-2.2.4.tgz 0ms (cache hit)
4010 http cache @types/jsonwebtoken@https://registry.npmjs.org/@types/jsonwebtoken/-/jsonwebtoken-9.0.10.tgz 0ms (cache hit)
4011 http cache @types/ms@https://registry.npmjs.org/@types/ms/-/ms-2.1.0.tgz 0ms (cache hit)
4012 http cache @types/mime-types@https://registry.npmjs.org/@types/mime-types/-/mime-types-2.1.4.tgz 0ms (cache hit)
4013 http cache @types/body-parser@https://registry.npmjs.org/@types/body-parser/-/body-parser-1.19.6.tgz 0ms (cache hit)
4014 http cache @types/long@https://registry.npmjs.org/@types/long/-/long-4.0.2.tgz 0ms (cache hit)
4015 http cache @types/aws-lambda@https://registry.npmjs.org/@types/aws-lambda/-/aws-lambda-8.10.161.tgz 0ms (cache hit)
4016 http cache @smithy/util-uri-escape@https://registry.npmjs.org/@smithy/util-uri-escape/-/util-uri-escape-4.2.1.tgz 0ms (cache hit)
4017 http cache @types/bun@https://registry.npmjs.org/@types/bun/-/bun-1.3.9.tgz 0ms (cache hit)
4018 http cache @types/connect@https://registry.npmjs.org/@types/connect/-/connect-3.4.38.tgz 0ms (cache hit)
4019 http cache @tokenizer/inflate@https://registry.npmjs.org/@tokenizer/inflate/-/inflate-0.4.1.tgz 0ms (cache hit)
4020 http cache @types/express-serve-static-core@https://registry.npmjs.org/@types/express-serve-static-core/-/express-serve-static-core-5.1.1.tgz 0ms (cache hit)
4021 http cache @types/express@https://registry.npmjs.org/@types/express/-/express-5.0.6.tgz 0ms (cache hit)
4022 http cache @smithy/uuid@https://registry.npmjs.org/@smithy/uuid/-/uuid-1.1.1.tgz 0ms (cache hit)
4023 http cache @smithy/util-utf8@https://registry.npmjs.org/@smithy/util-utf8/-/util-utf8-4.2.1.tgz 0ms (cache hit)
4024 http cache @snazzah/davey-darwin-arm64@https://registry.npmjs.org/@snazzah/davey-darwin-arm64/-/davey-darwin-arm64-0.1.10.tgz 0ms (cache hit)
4025 http cache @smithy/util-defaults-mode-browser@https://registry.npmjs.org/@smithy/util-defaults-mode-browser/-/util-defaults-mode-browser-4.3.36.tgz 0ms (cache hit)
4026 http cache @smithy/util-base64@https://registry.npmjs.org/@smithy/util-base64/-/util-base64-4.3.1.tgz 1ms (cache hit)
4027 http cache @smithy/util-retry@https://registry.npmjs.org/@smithy/util-retry/-/util-retry-4.2.10.tgz 0ms (cache hit)
4028 http cache @smithy/util-hex-encoding@https://registry.npmjs.org/@smithy/util-hex-encoding/-/util-hex-encoding-4.2.1.tgz 0ms (cache hit)
4029 http cache @smithy/util-body-length-node@https://registry.npmjs.org/@smithy/util-body-length-node/-/util-body-length-node-4.2.2.tgz 0ms (cache hit)
4030 http cache @smithy/util-endpoints@https://registry.npmjs.org/@smithy/util-endpoints/-/util-endpoints-3.3.1.tgz 0ms (cache hit)
4031 http cache @smithy/util-defaults-mode-node@https://registry.npmjs.org/@smithy/util-defaults-mode-node/-/util-defaults-mode-node-4.2.39.tgz 0ms (cache hit)
4032 http cache @tokenizer/token@https://registry.npmjs.org/@tokenizer/token/-/token-0.3.0.tgz 0ms (cache hit)
4033 http cache @smithy/util-middleware@https://registry.npmjs.org/@smithy/util-middleware/-/util-middleware-4.2.10.tgz 0ms (cache hit)
4034 http cache @smithy/smithy-client@https://registry.npmjs.org/@smithy/smithy-client/-/smithy-client-4.12.0.tgz 0ms (cache hit)
4035 http cache @smithy/util-stream@https://registry.npmjs.org/@smithy/util-stream/-/util-stream-4.5.15.tgz 0ms (cache hit)
4036 http cache @smithy/types@https://registry.npmjs.org/@smithy/types/-/types-4.13.0.tgz 0ms (cache hit)
4037 http cache @smithy/util-body-length-browser@https://registry.npmjs.org/@smithy/util-body-length-browser/-/util-body-length-browser-4.2.1.tgz 0ms (cache hit)
4038 http cache @tootallnate/quickjs-emscripten@https://registry.npmjs.org/@tootallnate/quickjs-emscripten/-/quickjs-emscripten-0.23.0.tgz 0ms (cache hit)
4039 http cache @smithy/querystring-parser@https://registry.npmjs.org/@smithy/querystring-parser/-/querystring-parser-4.2.10.tgz 0ms (cache hit)
4040 http cache @smithy/signature-v4@https://registry.npmjs.org/@smithy/signature-v4/-/signature-v4-5.3.10.tgz 0ms (cache hit)
4041 http cache @smithy/util-config-provider@https://registry.npmjs.org/@smithy/util-config-provider/-/util-config-provider-4.2.1.tgz 0ms (cache hit)
4042 http cache @smithy/url-parser@https://registry.npmjs.org/@smithy/url-parser/-/url-parser-4.2.10.tgz 0ms (cache hit)
4043 http cache @smithy/service-error-classification@https://registry.npmjs.org/@smithy/service-error-classification/-/service-error-classification-4.2.10.tgz 0ms (cache hit)
4044 http cache @smithy/querystring-builder@https://registry.npmjs.org/@smithy/querystring-builder/-/querystring-builder-4.2.10.tgz 0ms (cache hit)
4045 http cache @smithy/credential-provider-imds@https://registry.npmjs.org/@smithy/credential-provider-imds/-/credential-provider-imds-4.2.10.tgz 0ms (cache hit)
4046 http cache @smithy/util-buffer-from@https://registry.npmjs.org/@smithy/util-buffer-from/-/util-buffer-from-4.2.1.tgz 0ms (cache hit)
4047 http cache @smithy/property-provider@https://registry.npmjs.org/@smithy/property-provider/-/property-provider-4.2.10.tgz 0ms (cache hit)
4048 http cache @smithy/node-http-handler@https://registry.npmjs.org/@smithy/node-http-handler/-/node-http-handler-4.4.12.tgz 0ms (cache hit)
4049 http cache @smithy/shared-ini-file-loader@https://registry.npmjs.org/@smithy/shared-ini-file-loader/-/shared-ini-file-loader-4.4.5.tgz 0ms (cache hit)
4050 http cache @smithy/middleware-serde@https://registry.npmjs.org/@smithy/middleware-serde/-/middleware-serde-4.2.11.tgz 0ms (cache hit)
4051 http cache @smithy/protocol-http@https://registry.npmjs.org/@smithy/protocol-http/-/protocol-http-5.3.10.tgz 0ms (cache hit)
4052 http cache @smithy/middleware-retry@https://registry.npmjs.org/@smithy/middleware-retry/-/middleware-retry-4.4.37.tgz 0ms (cache hit)
4053 http cache @smithy/hash-node@https://registry.npmjs.org/@smithy/hash-node/-/hash-node-4.2.10.tgz 0ms (cache hit)
4054 http cache @smithy/middleware-endpoint@https://registry.npmjs.org/@smithy/middleware-endpoint/-/middleware-endpoint-4.4.20.tgz 0ms (cache hit)
4055 http cache @smithy/invalid-dependency@https://registry.npmjs.org/@smithy/invalid-dependency/-/invalid-dependency-4.2.10.tgz 0ms (cache hit)
4056 http cache @smithy/is-array-buffer@https://registry.npmjs.org/@smithy/is-array-buffer/-/is-array-buffer-4.2.1.tgz 0ms (cache hit)
4057 http cache @smithy/node-config-provider@https://registry.npmjs.org/@smithy/node-config-provider/-/node-config-provider-4.3.10.tgz 0ms (cache hit)
4058 http cache @smithy/fetch-http-handler@https://registry.npmjs.org/@smithy/fetch-http-handler/-/fetch-http-handler-5.3.11.tgz 0ms (cache hit)
4059 http cache @slack/socket-mode@https://registry.npmjs.org/@slack/socket-mode/-/socket-mode-2.0.5.tgz 0ms (cache hit)
4060 http cache @smithy/eventstream-serde-universal@https://registry.npmjs.org/@smithy/eventstream-serde-universal/-/eventstream-serde-universal-4.2.10.tgz 0ms (cache hit)
4061 http cache @smithy/abort-controller@https://registry.npmjs.org/@smithy/abort-controller/-/abort-controller-4.2.10.tgz 0ms (cache hit)
4062 http cache @smithy/middleware-stack@https://registry.npmjs.org/@smithy/middleware-stack/-/middleware-stack-4.2.10.tgz 0ms (cache hit)
4063 http cache @protobufjs/eventemitter@https://registry.npmjs.org/@protobufjs/eventemitter/-/eventemitter-1.1.0.tgz 0ms (cache hit)
4064 http cache @smithy/eventstream-codec@https://registry.npmjs.org/@smithy/eventstream-codec/-/eventstream-codec-4.2.10.tgz 0ms (cache hit)
4065 http cache @smithy/eventstream-serde-node@https://registry.npmjs.org/@smithy/eventstream-serde-node/-/eventstream-serde-node-4.2.10.tgz 0ms (cache hit)
4066 http cache @smithy/eventstream-serde-config-resolver@https://registry.npmjs.org/@smithy/eventstream-serde-config-resolver/-/eventstream-serde-config-resolver-4.3.10.tgz 0ms (cache hit)
4067 http cache @slack/web-api@https://registry.npmjs.org/@slack/web-api/-/web-api-7.14.1.tgz 0ms (cache hit)
4068 http cache @slack/types@https://registry.npmjs.org/@slack/types/-/types-2.20.0.tgz 0ms (cache hit)
4069 http cache @smithy/config-resolver@https://registry.npmjs.org/@smithy/config-resolver/-/config-resolver-4.4.9.tgz 0ms (cache hit)
4070 http cache @reflink/reflink@https://registry.npmjs.org/@reflink/reflink/-/reflink-0.1.19.tgz 0ms (cache hit)
4071 http cache @reflink/reflink-darwin-arm64@https://registry.npmjs.org/@reflink/reflink-darwin-arm64/-/reflink-darwin-arm64-0.1.19.tgz 0ms (cache hit)
4072 http cache @smithy/eventstream-serde-browser@https://registry.npmjs.org/@smithy/eventstream-serde-browser/-/eventstream-serde-browser-4.2.10.tgz 0ms (cache hit)
4073 http cache @slack/logger@https://registry.npmjs.org/@slack/logger/-/logger-4.0.0.tgz 0ms (cache hit)
4074 http cache @protobufjs/path@https://registry.npmjs.org/@protobufjs/path/-/path-1.1.2.tgz 0ms (cache hit)
4075 http cache @slack/oauth@https://registry.npmjs.org/@slack/oauth/-/oauth-3.0.4.tgz 0ms (cache hit)
4076 http cache @sinclair/typebox@https://registry.npmjs.org/@sinclair/typebox/-/typebox-0.34.48.tgz 0ms (cache hit)
4077 http cache @protobufjs/pool@https://registry.npmjs.org/@protobufjs/pool/-/pool-1.1.0.tgz 0ms (cache hit)
4078 http cache @protobufjs/inquire@https://registry.npmjs.org/@protobufjs/inquire/-/inquire-1.1.0.tgz 0ms (cache hit)
4079 http cache @silvia-odwyer/photon-node@https://registry.npmjs.org/@silvia-odwyer/photon-node/-/photon-node-0.3.4.tgz 0ms (cache hit)
4080 http cache @octokit/openapi-types@https://registry.npmjs.org/@octokit/openapi-types/-/openapi-types-27.0.0.tgz 0ms (cache hit)
4081 http cache @smithy/middleware-content-length@https://registry.npmjs.org/@smithy/middleware-content-length/-/middleware-content-length-4.2.10.tgz 0ms (cache hit)
4082 http cache @protobufjs/float@https://registry.npmjs.org/@protobufjs/float/-/float-1.0.2.tgz 0ms (cache hit)
4083 http cache @smithy/core@https://registry.npmjs.org/@smithy/core/-/core-3.23.6.tgz 0ms (cache hit)
4084 http cache @protobufjs/base64@https://registry.npmjs.org/@protobufjs/base64/-/base64-1.1.2.tgz 0ms (cache hit)
4085 http cache @pkgjs/parseargs@https://registry.npmjs.org/@pkgjs/parseargs/-/parseargs-0.11.0.tgz 0ms (cache hit)
4086 http cache @protobufjs/codegen@https://registry.npmjs.org/@protobufjs/codegen/-/codegen-2.0.4.tgz 0ms (cache hit)
4087 http cache @protobufjs/aspromise@https://registry.npmjs.org/@protobufjs/aspromise/-/aspromise-1.1.2.tgz 0ms (cache hit)
4088 http cache @slack/bolt@https://registry.npmjs.org/@slack/bolt/-/bolt-4.6.0.tgz 0ms (cache hit)
4089 http cache @protobufjs/utf8@https://registry.npmjs.org/@protobufjs/utf8/-/utf8-1.1.0.tgz 0ms (cache hit)
4090 http cache @octokit/webhooks-methods@https://registry.npmjs.org/@octokit/webhooks-methods/-/webhooks-methods-6.0.0.tgz 0ms (cache hit)
4091 http cache @octokit/types@https://registry.npmjs.org/@octokit/types/-/types-16.0.0.tgz 0ms (cache hit)
4092 http cache @octokit/request-error@https://registry.npmjs.org/@octokit/request-error/-/request-error-7.1.0.tgz 0ms (cache hit)
4093 http cache @octokit/plugin-retry@https://registry.npmjs.org/@octokit/plugin-retry/-/plugin-retry-8.1.0.tgz 0ms (cache hit)
4094 http cache @octokit/app@https://registry.npmjs.org/@octokit/app/-/app-16.1.2.tgz 0ms (cache hit)
4095 http cache @octokit/plugin-paginate-rest@https://registry.npmjs.org/@octokit/plugin-paginate-rest/-/plugin-paginate-rest-14.0.0.tgz 0ms (cache hit)
4096 http cache @octokit/plugin-paginate-graphql@https://registry.npmjs.org/@octokit/plugin-paginate-graphql/-/plugin-paginate-graphql-6.0.0.tgz 0ms (cache hit)
4097 http cache @octokit/plugin-rest-endpoint-methods@https://registry.npmjs.org/@octokit/plugin-rest-endpoint-methods/-/plugin-rest-endpoint-methods-17.0.0.tgz 0ms (cache hit)
4098 http cache @octokit/webhooks@https://registry.npmjs.org/@octokit/webhooks/-/webhooks-14.2.0.tgz 0ms (cache hit)
4099 http cache @octokit/request@https://registry.npmjs.org/@octokit/request/-/request-10.0.8.tgz 0ms (cache hit)
4100 http cache @pinojs/redact@https://registry.npmjs.org/@pinojs/redact/-/redact-0.4.0.tgz 0ms (cache hit)
4101 http cache @octokit/openapi-webhooks-types@https://registry.npmjs.org/@octokit/openapi-webhooks-types/-/openapi-webhooks-types-12.1.0.tgz 0ms (cache hit)
4102 http cache @octokit/plugin-throttling@https://registry.npmjs.org/@octokit/plugin-throttling/-/plugin-throttling-11.0.3.tgz 0ms (cache hit)
4103 http cache @octokit/oauth-authorization-url@https://registry.npmjs.org/@octokit/oauth-authorization-url/-/oauth-authorization-url-8.0.0.tgz 0ms (cache hit)
4104 http cache @octokit/graphql@https://registry.npmjs.org/@octokit/graphql/-/graphql-9.0.3.tgz 0ms (cache hit)
4105 http cache @octokit/oauth-methods@https://registry.npmjs.org/@octokit/oauth-methods/-/oauth-methods-6.0.2.tgz 0ms (cache hit)
4106 http cache @octokit/endpoint@https://registry.npmjs.org/@octokit/endpoint/-/endpoint-11.0.3.tgz 0ms (cache hit)
4107 http cache @octokit/auth-unauthenticated@https://registry.npmjs.org/@octokit/auth-unauthenticated/-/auth-unauthenticated-7.0.3.tgz 0ms (cache hit)
4108 http cache @octokit/oauth-app@https://registry.npmjs.org/@octokit/oauth-app/-/oauth-app-8.0.3.tgz 0ms (cache hit)
4109 http cache @octokit/auth-oauth-device@https://registry.npmjs.org/@octokit/auth-oauth-device/-/auth-oauth-device-8.0.3.tgz 0ms (cache hit)
4110 http cache @octokit/auth-app@https://registry.npmjs.org/@octokit/auth-app/-/auth-app-8.2.0.tgz 0ms (cache hit)
4111 http cache @octokit/auth-token@https://registry.npmjs.org/@octokit/auth-token/-/auth-token-6.0.0.tgz 0ms (cache hit)
4112 http cache @node-llama-cpp/mac-arm64-metal@https://registry.npmjs.org/@node-llama-cpp/mac-arm64-metal/-/mac-arm64-metal-3.16.2.tgz 0ms (cache hit)
4113 http cache @octokit/auth-oauth-app@https://registry.npmjs.org/@octokit/auth-oauth-app/-/auth-oauth-app-9.0.3.tgz 0ms (cache hit)
4114 http cache @napi-rs/canvas-darwin-arm64@https://registry.npmjs.org/@napi-rs/canvas-darwin-arm64/-/canvas-darwin-arm64-0.1.95.tgz 0ms (cache hit)
4115 http cache @octokit/auth-oauth-user@https://registry.npmjs.org/@octokit/auth-oauth-user/-/auth-oauth-user-6.0.2.tgz 0ms (cache hit)
4116 http cache @isaacs/fs-minipass@https://registry.npmjs.org/@isaacs/fs-minipass/-/fs-minipass-4.0.1.tgz 0ms (cache hit)
4117 http cache @mozilla/readability@https://registry.npmjs.org/@mozilla/readability/-/readability-0.6.0.tgz 0ms (cache hit)
4118 http cache @mariozechner/pi-coding-agent@https://registry.npmjs.org/@mariozechner/pi-coding-agent/-/pi-coding-agent-0.55.3.tgz 0ms (cache hit)
4119 http cache @mariozechner/jiti@https://registry.npmjs.org/@mariozechner/jiti/-/jiti-2.6.5.tgz 0ms (cache hit)
4120 http cache @mariozechner/pi-ai@https://registry.npmjs.org/@mariozechner/pi-ai/-/pi-ai-0.55.3.tgz 0ms (cache hit)
4121 http cache @mistralai/mistralai@https://registry.npmjs.org/@mistralai/mistralai/-/mistralai-1.10.0.tgz 0ms (cache hit)
4122 http cache @napi-rs/canvas@https://registry.npmjs.org/@napi-rs/canvas/-/canvas-0.1.95.tgz 0ms (cache hit)
4123 http cache zod@https://registry.npmjs.org/zod/-/zod-3.25.76.tgz 0ms (cache hit)
4124 http cache @mariozechner/pi-tui@https://registry.npmjs.org/@mariozechner/pi-tui/-/pi-tui-0.55.3.tgz 0ms (cache hit)
4125 http cache @lydell/node-pty-darwin-arm64@https://registry.npmjs.org/@lydell/node-pty-darwin-arm64/-/node-pty-darwin-arm64-1.2.0-beta.3.tgz 0ms (cache hit)
4126 http cache @kwsites/file-exists@https://registry.npmjs.org/@kwsites/file-exists/-/file-exists-1.1.1.tgz 0ms (cache hit)
4127 http cache @mariozechner/clipboard-darwin-arm64@https://registry.npmjs.org/@mariozechner/clipboard-darwin-arm64/-/clipboard-darwin-arm64-0.3.2.tgz 0ms (cache hit)
4128 http cache @lydell/node-pty@https://registry.npmjs.org/@lydell/node-pty/-/node-pty-1.2.0-beta.3.tgz 0ms (cache hit)
4129 http cache @keyv/serialize@https://registry.npmjs.org/@keyv/serialize/-/serialize-1.1.1.tgz 0ms (cache hit)
4130 http cache @mariozechner/clipboard@https://registry.npmjs.org/@mariozechner/clipboard/-/clipboard-0.3.2.tgz 0ms (cache hit)
4131 http cache @octokit/core@https://registry.npmjs.org/@octokit/core/-/core-7.0.6.tgz 0ms (cache hit)
4132 http cache @kwsites/promise-deferred@https://registry.npmjs.org/@kwsites/promise-deferred/-/promise-deferred-1.1.1.tgz 0ms (cache hit)
4133 http cache @larksuiteoapi/node-sdk@https://registry.npmjs.org/@larksuiteoapi/node-sdk/-/node-sdk-1.59.0.tgz 0ms (cache hit)
4134 http cache @huggingface/jinja@https://registry.npmjs.org/@huggingface/jinja/-/jinja-0.5.5.tgz 0ms (cache hit)
4135 http cache @keyv/bigmap@https://registry.npmjs.org/@keyv/bigmap/-/bigmap-1.3.1.tgz 0ms (cache hit)
4136 http cache @img/sharp-darwin-arm64@https://registry.npmjs.org/@img/sharp-darwin-arm64/-/sharp-darwin-arm64-0.34.5.tgz 0ms (cache hit)
4137 http cache @img/colour@https://registry.npmjs.org/@img/colour/-/colour-1.1.0.tgz 0ms (cache hit)
4138 http cache @img/sharp-libvips-darwin-arm64@https://registry.npmjs.org/@img/sharp-libvips-darwin-arm64/-/sharp-libvips-darwin-arm64-1.2.4.tgz 0ms (cache hit)
4139 http cache @aws-sdk/middleware-logger@https://registry.npmjs.org/@aws-sdk/middleware-logger/-/middleware-logger-3.972.6.tgz 0ms (cache hit)
4140 http cache @hono/node-server@https://registry.npmjs.org/@hono/node-server/-/node-server-1.19.9.tgz 0ms (cache hit)
4141 http cache @discordjs/node-pre-gyp@https://registry.npmjs.org/@discordjs/node-pre-gyp/-/node-pre-gyp-0.4.5.tgz 0ms (cache hit)
4142 http cache @homebridge/ciao@https://registry.npmjs.org/@homebridge/ciao/-/ciao-1.3.5.tgz 0ms (cache hit)
4143 http cache @mariozechner/pi-agent-core@https://registry.npmjs.org/@mariozechner/pi-agent-core/-/pi-agent-core-0.55.3.tgz 0ms (cache hit)
4144 http cache https-proxy-agent@https://registry.npmjs.org/https-proxy-agent/-/https-proxy-agent-5.0.1.tgz 0ms (cache hit)
4145 http cache yallist@https://registry.npmjs.org/yallist/-/yallist-4.0.0.tgz 0ms (cache hit)
4146 http cache @hapi/boom@https://registry.npmjs.org/@hapi/boom/-/boom-9.1.4.tgz 0ms (cache hit)
4147 http cache tar@https://registry.npmjs.org/tar/-/tar-6.2.1.tgz 0ms (cache hit)
4148 http cache minipass@https://registry.npmjs.org/minipass/-/minipass-5.0.0.tgz 0ms (cache hit)
4149 http cache agent-base@https://registry.npmjs.org/agent-base/-/agent-base-6.0.2.tgz 0ms (cache hit)
4150 http cache @hapi/hoek@https://registry.npmjs.org/@hapi/hoek/-/hoek-9.3.0.tgz 0ms (cache hit)
4151 http cache @discordjs/opus@https://registry.npmjs.org/@discordjs/opus/-/opus-0.10.0.tgz 0ms (cache hit)
4152 http cache chownr@https://registry.npmjs.org/chownr/-/chownr-2.0.0.tgz 0ms (cache hit)
4153 http cache @grammyjs/transformer-throttler@https://registry.npmjs.org/@grammyjs/transformer-throttler/-/transformer-throttler-1.2.1.tgz 0ms (cache hit)
4154 http cache @babel/runtime@https://registry.npmjs.org/@babel/runtime/-/runtime-7.28.6.tgz 0ms (cache hit)
4155 http cache @grammyjs/types@https://registry.npmjs.org/@grammyjs/types/-/types-3.25.0.tgz 0ms (cache hit)
4156 http cache @cloudflare/workers-types@https://registry.npmjs.org/@cloudflare/workers-types/-/workers-types-4.20260120.0.tgz 0ms (cache hit)
4157 http cache @aws-sdk/util-locate-window@https://registry.npmjs.org/@aws-sdk/util-locate-window/-/util-locate-window-3.965.4.tgz 0ms (cache hit)
4158 http cache @google/genai@https://registry.npmjs.org/@google/genai/-/genai-1.43.0.tgz 0ms (cache hit)
4159 http cache @grammyjs/runner@https://registry.npmjs.org/@grammyjs/runner/-/runner-2.0.3.tgz 0ms (cache hit)
4160 http cache @emnapi/runtime@https://registry.npmjs.org/@emnapi/runtime/-/runtime-1.8.1.tgz 0ms (cache hit)
4161 http cache opusscript@https://registry.npmjs.org/opusscript/-/opusscript-0.0.8.tgz 0ms (cache hit)
4162 http cache prism-media@https://registry.npmjs.org/prism-media/-/prism-media-1.3.5.tgz 0ms (cache hit)
4163 http cache @clack/core@https://registry.npmjs.org/@clack/core/-/core-1.0.1.tgz 0ms (cache hit)
4164 http cache @buape/carbon@https://registry.npmjs.org/@buape/carbon/-/carbon-0.0.0-beta-20260216184201.tgz 0ms (cache hit)
4165 http cache @discordjs/voice@https://registry.npmjs.org/@discordjs/voice/-/voice-0.19.0.tgz 0ms (cache hit)
4166 http cache discord-api-types@https://registry.npmjs.org/discord-api-types/-/discord-api-types-0.38.37.tgz 0ms (cache hit)
4167 http cache @clack/prompts@https://registry.npmjs.org/@clack/prompts/-/prompts-1.0.1.tgz 0ms (cache hit)
4168 http cache @borewit/text-codec@https://registry.npmjs.org/@borewit/text-codec/-/text-codec-0.2.1.tgz 0ms (cache hit)
4169 http cache minizlib@https://registry.npmjs.org/minizlib/-/minizlib-2.1.2.tgz 0ms (cache hit)
4170 http cache @cacheable/utils@https://registry.npmjs.org/@cacheable/utils/-/utils-2.4.0.tgz 0ms (cache hit)
4171 http cache @cacheable/node-cache@https://registry.npmjs.org/@cacheable/node-cache/-/node-cache-1.7.6.tgz 0ms (cache hit)
4172 http cache @aws-sdk/util-user-agent-browser@https://registry.npmjs.org/@aws-sdk/util-user-agent-browser/-/util-user-agent-browser-3.972.6.tgz 0ms (cache hit)
4173 http cache @aws-sdk/util-user-agent-node@https://registry.npmjs.org/@aws-sdk/util-user-agent-node/-/util-user-agent-node-3.973.0.tgz 0ms (cache hit)
4174 http cache @aws-sdk/middleware-websocket@https://registry.npmjs.org/@aws-sdk/middleware-websocket/-/middleware-websocket-3.972.10.tgz 0ms (cache hit)
4175 http cache @aws-sdk/xml-builder@https://registry.npmjs.org/@aws-sdk/xml-builder/-/xml-builder-3.972.8.tgz 0ms (cache hit)
4176 http cache @aws-sdk/util-format-url@https://registry.npmjs.org/@aws-sdk/util-format-url/-/util-format-url-3.972.6.tgz 0ms (cache hit)
4177 http cache @aws-sdk/nested-clients@https://registry.npmjs.org/@aws-sdk/nested-clients/-/nested-clients-3.996.3.tgz 0ms (cache hit)
4178 http cache @aws-sdk/util-endpoints@https://registry.npmjs.org/@aws-sdk/util-endpoints/-/util-endpoints-3.996.3.tgz 0ms (cache hit)
4179 http cache @aws-sdk/credential-provider-web-identity@https://registry.npmjs.org/@aws-sdk/credential-provider-web-identity/-/credential-provider-web-identity-3.972.13.tgz 0ms (cache hit)
4180 http cache @aws-sdk/types@https://registry.npmjs.org/@aws-sdk/types/-/types-3.973.4.tgz 0ms (cache hit)
4181 http cache @aws-sdk/token-providers@https://registry.npmjs.org/@aws-sdk/token-providers/-/token-providers-3.1000.0.tgz 0ms (cache hit)
4182 http cache @cacheable/memory@https://registry.npmjs.org/@cacheable/memory/-/memory-2.0.8.tgz 0ms (cache hit)
4183 http cache @aws-sdk/middleware-host-header@https://registry.npmjs.org/@aws-sdk/middleware-host-header/-/middleware-host-header-3.972.6.tgz 0ms (cache hit)
4184 http cache @aws-sdk/middleware-recursion-detection@https://registry.npmjs.org/@aws-sdk/middleware-recursion-detection/-/middleware-recursion-detection-3.972.6.tgz 0ms (cache hit)
4185 http cache @aws-sdk/middleware-user-agent@https://registry.npmjs.org/@aws-sdk/middleware-user-agent/-/middleware-user-agent-3.972.15.tgz 0ms (cache hit)
4186 http cache @aws-crypto/sha256-js@https://registry.npmjs.org/@aws-crypto/sha256-js/-/sha256-js-5.2.0.tgz 0ms (cache hit)
4187 http cache @aws-sdk/middleware-eventstream@https://registry.npmjs.org/@aws-sdk/middleware-eventstream/-/middleware-eventstream-3.972.6.tgz 0ms (cache hit)
4188 http cache @aws-sdk/credential-provider-login@https://registry.npmjs.org/@aws-sdk/credential-provider-login/-/credential-provider-login-3.972.13.tgz 0ms (cache hit)
4189 http cache @aws-sdk/token-providers@https://registry.npmjs.org/@aws-sdk/token-providers/-/token-providers-3.999.0.tgz 0ms (cache hit)
4190 http cache @aws-sdk/credential-provider-sso@https://registry.npmjs.org/@aws-sdk/credential-provider-sso/-/credential-provider-sso-3.972.13.tgz 0ms (cache hit)
4191 http cache yoctocolors@https://registry.npmjs.org/yoctocolors/-/yoctocolors-2.1.2.tgz 0ms (cache hit)
4192 http cache @aws-sdk/eventstream-handler-node@https://registry.npmjs.org/@aws-sdk/eventstream-handler-node/-/eventstream-handler-node-3.972.9.tgz 0ms (cache hit)
4193 http cache y18n@https://registry.npmjs.org/y18n/-/y18n-5.0.8.tgz 0ms (cache hit)
4194 http cache @aws-sdk/credential-provider-http@https://registry.npmjs.org/@aws-sdk/credential-provider-http/-/credential-provider-http-3.972.15.tgz 0ms (cache hit)
4195 http cache @aws-sdk/credential-provider-env@https://registry.npmjs.org/@aws-sdk/credential-provider-env/-/credential-provider-env-3.972.13.tgz 0ms (cache hit)
4196 http cache @aws-crypto/supports-web-crypto@https://registry.npmjs.org/@aws-crypto/supports-web-crypto/-/supports-web-crypto-5.2.0.tgz 0ms (cache hit)
4197 http cache @aws-sdk/credential-provider-process@https://registry.npmjs.org/@aws-sdk/credential-provider-process/-/credential-provider-process-3.972.13.tgz 0ms (cache hit)
4198 http cache @aws-sdk/credential-provider-node@https://registry.npmjs.org/@aws-sdk/credential-provider-node/-/credential-provider-node-3.972.14.tgz 0ms (cache hit)
4199 http cache @aws-sdk/credential-provider-ini@https://registry.npmjs.org/@aws-sdk/credential-provider-ini/-/credential-provider-ini-3.972.13.tgz 0ms (cache hit)
4200 http cache std-env@https://registry.npmjs.org/std-env/-/std-env-3.10.0.tgz 0ms (cache hit)
4201 http cache @aws-crypto/util@https://registry.npmjs.org/@aws-crypto/util/-/util-5.2.0.tgz 0ms (cache hit)
4202 http cache @smithy/util-buffer-from@https://registry.npmjs.org/@smithy/util-buffer-from/-/util-buffer-from-2.2.0.tgz 0ms (cache hit)
4203 http cache @aws-sdk/client-bedrock-runtime@https://registry.npmjs.org/@aws-sdk/client-bedrock-runtime/-/client-bedrock-runtime-3.1000.0.tgz 0ms (cache hit)
4204 http cache @smithy/is-array-buffer@https://registry.npmjs.org/@smithy/is-array-buffer/-/is-array-buffer-2.2.0.tgz 0ms (cache hit)
4205 http cache @aws-crypto/sha256-browser@https://registry.npmjs.org/@aws-crypto/sha256-browser/-/sha256-browser-5.2.0.tgz 0ms (cache hit)
4206 http cache @aws-crypto/crc32@https://registry.npmjs.org/@aws-crypto/crc32/-/crc32-5.2.0.tgz 0ms (cache hit)
4207 http cache @smithy/is-array-buffer@https://registry.npmjs.org/@smithy/is-array-buffer/-/is-array-buffer-2.2.0.tgz 0ms (cache hit)
4208 http cache @smithy/util-utf8@https://registry.npmjs.org/@smithy/util-utf8/-/util-utf8-2.3.0.tgz 0ms (cache hit)
4209 http cache @smithy/util-utf8@https://registry.npmjs.org/@smithy/util-utf8/-/util-utf8-2.3.0.tgz 0ms (cache hit)
4210 http cache vary@https://registry.npmjs.org/vary/-/vary-1.1.2.tgz 0ms (cache hit)
4211 http cache @aws-sdk/client-bedrock@https://registry.npmjs.org/@aws-sdk/client-bedrock/-/client-bedrock-3.1000.0.tgz 0ms (cache hit)
4212 http cache split2@https://registry.npmjs.org/split2/-/split2-4.2.0.tgz 0ms (cache hit)
4213 http cache @mariozechner/clipboard-darwin-universal@https://registry.npmjs.org/@mariozechner/clipboard-darwin-universal/-/clipboard-darwin-universal-0.3.2.tgz 0ms (cache hit)
4214 http cache yargs-parser@https://registry.npmjs.org/yargs-parser/-/yargs-parser-20.2.9.tgz 0ms (cache hit)
4215 http cache @aws/lambda-invoke-store@https://registry.npmjs.org/@aws/lambda-invoke-store/-/lambda-invoke-store-0.2.3.tgz 0ms (cache hit)
4216 http cache @anthropic-ai/sdk@https://registry.npmjs.org/@anthropic-ai/sdk/-/sdk-0.73.0.tgz 0ms (cache hit)
4217 http cache @agentclientprotocol/sdk@https://registry.npmjs.org/@agentclientprotocol/sdk/-/sdk-0.14.1.tgz 0ms (cache hit)
4218 http cache zod-to-json-schema@https://registry.npmjs.org/zod-to-json-schema/-/zod-to-json-schema-3.25.1.tgz 0ms (cache hit)
4219 http cache uhyphen@https://registry.npmjs.org/uhyphen/-/uhyphen-0.2.0.tgz 0ms (cache hit)
4220 http cache yauzl@https://registry.npmjs.org/yauzl/-/yauzl-2.10.0.tgz 0ms (cache hit)
4221 http cache wrap-ansi@https://registry.npmjs.org/wrap-ansi/-/wrap-ansi-7.0.0.tgz 0ms (cache hit)
4222 http cache zod@https://registry.npmjs.org/zod/-/zod-4.3.6.tgz 0ms (cache hit)
4223 http cache ansi-regex@https://registry.npmjs.org/ansi-regex/-/ansi-regex-5.0.1.tgz 0ms (cache hit)
4224 http cache ansi-styles@https://registry.npmjs.org/ansi-styles/-/ansi-styles-4.3.0.tgz 0ms (cache hit)
4225 http cache yaml@https://registry.npmjs.org/yaml/-/yaml-2.8.2.tgz 0ms (cache hit)
4226 http cache yallist@https://registry.npmjs.org/yallist/-/yallist-5.0.0.tgz 0ms (cache hit)
4227 http cache strip-ansi@https://registry.npmjs.org/strip-ansi/-/strip-ansi-6.0.1.tgz 0ms (cache hit)
4228 http cache ws@https://registry.npmjs.org/ws/-/ws-8.19.0.tgz 0ms (cache hit)
4229 http cache which@https://registry.npmjs.org/which/-/which-6.0.1.tgz 0ms (cache hit)
4230 http cache @aws-sdk/core@https://registry.npmjs.org/@aws-sdk/core/-/core-3.973.15.tgz 0ms (cache hit)
4231 http cache wide-align@https://registry.npmjs.org/wide-align/-/wide-align-1.1.5.tgz 0ms (cache hit)
4232 http cache wrappy@https://registry.npmjs.org/wrappy/-/wrappy-1.0.2.tgz 0ms (cache hit)
4233 http cache wrap-ansi-cjs@https://registry.npmjs.org/wrap-ansi/-/wrap-ansi-7.0.0.tgz 0ms (cache hit)
4234 http cache ansi-styles@https://registry.npmjs.org/ansi-styles/-/ansi-styles-4.3.0.tgz 0ms (cache hit)
4235 http cache @smithy/util-buffer-from@https://registry.npmjs.org/@smithy/util-buffer-from/-/util-buffer-from-2.2.0.tgz 0ms (cache hit)
4236 http cache @aws-sdk/region-config-resolver@https://registry.npmjs.org/@aws-sdk/region-config-resolver/-/region-config-resolver-3.972.6.tgz 0ms (cache hit)
4237 http cache strip-ansi@https://registry.npmjs.org/strip-ansi/-/strip-ansi-6.0.1.tgz 0ms (cache hit)
4238 http cache universal-github-app-jwt@https://registry.npmjs.org/universal-github-app-jwt/-/universal-github-app-jwt-2.2.2.tgz 0ms (cache hit)
4239 http cache win-guid@https://registry.npmjs.org/win-guid/-/win-guid-0.2.1.tgz 0ms (cache hit)
4240 http cache ansi-regex@https://registry.npmjs.org/ansi-regex/-/ansi-regex-5.0.1.tgz 0ms (cache hit)
4241 http cache tar@https://registry.npmjs.org/tar/-/tar-7.5.9.tgz 0ms (cache hit)
4242 http cache web-streams-polyfill@https://registry.npmjs.org/web-streams-polyfill/-/web-streams-polyfill-3.3.3.tgz 0ms (cache hit)
4243 http cache webidl-conversions@https://registry.npmjs.org/webidl-conversions/-/webidl-conversions-3.0.1.tgz 0ms (cache hit)
4244 http cache undici-types@https://registry.npmjs.org/undici-types/-/undici-types-7.18.2.tgz 0ms (cache hit)
4245 http cache validate-npm-package-name@https://registry.npmjs.org/validate-npm-package-name/-/validate-npm-package-name-7.0.2.tgz 0ms (cache hit)
4246 http cache util-deprecate@https://registry.npmjs.org/util-deprecate/-/util-deprecate-1.0.2.tgz 0ms (cache hit)
4247 http cache universalify@https://registry.npmjs.org/universalify/-/universalify-2.0.1.tgz 0ms (cache hit)
4248 http cache unpipe@https://registry.npmjs.org/unpipe/-/unpipe-1.0.0.tgz 0ms (cache hit)
4249 http cache undici@https://registry.npmjs.org/undici/-/undici-7.22.0.tgz 0ms (cache hit)
4250 http cache universal-user-agent@https://registry.npmjs.org/universal-user-agent/-/universal-user-agent-7.0.3.tgz 0ms (cache hit)
4251 http cache uint8array-extras@https://registry.npmjs.org/uint8array-extras/-/uint8array-extras-1.5.0.tgz 0ms (cache hit)
4252 http cache url-join@https://registry.npmjs.org/url-join/-/url-join-4.0.1.tgz 0ms (cache hit)
4253 http cache tr46@https://registry.npmjs.org/tr46/-/tr46-0.0.3.tgz 0ms (cache hit)
4254 http cache ts-algebra@https://registry.npmjs.org/ts-algebra/-/ts-algebra-2.0.0.tgz 0ms (cache hit)
4255 http cache type-is@https://registry.npmjs.org/type-is/-/type-is-2.0.1.tgz 0ms (cache hit)
4256 http cache tsscmp@https://registry.npmjs.org/tsscmp/-/tsscmp-1.0.6.tgz 0ms (cache hit)
4257 http cache tslog@https://registry.npmjs.org/tslog/-/tslog-4.10.2.tgz 0ms (cache hit)
4258 http cache tslib@https://registry.npmjs.org/tslib/-/tslib-2.8.1.tgz 0ms (cache hit)
4259 http cache uc.micro@https://registry.npmjs.org/uc.micro/-/uc.micro-2.1.0.tgz 0ms (cache hit)
4260 http cache set-blocking@https://registry.npmjs.org/set-blocking/-/set-blocking-2.0.0.tgz 0ms (cache hit)
4261 http cache thenify-all@https://registry.npmjs.org/thenify-all/-/thenify-all-1.6.0.tgz 0ms (cache hit)
4262 http cache thread-stream@https://registry.npmjs.org/thread-stream/-/thread-stream-3.1.0.tgz 0ms (cache hit)
4263 http cache token-types@https://registry.npmjs.org/token-types/-/token-types-6.1.2.tgz 0ms (cache hit)
4264 http cache toidentifier@https://registry.npmjs.org/toidentifier/-/toidentifier-1.0.1.tgz 0ms (cache hit)
4265 http cache toad-cache@https://registry.npmjs.org/toad-cache/-/toad-cache-3.7.0.tgz 0ms (cache hit)
4266 http cache string_decoder@https://registry.npmjs.org/string_decoder/-/string_decoder-1.1.1.tgz 0ms (cache hit)
4267 http cache slice-ansi@https://registry.npmjs.org/slice-ansi/-/slice-ansi-8.0.0.tgz 0ms (cache hit)
4268 http cache strtok3@https://registry.npmjs.org/strtok3/-/strtok3-10.3.4.tgz 0ms (cache hit)
4269 http cache safe-buffer@https://registry.npmjs.org/safe-buffer/-/safe-buffer-5.1.2.tgz 0ms (cache hit)
4270 http cache strip-ansi-cjs@https://registry.npmjs.org/strip-ansi/-/strip-ansi-6.0.1.tgz 0ms (cache hit)
4271 http cache ansi-regex@https://registry.npmjs.org/ansi-regex/-/ansi-regex-5.0.1.tgz 0ms (cache hit)
4272 http cache strip-json-comments@https://registry.npmjs.org/strip-json-comments/-/strip-json-comments-2.0.1.tgz 0ms (cache hit)
4273 http cache string-width-cjs@https://registry.npmjs.org/string-width/-/string-width-4.2.3.tgz 0ms (cache hit)
4274 http cache strip-ansi@https://registry.npmjs.org/strip-ansi/-/strip-ansi-6.0.1.tgz 0ms (cache hit)
4275 http cache is-fullwidth-code-point@https://registry.npmjs.org/is-fullwidth-code-point/-/is-fullwidth-code-point-3.0.0.tgz 0ms (cache hit)
4276 http cache strnum@https://registry.npmjs.org/strnum/-/strnum-2.2.0.tgz 0ms (cache hit)
4277 http cache whatwg-url@https://registry.npmjs.org/whatwg-url/-/whatwg-url-5.0.0.tgz 0ms (cache hit)
4278 http cache stdout-update@https://registry.npmjs.org/stdout-update/-/stdout-update-4.0.1.tgz 0ms (cache hit)
4279 http cache emoji-regex@https://registry.npmjs.org/emoji-regex/-/emoji-regex-10.6.0.tgz 0ms (cache hit)
4280 http cache strip-ansi@https://registry.npmjs.org/strip-ansi/-/strip-ansi-7.2.0.tgz 0ms (cache hit)
4281 http cache stdin-discarder@https://registry.npmjs.org/stdin-discarder/-/stdin-discarder-0.3.1.tgz 0ms (cache hit)
4282 http cache steno@https://registry.npmjs.org/steno/-/steno-4.0.2.tgz 0ms (cache hit)
4283 http cache pako@https://registry.npmjs.org/pako/-/pako-1.0.11.tgz 0ms (cache hit)
4284 http cache statuses@https://registry.npmjs.org/statuses/-/statuses-2.0.2.tgz 0ms (cache hit)
4285 http cache string-width@https://registry.npmjs.org/string-width/-/string-width-4.2.3.tgz 0ms (cache hit)
4286 http cache is-fullwidth-code-point@https://registry.npmjs.org/is-fullwidth-code-point/-/is-fullwidth-code-point-3.0.0.tgz 0ms (cache hit)
4287 http cache strip-ansi@https://registry.npmjs.org/strip-ansi/-/strip-ansi-6.0.1.tgz 0ms (cache hit)
4288 http cache ansi-regex@https://registry.npmjs.org/ansi-regex/-/ansi-regex-5.0.1.tgz 0ms (cache hit)
4289 http cache shebang-regex@https://registry.npmjs.org/shebang-regex/-/shebang-regex-3.0.0.tgz 0ms (cache hit)
4290 http cache sqlite-vec@https://registry.npmjs.org/sqlite-vec/-/sqlite-vec-0.1.7-alpha.2.tgz 0ms (cache hit)
4291 http cache supports-color@https://registry.npmjs.org/supports-color/-/supports-color-7.2.0.tgz 0ms (cache hit)
4292 http cache sqlite-vec-darwin-arm64@https://registry.npmjs.org/sqlite-vec-darwin-arm64/-/sqlite-vec-darwin-arm64-0.1.7-alpha.2.tgz 0ms (cache hit)
4293 http cache source-map-support@https://registry.npmjs.org/source-map-support/-/source-map-support-0.5.21.tgz 0ms (cache hit)
4294 http cache side-channel@https://registry.npmjs.org/side-channel/-/side-channel-1.1.0.tgz 0ms (cache hit)
4295 http cache source-map@https://registry.npmjs.org/source-map/-/source-map-0.6.1.tgz 0ms (cache hit)
4296 http cache sonic-boom@https://registry.npmjs.org/sonic-boom/-/sonic-boom-4.2.1.tgz 0ms (cache hit)
4297 http cache socks-proxy-agent@https://registry.npmjs.org/socks-proxy-agent/-/socks-proxy-agent-8.0.5.tgz 0ms (cache hit)
4298 http cache simple-git@https://registry.npmjs.org/simple-git/-/simple-git-3.32.3.tgz 0ms (cache hit)
4299 http cache smart-buffer@https://registry.npmjs.org/smart-buffer/-/smart-buffer-4.2.0.tgz 0ms (cache hit)
4300 http cache socks@https://registry.npmjs.org/socks/-/socks-2.8.7.tgz 0ms (cache hit)
4301 http cache sleep-promise@https://registry.npmjs.org/sleep-promise/-/sleep-promise-9.1.0.tgz 0ms (cache hit)
4302 http cache sisteransi@https://registry.npmjs.org/sisteransi/-/sisteransi-1.0.5.tgz 0ms (cache hit)
4303 http cache signal-exit@https://registry.npmjs.org/signal-exit/-/signal-exit-3.0.7.tgz 0ms (cache hit)
4304 http cache side-channel-map@https://registry.npmjs.org/side-channel-map/-/side-channel-map-1.0.1.tgz 0ms (cache hit)
4305 http cache side-channel-weakmap@https://registry.npmjs.org/side-channel-weakmap/-/side-channel-weakmap-1.0.2.tgz 0ms (cache hit)
4306 http cache string-width@https://registry.npmjs.org/string-width/-/string-width-7.2.0.tgz 0ms (cache hit)
4307 http cache sharp@https://registry.npmjs.org/sharp/-/sharp-0.34.5.tgz 0ms (cache hit)
4308 http cache side-channel-list@https://registry.npmjs.org/side-channel-list/-/side-channel-list-1.0.0.tgz 0ms (cache hit)
4309 http cache p-queue@https://registry.npmjs.org/p-queue/-/p-queue-6.6.2.tgz 0ms (cache hit)
4310 http cache yargs@https://registry.npmjs.org/yargs/-/yargs-16.2.0.tgz 0ms (cache hit)
4311 http cache require-from-string@https://registry.npmjs.org/require-from-string/-/require-from-string-2.0.2.tgz 0ms (cache hit)
4312 http cache minipass@https://registry.npmjs.org/minipass/-/minipass-3.3.6.tgz 0ms (cache hit)
4313 http cache serve-static@https://registry.npmjs.org/serve-static/-/serve-static-2.2.1.tgz 0ms (cache hit)
4314 http cache setprototypeof@https://registry.npmjs.org/setprototypeof/-/setprototypeof-1.2.0.tgz 0ms (cache hit)
4315 http cache semver@https://registry.npmjs.org/semver/-/semver-7.7.4.tgz 0ms (cache hit)
4316 http cache safe-stable-stringify@https://registry.npmjs.org/safe-stable-stringify/-/safe-stable-stringify-2.5.0.tgz 0ms (cache hit)
4317 http cache setimmediate@https://registry.npmjs.org/setimmediate/-/setimmediate-1.0.5.tgz 0ms (cache hit)
4318 http cache send@https://registry.npmjs.org/send/-/send-1.2.1.tgz 0ms (cache hit)
4319 http cache thenify@https://registry.npmjs.org/thenify/-/thenify-3.3.1.tgz 0ms (cache hit)
4320 http cache safe-buffer@https://registry.npmjs.org/safe-buffer/-/safe-buffer-5.2.1.tgz 0ms (cache hit)
4321 http cache rc@https://registry.npmjs.org/rc/-/rc-1.2.8.tgz 0ms (cache hit)
4322 http cache safer-buffer@https://registry.npmjs.org/safer-buffer/-/safer-buffer-2.1.2.tgz 0ms (cache hit)
4323 http cache require-directory@https://registry.npmjs.org/require-directory/-/require-directory-2.1.1.tgz 0ms (cache hit)
4324 http cache router@https://registry.npmjs.org/router/-/router-2.2.0.tgz 0ms (cache hit)
4325 http cache retry@https://registry.npmjs.org/retry/-/retry-0.13.1.tgz 0ms (cache hit)
4326 http cache minimatch@https://registry.npmjs.org/minimatch/-/minimatch-3.1.5.tgz 0ms (cache hit)
4327 http cache rimraf@https://registry.npmjs.org/rimraf/-/rimraf-3.0.2.tgz 0ms (cache hit)
4328 http cache glob@https://registry.npmjs.org/glob/-/glob-7.2.3.tgz 0ms (cache hit)
4329 http cache brace-expansion@https://registry.npmjs.org/brace-expansion/-/brace-expansion-1.1.12.tgz 0ms (cache hit)
4330 http cache restore-cursor@https://registry.npmjs.org/restore-cursor/-/restore-cursor-5.1.0.tgz 0ms (cache hit)
4331 http cache signal-exit@https://registry.npmjs.org/signal-exit/-/signal-exit-4.1.0.tgz 0ms (cache hit)
4332 http cache balanced-match@https://registry.npmjs.org/balanced-match/-/balanced-match-1.0.2.tgz 0ms (cache hit)
4333 http cache process-warning@https://registry.npmjs.org/process-warning/-/process-warning-5.0.0.tgz 0ms (cache hit)
4334 http cache real-require@https://registry.npmjs.org/real-require/-/real-require-0.2.0.tgz 0ms (cache hit)
4335 http cache lru-cache@https://registry.npmjs.org/lru-cache/-/lru-cache-7.18.3.tgz 0ms (cache hit)
4336 http cache proxy-agent@https://registry.npmjs.org/proxy-agent/-/proxy-agent-6.5.0.tgz 0ms (cache hit)
4337 http cache readable-stream@https://registry.npmjs.org/readable-stream/-/readable-stream-2.3.8.tgz 0ms (cache hit)
4338 http cache readdirp@https://registry.npmjs.org/readdirp/-/readdirp-5.0.0.tgz 0ms (cache hit)
4339 http cache safe-buffer@https://registry.npmjs.org/safe-buffer/-/safe-buffer-5.1.2.tgz 0ms (cache hit)
4340 http cache quick-format-unescaped@https://registry.npmjs.org/quick-format-unescaped/-/quick-format-unescaped-4.0.4.tgz 0ms (cache hit)
4341 http cache shebang-command@https://registry.npmjs.org/shebang-command/-/shebang-command-2.0.0.tgz 0ms (cache hit)
4342 http cache range-parser@https://registry.npmjs.org/range-parser/-/range-parser-1.2.1.tgz 0ms (cache hit)
4343 http cache raw-body@https://registry.npmjs.org/raw-body/-/raw-body-3.0.2.tgz 0ms (cache hit)
4344 http cache node-domexception@https://registry.npmjs.org/@nolyfill/domexception/-/domexception-1.0.28.tgz 0ms (cache hit)
4345 http cache qs@https://registry.npmjs.org/qs/-/qs-6.15.0.tgz 0ms (cache hit)
4346 http cache punycode.js@https://registry.npmjs.org/punycode.js/-/punycode.js-2.3.1.tgz 0ms (cache hit)
4347 http cache qrcode-terminal@https://registry.npmjs.org/qrcode-terminal/-/qrcode-terminal-0.12.0.tgz 0ms (cache hit)
4348 http cache qified@https://registry.npmjs.org/qified/-/qified-0.6.0.tgz 0ms (cache hit)
4349 http cache protobufjs@https://registry.npmjs.org/protobufjs/-/protobufjs-7.5.4.tgz 0ms (cache hit)
4350 http cache process-nextick-args@https://registry.npmjs.org/process-nextick-args/-/process-nextick-args-2.0.1.tgz 0ms (cache hit)
4351 http cache ipaddr.js@https://registry.npmjs.org/ipaddr.js/-/ipaddr.js-1.9.1.tgz 0ms (cache hit)
4352 http cache proper-lockfile@https://registry.npmjs.org/proper-lockfile/-/proper-lockfile-4.1.2.tgz 0ms (cache hit)
4353 http cache proxy-addr@https://registry.npmjs.org/proxy-addr/-/proxy-addr-2.0.7.tgz 0ms (cache hit)
4354 http cache retry@https://registry.npmjs.org/retry/-/retry-0.12.0.tgz 0ms (cache hit)
4355 http cache playwright-core@https://registry.npmjs.org/playwright-core/-/playwright-core-1.58.2.tgz 0ms (cache hit)
4356 http cache pretty-ms@https://registry.npmjs.org/pretty-ms/-/pretty-ms-9.3.0.tgz 0ms (cache hit)
4357 http cache ansi-regex@https://registry.npmjs.org/ansi-regex/-/ansi-regex-5.0.1.tgz 0ms (cache hit)
4358 http cache pdfjs-dist@https://registry.npmjs.org/pdfjs-dist/-/pdfjs-dist-5.5.207.tgz 0ms (cache hit)
4359 http cache path-key@https://registry.npmjs.org/path-key/-/path-key-3.1.1.tgz 0ms (cache hit)
4360 http cache pend@https://registry.npmjs.org/pend/-/pend-1.2.0.tgz 0ms (cache hit)
4361 http cache pino-abstract-transport@https://registry.npmjs.org/pino-abstract-transport/-/pino-abstract-transport-2.0.0.tgz 0ms (cache hit)
4362 http cache pino-std-serializers@https://registry.npmjs.org/pino-std-serializers/-/pino-std-serializers-7.1.0.tgz 0ms (cache hit)
4363 http cache pretty-bytes@https://registry.npmjs.org/pretty-bytes/-/pretty-bytes-6.1.1.tgz 0ms (cache hit)
4364 http cache pino@https://registry.npmjs.org/pino/-/pino-9.14.0.tgz 0ms (cache hit)
4365 http cache path-scurry@https://registry.npmjs.org/path-scurry/-/path-scurry-2.0.2.tgz 0ms (cache hit)
4366 http cache pump@https://registry.npmjs.org/pump/-/pump-3.0.4.tgz 0ms (cache hit)
4367 http cache picocolors@https://registry.npmjs.org/picocolors/-/picocolors-1.1.1.tgz 0ms (cache hit)
4368 http cache path-to-regexp@https://registry.npmjs.org/path-to-regexp/-/path-to-regexp-8.3.0.tgz 0ms (cache hit)
4369 http cache partial-json@https://registry.npmjs.org/partial-json/-/partial-json-0.1.7.tgz 0ms (cache hit)
4370 http cache path-is-absolute@https://registry.npmjs.org/path-is-absolute/-/path-is-absolute-1.0.1.tgz 0ms (cache hit)
4371 http cache parse-ms@https://registry.npmjs.org/parse-ms/-/parse-ms-4.0.0.tgz 0ms (cache hit)
4372 http cache pac-resolver@https://registry.npmjs.org/pac-resolver/-/pac-resolver-7.0.1.tgz 0ms (cache hit)
4373 http cache parseurl@https://registry.npmjs.org/parseurl/-/parseurl-1.3.3.tgz 0ms (cache hit)
4374 http cache parse5@https://registry.npmjs.org/parse5/-/parse5-5.1.1.tgz 0ms (cache hit)
4375 http cache pac-proxy-agent@https://registry.npmjs.org/pac-proxy-agent/-/pac-proxy-agent-7.2.0.tgz 0ms (cache hit)
4376 http cache parse5@https://registry.npmjs.org/parse5/-/parse5-6.0.1.tgz 0ms (cache hit)
4377 http cache parse5-htmlparser2-tree-adapter@https://registry.npmjs.org/parse5-htmlparser2-tree-adapter/-/parse5-htmlparser2-tree-adapter-6.0.1.tgz 0ms (cache hit)
4378 http cache onetime@https://registry.npmjs.org/onetime/-/onetime-7.0.0.tgz 0ms (cache hit)
4379 http cache package-json-from-dist@https://registry.npmjs.org/package-json-from-dist/-/package-json-from-dist-1.0.1.tgz 0ms (cache hit)
4380 http cache ora@https://registry.npmjs.org/ora/-/ora-9.3.0.tgz 0ms (cache hit)
4381 http cache string-width@https://registry.npmjs.org/string-width/-/string-width-8.2.0.tgz 0ms (cache hit)
4382 http cache cli-spinners@https://registry.npmjs.org/cli-spinners/-/cli-spinners-3.4.0.tgz 0ms (cache hit)
4383 http cache osc-progress@https://registry.npmjs.org/osc-progress/-/osc-progress-0.3.0.tgz 0ms (cache hit)
4384 http cache p-finally@https://registry.npmjs.org/p-finally/-/p-finally-1.0.0.tgz 0ms (cache hit)
4385 http cache once@https://registry.npmjs.org/once/-/once-1.4.0.tgz 0ms (cache hit)
4386 http cache on-finished@https://registry.npmjs.org/on-finished/-/on-finished-2.4.1.tgz 0ms (cache hit)
4387 http cache opusscript@https://registry.npmjs.org/opusscript/-/opusscript-0.1.1.tgz 0ms (cache hit)
4388 http cache on-exit-leak-free@https://registry.npmjs.org/on-exit-leak-free/-/on-exit-leak-free-2.1.2.tgz 0ms (cache hit)
4389 http cache nanoid@https://registry.npmjs.org/nanoid/-/nanoid-5.1.6.tgz 0ms (cache hit)
4390 http cache openai@https://registry.npmjs.org/openai/-/openai-6.10.0.tgz 0ms (cache hit)
4391 http cache nopt@https://registry.npmjs.org/nopt/-/nopt-5.0.0.tgz 0ms (cache hit)
4392 http cache octokit@https://registry.npmjs.org/octokit/-/octokit-5.0.5.tgz 0ms (cache hit)
4393 http cache object-inspect@https://registry.npmjs.org/object-inspect/-/object-inspect-1.13.4.tgz 0ms (cache hit)
4394 http cache npmlog@https://registry.npmjs.org/npmlog/-/npmlog-5.0.1.tgz 0ms (cache hit)
4395 http cache object-assign@https://registry.npmjs.org/object-assign/-/object-assign-4.1.1.tgz 0ms (cache hit)
4396 http cache minimist@https://registry.npmjs.org/minimist/-/minimist-1.2.8.tgz 0ms (cache hit)
4397 http cache lowdb@https://registry.npmjs.org/lowdb/-/lowdb-7.0.1.tgz 0ms (cache hit)
4398 http cache nth-check@https://registry.npmjs.org/nth-check/-/nth-check-2.1.1.tgz 0ms (cache hit)
4399 http cache node-readable-to-web-readable-stream@https://registry.npmjs.org/node-readable-to-web-readable-stream/-/node-readable-to-web-readable-stream-0.4.2.tgz 0ms (cache hit)
4400 http cache music-metadata@https://registry.npmjs.org/music-metadata/-/music-metadata-11.12.1.tgz 0ms (cache hit)
4401 http cache node-fetch@https://registry.npmjs.org/node-fetch/-/node-fetch-2.7.0.tgz 0ms (cache hit)
4402 http cache node-llama-cpp@https://registry.npmjs.org/node-llama-cpp/-/node-llama-cpp-3.16.2.tgz 0ms (cache hit)
4403 http cache yargs-parser@https://registry.npmjs.org/yargs-parser/-/yargs-parser-21.1.1.tgz 0ms (cache hit)
4404 http cache cliui@https://registry.npmjs.org/cliui/-/cliui-8.0.1.tgz 0ms (cache hit)
4405 http cache yargs@https://registry.npmjs.org/yargs/-/yargs-17.7.2.tgz 0ms (cache hit)
4406 http cache strip-ansi@https://registry.npmjs.org/strip-ansi/-/strip-ansi-6.0.1.tgz 0ms (cache hit)
4407 http cache ansi-regex@https://registry.npmjs.org/ansi-regex/-/ansi-regex-5.0.1.tgz 0ms (cache hit)
4408 http cache node-addon-api@https://registry.npmjs.org/node-addon-api/-/node-addon-api-8.6.0.tgz 0ms (cache hit)
4409 http cache node-edge-tts@https://registry.npmjs.org/node-edge-tts/-/node-edge-tts-1.2.10.tgz 0ms (cache hit)
4410 http cache yargs-parser@https://registry.npmjs.org/yargs-parser/-/yargs-parser-21.1.1.tgz 0ms (cache hit)
4411 http cache yargs@https://registry.npmjs.org/yargs/-/yargs-17.7.2.tgz 0ms (cache hit)
4412 http cache strip-ansi@https://registry.npmjs.org/strip-ansi/-/strip-ansi-6.0.1.tgz 0ms (cache hit)
4413 http cache ansi-regex@https://registry.npmjs.org/ansi-regex/-/ansi-regex-5.0.1.tgz 0ms (cache hit)
4414 http cache netmask@https://registry.npmjs.org/netmask/-/netmask-2.0.2.tgz 0ms (cache hit)
4415 http cache p-timeout@https://registry.npmjs.org/p-timeout/-/p-timeout-3.2.0.tgz 0ms (cache hit)
4416 http cache mkdirp@https://registry.npmjs.org/mkdirp/-/mkdirp-1.0.4.tgz 0ms (cache hit)
4417 http cache node-api-headers@https://registry.npmjs.org/node-api-headers/-/node-api-headers-1.8.0.tgz 0ms (cache hit)
4418 http cache mz@https://registry.npmjs.org/mz/-/mz-2.7.0.tgz 0ms (cache hit)
4419 http cache minizlib@https://registry.npmjs.org/minizlib/-/minizlib-3.1.0.tgz 0ms (cache hit)
4420 http cache ms@https://registry.npmjs.org/ms/-/ms-2.1.3.tgz 0ms (cache hit)
4421 http cache negotiator@https://registry.npmjs.org/negotiator/-/negotiator-1.0.0.tgz 0ms (cache hit)
4422 http cache mimic-function@https://registry.npmjs.org/mimic-function/-/mimic-function-5.0.1.tgz 0ms (cache hit)
4423 http cache mime-types@https://registry.npmjs.org/mime-types/-/mime-types-3.0.2.tgz 0ms (cache hit)
4424 http cache minimatch@https://registry.npmjs.org/minimatch/-/minimatch-10.2.4.tgz 0ms (cache hit)
4425 http cache semver@https://registry.npmjs.org/semver/-/semver-6.3.1.tgz 0ms (cache hit)
4426 http cache minipass@https://registry.npmjs.org/minipass/-/minipass-7.1.3.tgz 0ms (cache hit)
4427 http cache merge-descriptors@https://registry.npmjs.org/merge-descriptors/-/merge-descriptors-2.0.0.tgz 0ms (cache hit)
4428 http cache media-typer@https://registry.npmjs.org/media-typer/-/media-typer-1.1.0.tgz 0ms (cache hit)
4429 http cache proxy-from-env@https://registry.npmjs.org/proxy-from-env/-/proxy-from-env-1.1.0.tgz 0ms (cache hit)
4430 http cache mime-db@https://registry.npmjs.org/mime-db/-/mime-db-1.54.0.tgz 0ms (cache hit)
4431 http cache math-intrinsics@https://registry.npmjs.org/math-intrinsics/-/math-intrinsics-1.1.0.tgz 0ms (cache hit)
4432 http cache mdurl@https://registry.npmjs.org/mdurl/-/mdurl-2.0.0.tgz 0ms (cache hit)
4433 http cache markdown-it@https://registry.npmjs.org/markdown-it/-/markdown-it-14.1.1.tgz 0ms (cache hit)
4434 http cache marked@https://registry.npmjs.org/marked/-/marked-15.0.12.tgz 0ms (cache hit)
4435 http cache long@https://registry.npmjs.org/long/-/long-5.3.2.tgz 0ms (cache hit)
4436 http cache lru-cache@https://registry.npmjs.org/lru-cache/-/lru-cache-11.2.6.tgz 0ms (cache hit)
4437 http cache is-interactive@https://registry.npmjs.org/is-interactive/-/is-interactive-2.0.0.tgz 0ms (cache hit)
4438 http cache log-symbols@https://registry.npmjs.org/log-symbols/-/log-symbols-7.0.1.tgz 0ms (cache hit)
4439 http cache p-retry@https://registry.npmjs.org/p-retry/-/p-retry-4.6.2.tgz 0ms (cache hit)
4440 http cache lie@https://registry.npmjs.org/lie/-/lie-3.3.0.tgz 0ms (cache hit)
4441 http cache lifecycle-utils@https://registry.npmjs.org/lifecycle-utils/-/lifecycle-utils-3.1.1.tgz 0ms (cache hit)
4442 http cache lodash.merge@https://registry.npmjs.org/lodash.merge/-/lodash.merge-4.6.2.tgz 0ms (cache hit)
4443 http cache koffi@https://registry.npmjs.org/koffi/-/koffi-2.15.1.tgz 0ms (cache hit)
4444 http cache lodash.pickby@https://registry.npmjs.org/lodash.pickby/-/lodash.pickby-4.6.0.tgz 0ms (cache hit)
4445 http cache eventemitter3@https://registry.npmjs.org/eventemitter3/-/eventemitter3-4.0.7.tgz 0ms (cache hit)
4446 http cache lodash.once@https://registry.npmjs.org/lodash.once/-/lodash.once-4.1.1.tgz 0ms (cache hit)
4447 http cache lodash.isplainobject@https://registry.npmjs.org/lodash.isplainobject/-/lodash.isplainobject-4.0.6.tgz 0ms (cache hit)
4448 http cache lodash.isstring@https://registry.npmjs.org/lodash.isstring/-/lodash.isstring-4.0.1.tgz 0ms (cache hit)
4449 http cache lodash.debounce@https://registry.npmjs.org/lodash.debounce/-/lodash.debounce-4.0.8.tgz 0ms (cache hit)
4450 http cache lodash.isinteger@https://registry.npmjs.org/lodash.isinteger/-/lodash.isinteger-4.0.4.tgz 0ms (cache hit)
4451 http cache lodash.isnumber@https://registry.npmjs.org/lodash.isnumber/-/lodash.isnumber-3.0.3.tgz 0ms (cache hit)
4452 http cache lodash.isboolean@https://registry.npmjs.org/lodash.isboolean/-/lodash.isboolean-3.0.3.tgz 0ms (cache hit)
4453 http cache lodash.identity@https://registry.npmjs.org/lodash.identity/-/lodash.identity-3.0.0.tgz 0ms (cache hit)
4454 http cache linkify-it@https://registry.npmjs.org/linkify-it/-/linkify-it-5.0.0.tgz 0ms (cache hit)
4455 http cache lodash.includes@https://registry.npmjs.org/lodash.includes/-/lodash.includes-4.3.0.tgz 0ms (cache hit)
4456 http cache linkedom@https://registry.npmjs.org/linkedom/-/linkedom-0.18.12.tgz 0ms (cache hit)
4457 http cache @types/node@https://registry.npmjs.org/@types/node/-/node-10.17.60.tgz 0ms (cache hit)
4458 http cache long@https://registry.npmjs.org/long/-/long-4.0.0.tgz 0ms (cache hit)
4459 http cache protobufjs@https://registry.npmjs.org/protobufjs/-/protobufjs-6.8.8.tgz 0ms (cache hit)
4460 http cache jszip@https://registry.npmjs.org/jszip/-/jszip-3.10.1.tgz 0ms (cache hit)
4461 http cache json-with-bigint@https://registry.npmjs.org/json-with-bigint/-/json-with-bigint-3.5.7.tgz 0ms (cache hit)
4462 http cache jws@https://registry.npmjs.org/jws/-/jws-4.0.1.tgz 0ms (cache hit)
4463 http cache jwa@https://registry.npmjs.org/jwa/-/jwa-2.0.1.tgz 0ms (cache hit)
4464 http cache isexe@https://registry.npmjs.org/isexe/-/isexe-4.0.0.tgz 0ms (cache hit)
4465 http cache jsonwebtoken@https://registry.npmjs.org/jsonwebtoken/-/jsonwebtoken-9.0.3.tgz 0ms (cache hit)
4466 http cache jsonfile@https://registry.npmjs.org/jsonfile/-/jsonfile-6.2.0.tgz 0ms (cache hit)
4467 http cache json-schema-traverse@https://registry.npmjs.org/json-schema-traverse/-/json-schema-traverse-1.0.0.tgz 0ms (cache hit)
4468 http cache json5@https://registry.npmjs.org/json5/-/json5-2.2.3.tgz 0ms (cache hit)
4469 http cache is-fullwidth-code-point@https://registry.npmjs.org/is-fullwidth-code-point/-/is-fullwidth-code-point-5.1.0.tgz 0ms (cache hit)
4470 http cache ipull@https://registry.npmjs.org/ipull/-/ipull-3.9.5.tgz 0ms (cache hit)
4471 http cache pretty-ms@https://registry.npmjs.org/pretty-ms/-/pretty-ms-8.0.0.tgz 0ms (cache hit)
4472 http cache lifecycle-utils@https://registry.npmjs.org/lifecycle-utils/-/lifecycle-utils-2.1.0.tgz 0ms (cache hit)
4473 http cache slice-ansi@https://registry.npmjs.org/slice-ansi/-/slice-ansi-7.1.2.tgz 0ms (cache hit)
4474 http cache commander@https://registry.npmjs.org/commander/-/commander-10.0.1.tgz 0ms (cache hit)
4475 http cache json-bigint@https://registry.npmjs.org/json-bigint/-/json-bigint-1.0.0.tgz 0ms (cache hit)
4476 http cache cliui@https://registry.npmjs.org/cliui/-/cliui-8.0.1.tgz 0ms (cache hit)
4477 http cache json-schema-to-ts@https://registry.npmjs.org/json-schema-to-ts/-/json-schema-to-ts-3.1.1.tgz 0ms (cache hit)
4478 http cache jackspeak@https://registry.npmjs.org/jackspeak/-/jackspeak-3.4.3.tgz 0ms (cache hit)
4479 http cache jiti@https://registry.npmjs.org/jiti/-/jiti-2.6.1.tgz 0ms (cache hit)
4480 http cache is-unicode-supported@https://registry.npmjs.org/is-unicode-supported/-/is-unicode-supported-2.1.0.tgz 0ms (cache hit)
4481 http cache ipaddr.js@https://registry.npmjs.org/ipaddr.js/-/ipaddr.js-2.3.0.tgz 0ms (cache hit)
4482 http cache is-stream@https://registry.npmjs.org/is-stream/-/is-stream-2.0.1.tgz 0ms (cache hit)
4483 http cache isarray@https://registry.npmjs.org/isarray/-/isarray-1.0.0.tgz 0ms (cache hit)
4484 http cache hono@https://registry.npmjs.org/hono/-/hono-4.12.3.tgz 0ms (cache hit)
4485 http cache ip-address@https://registry.npmjs.org/ip-address/-/ip-address-10.1.0.tgz 0ms (cache hit)
4486 http cache is-electron@https://registry.npmjs.org/is-electron/-/is-electron-2.2.2.tgz 0ms (cache hit)
4487 http cache inflight@https://registry.npmjs.org/inflight/-/inflight-1.0.6.tgz 0ms (cache hit)
4488 http cache immediate@https://registry.npmjs.org/immediate/-/immediate-3.0.6.tgz 0ms (cache hit)
4489 http cache is-promise@https://registry.npmjs.org/is-promise/-/is-promise-4.0.0.tgz 0ms (cache hit)
4490 http cache iconv-lite@https://registry.npmjs.org/iconv-lite/-/iconv-lite-0.7.2.tgz 0ms (cache hit)
4491 http cache ignore@https://registry.npmjs.org/ignore/-/ignore-7.0.5.tgz 0ms (cache hit)
4492 http cache http-proxy-agent@https://registry.npmjs.org/http-proxy-agent/-/http-proxy-agent-7.0.2.tgz 0ms (cache hit)
4493 http cache inherits@https://registry.npmjs.org/inherits/-/inherits-2.0.4.tgz 0ms (cache hit)
4494 http cache ieee754@https://registry.npmjs.org/ieee754/-/ieee754-1.2.1.tgz 0ms (cache hit)
4495 http cache https-proxy-agent@https://registry.npmjs.org/https-proxy-agent/-/https-proxy-agent-7.0.6.tgz 0ms (cache hit)
4496 http cache filename-reserved-regex@https://registry.npmjs.org/filename-reserved-regex/-/filename-reserved-regex-3.0.0.tgz 0ms (cache hit)
4497 http cache htmlparser2@https://registry.npmjs.org/htmlparser2/-/htmlparser2-10.1.0.tgz 0ms (cache hit)
4498 http cache http-errors@https://registry.npmjs.org/http-errors/-/http-errors-2.0.1.tgz 0ms (cache hit)
4499 http cache entities@https://registry.npmjs.org/entities/-/entities-7.0.1.tgz 0ms (cache hit)
4500 http cache ini@https://registry.npmjs.org/ini/-/ini-1.3.8.tgz 0ms (cache hit)
4501 http cache parse-ms@https://registry.npmjs.org/parse-ms/-/parse-ms-3.0.0.tgz 0ms (cache hit)
4502 http cache html-escaper@https://registry.npmjs.org/html-escaper/-/html-escaper-3.0.3.tgz 0ms (cache hit)
4503 http cache grammy@https://registry.npmjs.org/grammy/-/grammy-1.41.1.tgz 0ms (cache hit)
4504 http cache hosted-git-info@https://registry.npmjs.org/hosted-git-info/-/hosted-git-info-9.0.2.tgz 0ms (cache hit)
4505 http cache highlight.js@https://registry.npmjs.org/highlight.js/-/highlight.js-10.7.3.tgz 0ms (cache hit)
4506 http cache make-dir@https://registry.npmjs.org/make-dir/-/make-dir-3.1.0.tgz 0ms (cache hit)
4507 http cache has-unicode@https://registry.npmjs.org/has-unicode/-/has-unicode-2.0.1.tgz 0ms (cache hit)
4508 http cache hookified@https://registry.npmjs.org/hookified/-/hookified-1.15.1.tgz 0ms (cache hit)
4509 http cache @protobufjs/fetch@https://registry.npmjs.org/@protobufjs/fetch/-/fetch-1.1.0.tgz 0ms (cache hit)
4510 http cache hasown@https://registry.npmjs.org/hasown/-/hasown-2.0.2.tgz 0ms (cache hit)
4511 http cache has-symbols@https://registry.npmjs.org/has-symbols/-/has-symbols-1.1.0.tgz 0ms (cache hit)
4512 http cache hashery@https://registry.npmjs.org/hashery/-/hashery-1.5.0.tgz 0ms (cache hit)
4513 http cache gopd@https://registry.npmjs.org/gopd/-/gopd-1.2.0.tgz 0ms (cache hit)
4514 http cache domhandler@https://registry.npmjs.org/domhandler/-/domhandler-5.0.3.tgz 0ms (cache hit)
4515 http cache has-tostringtag@https://registry.npmjs.org/has-tostringtag/-/has-tostringtag-1.0.2.tgz 0ms (cache hit)
4516 http cache has-flag@https://registry.npmjs.org/has-flag/-/has-flag-4.0.0.tgz 0ms (cache hit)
4517 http cache glob@https://registry.npmjs.org/glob/-/glob-13.0.6.tgz 0ms (cache hit)
4518 http cache google-auth-library@https://registry.npmjs.org/google-auth-library/-/google-auth-library-10.6.1.tgz 0ms (cache hit)
4519 http cache google-logging-utils@https://registry.npmjs.org/google-logging-utils/-/google-logging-utils-1.1.3.tgz 0ms (cache hit)
4520 http cache graceful-fs@https://registry.npmjs.org/graceful-fs/-/graceful-fs-4.2.11.tgz 0ms (cache hit)
4521 http cache get-intrinsic@https://registry.npmjs.org/get-intrinsic/-/get-intrinsic-1.3.0.tgz 0ms (cache hit)
4522 http cache get-uri@https://registry.npmjs.org/get-uri/-/get-uri-6.0.5.tgz 0ms (cache hit)
4523 http cache get-stream@https://registry.npmjs.org/get-stream/-/get-stream-5.2.0.tgz 0ms (cache hit)
4524 http cache get-proto@https://registry.npmjs.org/get-proto/-/get-proto-1.0.1.tgz 0ms (cache hit)
4525 http cache get-east-asian-width@https://registry.npmjs.org/get-east-asian-width/-/get-east-asian-width-1.5.0.tgz 0ms (cache hit)
4526 http cache get-caller-file@https://registry.npmjs.org/get-caller-file/-/get-caller-file-2.0.5.tgz 0ms (cache hit)
4527 http cache form-data@https://registry.npmjs.org/form-data/-/form-data-4.0.5.tgz 0ms (cache hit)
4528 http cache mime-db@https://registry.npmjs.org/mime-db/-/mime-db-1.52.0.tgz 0ms (cache hit)
4529 http cache gcp-metadata@https://registry.npmjs.org/gcp-metadata/-/gcp-metadata-8.1.2.tgz 0ms (cache hit)
4530 http cache mime-types@https://registry.npmjs.org/mime-types/-/mime-types-2.1.35.tgz 0ms (cache hit)
4531 http cache gaxios@https://registry.npmjs.org/gaxios/-/gaxios-7.1.3.tgz 0ms (cache hit)
4532 http cache glob@https://registry.npmjs.org/glob/-/glob-10.5.0.tgz 0ms (cache hit)
4533 http cache node-fetch@https://registry.npmjs.org/node-fetch/-/node-fetch-3.3.2.tgz 0ms (cache hit)
4534 http cache minimatch@https://registry.npmjs.org/minimatch/-/minimatch-9.0.9.tgz 0ms (cache hit)
4535 http cache rimraf@https://registry.npmjs.org/rimraf/-/rimraf-5.0.10.tgz 0ms (cache hit)
4536 http cache lru-cache@https://registry.npmjs.org/lru-cache/-/lru-cache-10.4.3.tgz 0ms (cache hit)
4537 http cache path-scurry@https://registry.npmjs.org/path-scurry/-/path-scurry-1.11.1.tgz 0ms (cache hit)
4538 http cache data-uri-to-buffer@https://registry.npmjs.org/data-uri-to-buffer/-/data-uri-to-buffer-4.0.1.tgz 0ms (cache hit)
4539 http cache balanced-match@https://registry.npmjs.org/balanced-match/-/balanced-match-1.0.2.tgz 0ms (cache hit)
4540 http cache fs-extra@https://registry.npmjs.org/fs-extra/-/fs-extra-11.3.3.tgz 0ms (cache hit)
4541 http cache keyv@https://registry.npmjs.org/keyv/-/keyv-5.6.0.tgz 0ms (cache hit)
4542 http cache brace-expansion@https://registry.npmjs.org/brace-expansion/-/brace-expansion-2.0.2.tgz 0ms (cache hit)
4543 http cache fs.realpath@https://registry.npmjs.org/fs.realpath/-/fs.realpath-1.0.0.tgz 0ms (cache hit)
4544 http cache function-bind@https://registry.npmjs.org/function-bind/-/function-bind-1.1.2.tgz 0ms (cache hit)
4545 http cache gauge@https://registry.npmjs.org/gauge/-/gauge-3.0.2.tgz 0ms (cache hit)
4546 http cache strip-ansi@https://registry.npmjs.org/strip-ansi/-/strip-ansi-6.0.1.tgz 0ms (cache hit)
4547 http cache ansi-regex@https://registry.npmjs.org/ansi-regex/-/ansi-regex-5.0.1.tgz 0ms (cache hit)
4548 http cache fs-minipass@https://registry.npmjs.org/fs-minipass/-/fs-minipass-2.1.0.tgz 0ms (cache hit)
4549 http cache minipass@https://registry.npmjs.org/minipass/-/minipass-3.3.6.tgz 0ms (cache hit)
4550 http cache yallist@https://registry.npmjs.org/yallist/-/yallist-4.0.0.tgz 0ms (cache hit)
4551 http cache formdata-polyfill@https://registry.npmjs.org/formdata-polyfill/-/formdata-polyfill-4.0.10.tgz 0ms (cache hit)
4552 http cache filenamify@https://registry.npmjs.org/filenamify/-/filenamify-6.0.0.tgz 0ms (cache hit)
4553 http cache fresh@https://registry.npmjs.org/fresh/-/fresh-2.0.0.tgz 0ms (cache hit)
4554 http cache foreground-child@https://registry.npmjs.org/foreground-child/-/foreground-child-3.3.1.tgz 0ms (cache hit)
4555 http cache follow-redirects@https://registry.npmjs.org/follow-redirects/-/follow-redirects-1.15.11.tgz 0ms (cache hit)
4556 http cache signal-exit@https://registry.npmjs.org/signal-exit/-/signal-exit-4.1.0.tgz 0ms (cache hit)
4557 http cache forwarded@https://registry.npmjs.org/forwarded/-/forwarded-0.2.0.tgz 0ms (cache hit)
4558 http cache fetch-blob@https://registry.npmjs.org/fetch-blob/-/fetch-blob-3.2.0.tgz 0ms (cache hit)
4559 http cache finalhandler@https://registry.npmjs.org/finalhandler/-/finalhandler-2.1.1.tgz 0ms (cache hit)
4560 http cache fast-xml-parser@https://registry.npmjs.org/fast-xml-parser/-/fast-xml-parser-5.3.6.tgz 0ms (cache hit)
4561 http cache fast-content-type-parse@https://registry.npmjs.org/fast-content-type-parse/-/fast-content-type-parse-3.0.0.tgz 0ms (cache hit)
4562 http cache file-type@https://registry.npmjs.org/file-type/-/file-type-21.3.0.tgz 0ms (cache hit)
4563 http cache fast-uri@https://registry.npmjs.org/fast-uri/-/fast-uri-3.1.0.tgz 0ms (cache hit)
4564 http cache fd-slicer@https://registry.npmjs.org/fd-slicer/-/fd-slicer-1.1.0.tgz 0ms (cache hit)
4565 http cache estraverse@https://registry.npmjs.org/estraverse/-/estraverse-5.3.0.tgz 0ms (cache hit)
4566 http cache fast-deep-equal@https://registry.npmjs.org/fast-deep-equal/-/fast-deep-equal-3.1.3.tgz 0ms (cache hit)
4567 http cache extract-zip@https://registry.npmjs.org/extract-zip/-/extract-zip-2.0.1.tgz 0ms (cache hit)
4568 http cache escalade@https://registry.npmjs.org/escalade/-/escalade-3.2.0.tgz 0ms (cache hit)
4569 http cache express@https://registry.npmjs.org/express/-/express-5.2.1.tgz 0ms (cache hit)
4570 http cache eventemitter3@https://registry.npmjs.org/eventemitter3/-/eventemitter3-5.0.4.tgz 0ms (cache hit)
4571 http cache esutils@https://registry.npmjs.org/esutils/-/esutils-2.0.3.tgz 0ms (cache hit)
4572 http cache extend@https://registry.npmjs.org/extend/-/extend-3.0.2.tgz 0ms (cache hit)
4573 http cache emoji-regex@https://registry.npmjs.org/emoji-regex/-/emoji-regex-8.0.0.tgz 0ms (cache hit)
4574 http cache escodegen@https://registry.npmjs.org/escodegen/-/escodegen-2.1.0.tgz 0ms (cache hit)
4575 http cache event-target-shim@https://registry.npmjs.org/event-target-shim/-/event-target-shim-5.0.1.tgz 0ms (cache hit)
4576 http cache etag@https://registry.npmjs.org/etag/-/etag-1.8.1.tgz 0ms (cache hit)
4577 http cache es-define-property@https://registry.npmjs.org/es-define-property/-/es-define-property-1.0.1.tgz 0ms (cache hit)
4578 http cache es-set-tostringtag@https://registry.npmjs.org/es-set-tostringtag/-/es-set-tostringtag-2.1.0.tgz 0ms (cache hit)
4579 http cache es-errors@https://registry.npmjs.org/es-errors/-/es-errors-1.3.0.tgz 0ms (cache hit)
4580 http cache escape-html@https://registry.npmjs.org/escape-html/-/escape-html-1.0.3.tgz 0ms (cache hit)
4581 http cache esprima@https://registry.npmjs.org/esprima/-/esprima-4.0.1.tgz 0ms (cache hit)
4582 http cache delayed-stream@https://registry.npmjs.org/delayed-stream/-/delayed-stream-1.0.0.tgz 0ms (cache hit)
4583 http cache env-var@https://registry.npmjs.org/env-var/-/env-var-7.5.0.tgz 0ms (cache hit)
4584 http cache entities@https://registry.npmjs.org/entities/-/entities-4.5.0.tgz 0ms (cache hit)
4585 http cache end-of-stream@https://registry.npmjs.org/end-of-stream/-/end-of-stream-1.4.5.tgz 0ms (cache hit)
4586 http cache es-object-atoms@https://registry.npmjs.org/es-object-atoms/-/es-object-atoms-1.1.1.tgz 0ms (cache hit)
4587 http cache ee-first@https://registry.npmjs.org/ee-first/-/ee-first-1.1.1.tgz 0ms (cache hit)
4588 http cache ecdsa-sig-formatter@https://registry.npmjs.org/ecdsa-sig-formatter/-/ecdsa-sig-formatter-1.0.11.tgz 0ms (cache hit)
4589 http cache eastasianwidth@https://registry.npmjs.org/eastasianwidth/-/eastasianwidth-0.2.0.tgz 0ms (cache hit)
4590 http cache encodeurl@https://registry.npmjs.org/encodeurl/-/encodeurl-2.0.0.tgz 0ms (cache hit)
4591 http cache dunder-proto@https://registry.npmjs.org/dunder-proto/-/dunder-proto-1.0.1.tgz 0ms (cache hit)
4592 http cache debug@https://registry.npmjs.org/debug/-/debug-4.4.3.tgz 0ms (cache hit)
4593 http cache cross-spawn@https://registry.npmjs.org/cross-spawn/-/cross-spawn-7.0.6.tgz 0ms (cache hit)
4594 http cache which@https://registry.npmjs.org/which/-/which-2.0.2.tgz 0ms (cache hit)
4595 http cache isexe@https://registry.npmjs.org/isexe/-/isexe-2.0.0.tgz 0ms (cache hit)
4596 http cache domutils@https://registry.npmjs.org/domutils/-/domutils-3.2.2.tgz 0ms (cache hit)
4597 http cache cssom@https://registry.npmjs.org/cssom/-/cssom-0.5.0.tgz 0ms (cache hit)
4598 http cache dotenv@https://registry.npmjs.org/dotenv/-/dotenv-17.3.1.tgz 0ms (cache hit)
4599 http cache dom-serializer@https://registry.npmjs.org/dom-serializer/-/dom-serializer-2.0.0.tgz 0ms (cache hit)
4600 http cache domelementtype@https://registry.npmjs.org/domelementtype/-/domelementtype-2.3.0.tgz 0ms (cache hit)
4601 http cache delegates@https://registry.npmjs.org/delegates/-/delegates-1.0.0.tgz 0ms (cache hit)
4602 http cache depd@https://registry.npmjs.org/depd/-/depd-2.0.0.tgz 0ms (cache hit)
4603 http cache discord-api-types@https://registry.npmjs.org/discord-api-types/-/discord-api-types-0.38.40.tgz 0ms (cache hit)
4604 http cache diff@https://registry.npmjs.org/diff/-/diff-8.0.3.tgz 0ms (cache hit)
4605 http cache detect-libc@https://registry.npmjs.org/detect-libc/-/detect-libc-2.1.2.tgz 0ms (cache hit)
4606 http cache degenerator@https://registry.npmjs.org/degenerator/-/degenerator-5.0.1.tgz 0ms (cache hit)
4607 http cache deep-extend@https://registry.npmjs.org/deep-extend/-/deep-extend-0.6.0.tgz 0ms (cache hit)
4608 http cache curve25519-js@https://registry.npmjs.org/curve25519-js/-/curve25519-js-0.0.4.tgz 0ms (cache hit)
4609 http cache core-util-is@https://registry.npmjs.org/core-util-is/-/core-util-is-1.0.3.tgz 0ms (cache hit)
4610 http cache chokidar@https://registry.npmjs.org/chokidar/-/chokidar-5.0.0.tgz 0ms (cache hit)
4611 http cache color-support@https://registry.npmjs.org/color-support/-/color-support-1.1.3.tgz 0ms (cache hit)
4612 http cache css-what@https://registry.npmjs.org/css-what/-/css-what-6.2.2.tgz 0ms (cache hit)
4613 http cache css-select@https://registry.npmjs.org/css-select/-/css-select-5.2.2.tgz 1ms (cache hit)
4614 http cache data-uri-to-buffer@https://registry.npmjs.org/data-uri-to-buffer/-/data-uri-to-buffer-6.0.2.tgz 0ms (cache hit)
4615 http cache cookie@https://registry.npmjs.org/cookie/-/cookie-0.7.2.tgz 0ms (cache hit)
4616 http cache croner@https://registry.npmjs.org/croner/-/croner-10.0.1.tgz 0ms (cache hit)
4617 http cache console-control-strings@https://registry.npmjs.org/console-control-strings/-/console-control-strings-1.1.0.tgz 0ms (cache hit)
4618 http cache cookie-signature@https://registry.npmjs.org/cookie-signature/-/cookie-signature-1.2.2.tgz 0ms (cache hit)
4619 http cache content-type@https://registry.npmjs.org/content-type/-/content-type-1.0.5.tgz 0ms (cache hit)
4620 http cache content-disposition@https://registry.npmjs.org/content-disposition/-/content-disposition-1.0.1.tgz 0ms (cache hit)
4621 http cache commander@https://registry.npmjs.org/commander/-/commander-14.0.3.tgz 0ms (cache hit)
4622 http cache concat-map@https://registry.npmjs.org/concat-map/-/concat-map-0.0.1.tgz 0ms (cache hit)
4623 http cache chownr@https://registry.npmjs.org/chownr/-/chownr-3.0.0.tgz 0ms (cache hit)
4624 http cache color-name@https://registry.npmjs.org/color-name/-/color-name-1.1.4.tgz 0ms (cache hit)
4625 http cache cmake-js@https://registry.npmjs.org/cmake-js/-/cmake-js-8.0.0.tgz 0ms (cache hit)
4626 http cache yargs@https://registry.npmjs.org/yargs/-/yargs-17.7.2.tgz 0ms (cache hit)
4627 http cache cliui@https://registry.npmjs.org/cliui/-/cliui-8.0.1.tgz 0ms (cache hit)
4628 http cache yargs-parser@https://registry.npmjs.org/yargs-parser/-/yargs-parser-21.1.1.tgz 0ms (cache hit)
4629 http cache strip-ansi@https://registry.npmjs.org/strip-ansi/-/strip-ansi-6.0.1.tgz 0ms (cache hit)
4630 http cache ansi-regex@https://registry.npmjs.org/ansi-regex/-/ansi-regex-5.0.1.tgz 0ms (cache hit)
4631 http cache ci-info@https://registry.npmjs.org/ci-info/-/ci-info-4.4.0.tgz 0ms (cache hit)
4632 http cache combined-stream@https://registry.npmjs.org/combined-stream/-/combined-stream-1.0.8.tgz 0ms (cache hit)
4633 http cache color-convert@https://registry.npmjs.org/color-convert/-/color-convert-2.0.1.tgz 0ms (cache hit)
4634 http cache cliui@https://registry.npmjs.org/cliui/-/cliui-7.0.4.tgz 0ms (cache hit)
4635 http cache strip-ansi@https://registry.npmjs.org/strip-ansi/-/strip-ansi-6.0.1.tgz 0ms (cache hit)
4636 http cache ansi-regex@https://registry.npmjs.org/ansi-regex/-/ansi-regex-5.0.1.tgz 0ms (cache hit)
4637 http cache cli-cursor@https://registry.npmjs.org/cli-cursor/-/cli-cursor-5.0.0.tgz 0ms (cache hit)
4638 http cache chmodrp@https://registry.npmjs.org/chmodrp/-/chmodrp-1.0.2.tgz 0ms (cache hit)
4639 http cache cli-highlight@https://registry.npmjs.org/cli-highlight/-/cli-highlight-2.1.11.tgz 0ms (cache hit)
4640 http cache chalk@https://registry.npmjs.org/chalk/-/chalk-4.1.2.tgz 0ms (cache hit)
4641 http cache ansi-styles@https://registry.npmjs.org/ansi-styles/-/ansi-styles-4.3.0.tgz 0ms (cache hit)
4642 http cache cli-spinners@https://registry.npmjs.org/cli-spinners/-/cli-spinners-2.9.2.tgz 0ms (cache hit)
4643 http cache before-after-hook@https://registry.npmjs.org/before-after-hook/-/before-after-hook-4.0.0.tgz 0ms (cache hit)
4644 http cache chalk@https://registry.npmjs.org/chalk/-/chalk-5.6.2.tgz 0ms (cache hit)
4645 http cache call-bound@https://registry.npmjs.org/call-bound/-/call-bound-1.0.4.tgz 0ms (cache hit)
4646 http cache call-bind-apply-helpers@https://registry.npmjs.org/call-bind-apply-helpers/-/call-bind-apply-helpers-1.0.2.tgz 0ms (cache hit)
4647 http cache brace-expansion@https://registry.npmjs.org/brace-expansion/-/brace-expansion-5.0.4.tgz 0ms (cache hit)
4648 http cache cacheable@https://registry.npmjs.org/cacheable/-/cacheable-2.3.3.tgz 0ms (cache hit)
4649 http cache bowser@https://registry.npmjs.org/bowser/-/bowser-2.14.1.tgz 0ms (cache hit)
4650 http cache bytes@https://registry.npmjs.org/bytes/-/bytes-3.1.2.tgz 0ms (cache hit)
4651 http cache bun-types@https://registry.npmjs.org/bun-types/-/bun-types-1.3.9.tgz 0ms (cache hit)
4652 http cache buffer-from@https://registry.npmjs.org/buffer-from/-/buffer-from-1.1.2.tgz 0ms (cache hit)
4653 http cache buffer-crc32@https://registry.npmjs.org/buffer-crc32/-/buffer-crc32-0.2.13.tgz 0ms (cache hit)
4654 http cache atomic-sleep@https://registry.npmjs.org/atomic-sleep/-/atomic-sleep-1.0.0.tgz 0ms (cache hit)
4655 http cache bottleneck@https://registry.npmjs.org/bottleneck/-/bottleneck-2.19.5.tgz 0ms (cache hit)
4656 http cache boolbase@https://registry.npmjs.org/boolbase/-/boolbase-1.0.0.tgz 0ms (cache hit)
4657 http cache body-parser@https://registry.npmjs.org/body-parser/-/body-parser-2.2.2.tgz 0ms (cache hit)
4658 http cache any-promise@https://registry.npmjs.org/any-promise/-/any-promise-1.3.0.tgz 0ms (cache hit)
4659 http cache bignumber.js@https://registry.npmjs.org/bignumber.js/-/bignumber.js-9.3.1.tgz 0ms (cache hit)
4660 http cache balanced-match@https://registry.npmjs.org/balanced-match/-/balanced-match-4.0.4.tgz 0ms (cache hit)
4661 http cache basic-ftp@https://registry.npmjs.org/basic-ftp/-/basic-ftp-5.2.0.tgz 0ms (cache hit)
4662 http cache base64-js@https://registry.npmjs.org/base64-js/-/base64-js-1.5.1.tgz 0ms (cache hit)
4663 http cache axios@https://registry.npmjs.org/axios/-/axios-1.13.6.tgz 0ms (cache hit)
4664 http cache asynckit@https://registry.npmjs.org/asynckit/-/asynckit-0.4.0.tgz 0ms (cache hit)
4665 http cache are-we-there-yet@https://registry.npmjs.org/are-we-there-yet/-/are-we-there-yet-2.0.0.tgz 0ms (cache hit)
4666 http cache readable-stream@https://registry.npmjs.org/readable-stream/-/readable-stream-3.6.2.tgz 0ms (cache hit)
4667 http cache async-retry@https://registry.npmjs.org/async-retry/-/async-retry-1.3.3.tgz 0ms (cache hit)
4668 http cache async-mutex@https://registry.npmjs.org/async-mutex/-/async-mutex-0.5.0.tgz 0ms (cache hit)
4669 http cache buffer-equal-constant-time@https://registry.npmjs.org/buffer-equal-constant-time/-/buffer-equal-constant-time-1.0.1.tgz 0ms (cache hit)
4670 http cache argparse@https://registry.npmjs.org/argparse/-/argparse-2.0.1.tgz 0ms (cache hit)
4671 http cache ast-types@https://registry.npmjs.org/ast-types/-/ast-types-0.13.4.tgz 0ms (cache hit)
4672 http cache ansi-escapes@https://registry.npmjs.org/ansi-escapes/-/ansi-escapes-6.2.1.tgz 0ms (cache hit)
4673 http cache ajv-formats@https://registry.npmjs.org/ajv-formats/-/ajv-formats-3.0.1.tgz 0ms (cache hit)
4674 http cache ansi-styles@https://registry.npmjs.org/ansi-styles/-/ansi-styles-6.2.3.tgz 0ms (cache hit)
4675 http cache agent-base@https://registry.npmjs.org/agent-base/-/agent-base-7.1.4.tgz 0ms (cache hit)
4676 http cache ajv@https://registry.npmjs.org/ajv/-/ajv-8.18.0.tgz 0ms (cache hit)
4677 http cache ansi-regex@https://registry.npmjs.org/ansi-regex/-/ansi-regex-6.2.2.tgz 0ms (cache hit)
4678 http cache abbrev@https://registry.npmjs.org/abbrev/-/abbrev-1.1.1.tgz 0ms (cache hit)
4679 http cache abort-controller@https://registry.npmjs.org/abort-controller/-/abort-controller-3.0.0.tgz 0ms (cache hit)
4680 http cache accepts@https://registry.npmjs.org/accepts/-/accepts-2.0.0.tgz 0ms (cache hit)
4681 http cache aproba@https://registry.npmjs.org/aproba/-/aproba-2.1.0.tgz 0ms (cache hit)
4682 warn deprecated inflight@1.0.6: This module is not supported, and leaks memory. Do not use it. Check out lru-cache if you want a good and tested way to coalesce async requests by a key value, which is much more comprehensive and powerful.
4683 warn deprecated npmlog@5.0.1: This package is no longer supported.
4684 warn deprecated rimraf@3.0.2: Rimraf versions prior to v4 are no longer supported
4685 warn deprecated glob@7.2.3: Old versions of glob are not supported, and contain widely publicized security vulnerabilities, which have been fixed in the current version. Please update. Support for old versions may be purchased (at exorbitant rates) by contacting i@izs.me
4686 warn deprecated are-we-there-yet@2.0.0: This package is no longer supported.
4687 warn deprecated gauge@3.0.2: This package is no longer supported.
4688 http fetch GET 200 https://codeload.github.com/whiskeysockets/libsignal-node/tar.gz/1c30d7d7e76a3b0aa120b04dc6a26f5a12dccf67 1453ms (cache revalidated)
4689 warn deprecated tar@6.2.1: Old versions of tar are not supported, and contain widely publicized security vulnerabilities, which have been fixed in the current version. Please update. Support for old versions may be purchased (at exorbitant rates) by contacting i@izs.me
4690 silly packumentCache heap:4496293888 maxSize:1124073472 maxEntrySize:562036736
4691 warn deprecated glob@10.5.0: Old versions of glob are not supported, and contain widely publicized security vulnerabilities, which have been fixed in the current version. Please update. Support for old versions may be purchased (at exorbitant rates) by contacting i@izs.me
4692 info run @whiskeysockets/baileys@7.0.0-rc.9 preinstall node_modules/openclaw/node_modules/@whiskeysockets/baileys node ./engine-requirements.js
4693 info run @whiskeysockets/baileys@7.0.0-rc.9 preinstall { code: 0, signal: null }
4694 info run @discordjs/opus@0.10.0 install node_modules/openclaw/node_modules/@discordjs/opus node-pre-gyp install --fallback-to-build
4695 info run koffi@2.15.1 install node_modules/openclaw/node_modules/koffi node src/cnoke/cnoke.js -p . -d src/koffi --prebuild
4696 info run sharp@0.34.5 install node_modules/openclaw/node_modules/sharp node install/check.js || npm run build
4697 info run sharp@0.34.5 install { code: 0, signal: null }
4698 info run koffi@2.15.1 install { code: 0, signal: null }
4699 info run @discordjs/opus@0.10.0 install { code: 0, signal: null }
4700 info run node-llama-cpp@3.16.2 postinstall node_modules/openclaw/node_modules/node-llama-cpp node ./dist/cli/cli.js postinstall
4701 info run protobufjs@7.5.4 postinstall node_modules/openclaw/node_modules/protobufjs node scripts/postinstall
4702 info run protobufjs@6.8.8 postinstall node_modules/openclaw/node_modules/libsignal/node_modules/protobufjs node scripts/postinstall
4703 info run protobufjs@7.5.4 postinstall { code: 0, signal: null }
4704 info run protobufjs@6.8.8 postinstall { code: 0, signal: null }
4705 info run node-llama-cpp@3.16.2 postinstall { code: 0, signal: null }
4706 silly CHANGE node_modules/openclaw
4707 silly CHANGE node_modules/openclaw/node_modules/@types/ws
4708 silly CHANGE node_modules/openclaw/node_modules/@line/bot-sdk
4709 silly CHANGE node_modules/openclaw/node_modules/@line/bot-sdk/node_modules/@types/node
4710 silly CHANGE node_modules/openclaw/node_modules/@line/bot-sdk/node_modules/undici-types
4711 silly CHANGE node_modules/openclaw/node_modules/@whiskeysockets/baileys
4712 silly CHANGE node_modules/openclaw/node_modules/@whiskeysockets/baileys/node_modules/p-timeout
4713 silly CHANGE node_modules/openclaw/node_modules/@whiskeysockets/baileys/node_modules/p-queue
4714 silly CHANGE node_modules/openclaw/node_modules/@types/yauzl
4715 silly CHANGE node_modules/openclaw/node_modules/@isaacs/cliui
4716 silly CHANGE node_modules/openclaw/node_modules/@isaacs/cliui/node_modules/string-width
4717 silly CHANGE node_modules/openclaw/node_modules/@isaacs/cliui/node_modules/emoji-regex
4718 silly CHANGE node_modules/openclaw/node_modules/@isaacs/cliui/node_modules/wrap-ansi
4719 silly CHANGE node_modules/openclaw/node_modules/@types/send
4720 silly CHANGE node_modules/openclaw/node_modules/@snazzah/davey
4721 silly CHANGE node_modules/openclaw/node_modules/@types/range-parser
4722 silly CHANGE node_modules/openclaw/node_modules/@types/serve-static
4723 silly CHANGE node_modules/openclaw/node_modules/@types/retry
4724 silly CHANGE node_modules/openclaw/node_modules/@types/node
4725 silly CHANGE node_modules/openclaw/node_modules/@types/jsonwebtoken
4726 silly CHANGE node_modules/openclaw/node_modules/@types/mime-types
4727 silly CHANGE node_modules/openclaw/node_modules/@types/express-serve-static-core
4728 silly CHANGE node_modules/openclaw/node_modules/@types/qs
4729 silly CHANGE node_modules/openclaw/node_modules/@types/http-errors
4730 silly CHANGE node_modules/openclaw/node_modules/@tinyhttp/content-disposition
4731 silly CHANGE node_modules/openclaw/node_modules/@types/long
4732 silly CHANGE node_modules/openclaw/node_modules/@types/ms
4733 silly CHANGE node_modules/openclaw/node_modules/@types/body-parser
4734 silly CHANGE node_modules/openclaw/node_modules/@types/aws-lambda
4735 silly CHANGE node_modules/openclaw/node_modules/@tootallnate/quickjs-emscripten
4736 silly CHANGE node_modules/openclaw/node_modules/@types/express
4737 silly CHANGE node_modules/openclaw/node_modules/@types/bun
4738 silly CHANGE node_modules/openclaw/node_modules/@smithy/util-uri-escape
4739 silly CHANGE node_modules/openclaw/node_modules/@types/connect
4740 silly CHANGE node_modules/openclaw/node_modules/@tokenizer/token
4741 silly CHANGE node_modules/openclaw/node_modules/@tokenizer/inflate
4742 silly CHANGE node_modules/openclaw/node_modules/@smithy/util-utf8
4743 silly CHANGE node_modules/openclaw/node_modules/@smithy/util-middleware
4744 silly CHANGE node_modules/openclaw/node_modules/@snazzah/davey-darwin-arm64
4745 silly CHANGE node_modules/openclaw/node_modules/@smithy/uuid
4746 silly CHANGE node_modules/openclaw/node_modules/@smithy/util-stream
4747 silly CHANGE node_modules/openclaw/node_modules/@smithy/util-retry
4748 silly CHANGE node_modules/openclaw/node_modules/@smithy/util-defaults-mode-browser
4749 silly CHANGE node_modules/openclaw/node_modules/@smithy/util-base64
4750 silly CHANGE node_modules/openclaw/node_modules/@smithy/util-hex-encoding
4751 silly CHANGE node_modules/openclaw/node_modules/@smithy/util-endpoints
4752 silly CHANGE node_modules/openclaw/node_modules/@smithy/util-body-length-node
4753 silly CHANGE node_modules/openclaw/node_modules/@smithy/util-defaults-mode-node
4754 silly CHANGE node_modules/openclaw/node_modules/@smithy/util-buffer-from
4755 silly CHANGE node_modules/openclaw/node_modules/@smithy/util-config-provider
4756 silly CHANGE node_modules/openclaw/node_modules/@smithy/smithy-client
4757 silly CHANGE node_modules/openclaw/node_modules/@smithy/types
4758 silly CHANGE node_modules/openclaw/node_modules/@smithy/util-body-length-browser
4759 silly CHANGE node_modules/openclaw/node_modules/@smithy/querystring-parser
4760 silly CHANGE node_modules/openclaw/node_modules/@smithy/credential-provider-imds
4761 silly CHANGE node_modules/openclaw/node_modules/@smithy/signature-v4
4762 silly CHANGE node_modules/openclaw/node_modules/@smithy/url-parser
4763 silly CHANGE node_modules/openclaw/node_modules/@smithy/property-provider
4764 silly CHANGE node_modules/openclaw/node_modules/@smithy/service-error-classification
4765 silly CHANGE node_modules/openclaw/node_modules/@smithy/querystring-builder
4766 silly CHANGE node_modules/openclaw/node_modules/@smithy/shared-ini-file-loader
4767 silly CHANGE node_modules/openclaw/node_modules/@smithy/node-http-handler
4768 silly CHANGE node_modules/openclaw/node_modules/@smithy/protocol-http
4769 silly CHANGE node_modules/openclaw/node_modules/@smithy/node-config-provider
4770 silly CHANGE node_modules/openclaw/node_modules/@smithy/middleware-serde
4771 silly CHANGE node_modules/openclaw/node_modules/@smithy/middleware-retry
4772 silly CHANGE node_modules/openclaw/node_modules/@smithy/eventstream-serde-node
4773 silly CHANGE node_modules/openclaw/node_modules/@smithy/middleware-content-length
4774 silly CHANGE node_modules/openclaw/node_modules/@smithy/middleware-stack
4775 silly CHANGE node_modules/openclaw/node_modules/@smithy/middleware-endpoint
4776 silly CHANGE node_modules/openclaw/node_modules/@smithy/hash-node
4777 silly CHANGE node_modules/openclaw/node_modules/@smithy/is-array-buffer
4778 silly CHANGE node_modules/openclaw/node_modules/@smithy/invalid-dependency
4779 silly CHANGE node_modules/openclaw/node_modules/@smithy/eventstream-codec
4780 silly CHANGE node_modules/openclaw/node_modules/@slack/socket-mode
4781 silly CHANGE node_modules/openclaw/node_modules/@smithy/fetch-http-handler
4782 silly CHANGE node_modules/openclaw/node_modules/@smithy/eventstream-serde-config-resolver
4783 silly CHANGE node_modules/openclaw/node_modules/@smithy/eventstream-serde-universal
4784 silly CHANGE node_modules/openclaw/node_modules/@smithy/abort-controller
4785 silly CHANGE node_modules/openclaw/node_modules/@protobufjs/eventemitter
4786 silly CHANGE node_modules/openclaw/node_modules/@smithy/eventstream-serde-browser
4787 silly CHANGE node_modules/openclaw/node_modules/@slack/web-api
4788 silly CHANGE node_modules/openclaw/node_modules/@smithy/config-resolver
4789 silly CHANGE node_modules/openclaw/node_modules/@smithy/core
4790 silly CHANGE node_modules/openclaw/node_modules/@slack/types
4791 silly CHANGE node_modules/openclaw/node_modules/@slack/logger
4792 silly CHANGE node_modules/openclaw/node_modules/@reflink/reflink
4793 silly CHANGE node_modules/openclaw/node_modules/@reflink/reflink-darwin-arm64
4794 silly CHANGE node_modules/openclaw/node_modules/@slack/oauth
4795 silly CHANGE node_modules/openclaw/node_modules/@protobufjs/path
4796 silly CHANGE node_modules/openclaw/node_modules/@slack/bolt
4797 silly CHANGE node_modules/openclaw/node_modules/@sinclair/typebox
4798 silly CHANGE node_modules/openclaw/node_modules/@silvia-odwyer/photon-node
4799 silly CHANGE node_modules/openclaw/node_modules/@protobufjs/utf8
4800 silly CHANGE node_modules/openclaw/node_modules/@protobufjs/pool
4801 silly CHANGE node_modules/openclaw/node_modules/@protobufjs/inquire
4802 silly CHANGE node_modules/openclaw/node_modules/@octokit/openapi-types
4803 silly CHANGE node_modules/openclaw/node_modules/@protobufjs/fetch
4804 silly CHANGE node_modules/openclaw/node_modules/@protobufjs/float
4805 silly CHANGE node_modules/openclaw/node_modules/@protobufjs/base64
4806 silly CHANGE node_modules/openclaw/node_modules/@protobufjs/codegen
4807 silly CHANGE node_modules/openclaw/node_modules/@pkgjs/parseargs
4808 silly CHANGE node_modules/openclaw/node_modules/@protobufjs/aspromise
4809 silly CHANGE node_modules/openclaw/node_modules/@octokit/plugin-throttling
4810 silly CHANGE node_modules/openclaw/node_modules/@pinojs/redact
4811 silly CHANGE node_modules/openclaw/node_modules/@octokit/webhooks-methods
4812 silly CHANGE node_modules/openclaw/node_modules/@octokit/webhooks
4813 silly CHANGE node_modules/openclaw/node_modules/@octokit/types
4814 silly CHANGE node_modules/openclaw/node_modules/@octokit/request-error
4815 silly CHANGE node_modules/openclaw/node_modules/@octokit/app
4816 silly CHANGE node_modules/openclaw/node_modules/@octokit/plugin-retry
4817 silly CHANGE node_modules/openclaw/node_modules/@octokit/plugin-paginate-rest
4818 silly CHANGE node_modules/openclaw/node_modules/@octokit/request
4819 silly CHANGE node_modules/openclaw/node_modules/@octokit/plugin-paginate-graphql
4820 silly CHANGE node_modules/openclaw/node_modules/@octokit/plugin-rest-endpoint-methods
4821 silly CHANGE node_modules/openclaw/node_modules/@octokit/openapi-webhooks-types
4822 silly CHANGE node_modules/openclaw/node_modules/@octokit/oauth-authorization-url
4823 silly CHANGE node_modules/openclaw/node_modules/@octokit/endpoint
4824 silly CHANGE node_modules/openclaw/node_modules/@octokit/oauth-app
4825 silly CHANGE node_modules/openclaw/node_modules/@octokit/oauth-methods
4826 silly CHANGE node_modules/openclaw/node_modules/@octokit/core
4827 silly CHANGE node_modules/openclaw/node_modules/@octokit/graphql
4828 silly CHANGE node_modules/openclaw/node_modules/@octokit/auth-unauthenticated
4829 silly CHANGE node_modules/openclaw/node_modules/@octokit/auth-token
4830 silly CHANGE node_modules/openclaw/node_modules/@octokit/auth-oauth-device
4831 silly CHANGE node_modules/openclaw/node_modules/@node-llama-cpp/mac-arm64-metal
4832 silly CHANGE node_modules/openclaw/node_modules/@octokit/auth-app
4833 silly CHANGE node_modules/openclaw/node_modules/@napi-rs/canvas-darwin-arm64
4834 silly CHANGE node_modules/openclaw/node_modules/@octokit/auth-oauth-app
4835 silly CHANGE node_modules/openclaw/node_modules/@isaacs/fs-minipass
4836 silly CHANGE node_modules/openclaw/node_modules/@octokit/auth-oauth-user
4837 silly CHANGE node_modules/openclaw/node_modules/@mozilla/readability
4838 silly CHANGE node_modules/openclaw/node_modules/@mariozechner/clipboard-darwin-universal
4839 silly CHANGE node_modules/openclaw/node_modules/@mariozechner/pi-coding-agent
4840 silly CHANGE node_modules/openclaw/node_modules/@napi-rs/canvas
4841 silly CHANGE node_modules/openclaw/node_modules/@mariozechner/jiti
4842 silly CHANGE node_modules/openclaw/node_modules/@mariozechner/pi-ai
4843 silly CHANGE node_modules/openclaw/node_modules/@mistralai/mistralai
4844 silly CHANGE node_modules/openclaw/node_modules/@mistralai/mistralai/node_modules/zod
4845 silly CHANGE node_modules/openclaw/node_modules/@mariozechner/pi-tui
4846 silly CHANGE node_modules/openclaw/node_modules/@mariozechner/pi-agent-core
4847 silly CHANGE node_modules/openclaw/node_modules/@mariozechner/clipboard-darwin-arm64
4848 silly CHANGE node_modules/openclaw/node_modules/@lydell/node-pty-darwin-arm64
4849 silly CHANGE node_modules/openclaw/node_modules/@kwsites/file-exists
4850 silly CHANGE node_modules/openclaw/node_modules/@lydell/node-pty
4851 silly CHANGE node_modules/openclaw/node_modules/@keyv/serialize
4852 silly CHANGE node_modules/openclaw/node_modules/@larksuiteoapi/node-sdk
4853 silly CHANGE node_modules/openclaw/node_modules/@mariozechner/clipboard
4854 silly CHANGE node_modules/openclaw/node_modules/@kwsites/promise-deferred
4855 silly CHANGE node_modules/openclaw/node_modules/@huggingface/jinja
4856 silly CHANGE node_modules/openclaw/node_modules/@keyv/bigmap
4857 silly CHANGE node_modules/openclaw/node_modules/@img/sharp-darwin-arm64
4858 silly CHANGE node_modules/openclaw/node_modules/@img/sharp-libvips-darwin-arm64
4859 silly CHANGE node_modules/openclaw/node_modules/@img/colour
4860 silly CHANGE node_modules/openclaw/node_modules/@aws-sdk/middleware-logger
4861 silly CHANGE node_modules/openclaw/node_modules/@hono/node-server
4862 silly CHANGE node_modules/openclaw/node_modules/@homebridge/ciao
4863 silly CHANGE node_modules/openclaw/node_modules/@hapi/boom
4864 silly CHANGE node_modules/openclaw/node_modules/@discordjs/node-pre-gyp
4865 silly CHANGE node_modules/openclaw/node_modules/@discordjs/node-pre-gyp/node_modules/https-proxy-agent
4866 silly CHANGE node_modules/openclaw/node_modules/@discordjs/node-pre-gyp/node_modules/yallist
4867 silly CHANGE node_modules/openclaw/node_modules/@discordjs/node-pre-gyp/node_modules/minipass
4868 silly CHANGE node_modules/openclaw/node_modules/@discordjs/node-pre-gyp/node_modules/minizlib
4869 silly CHANGE node_modules/openclaw/node_modules/@discordjs/node-pre-gyp/node_modules/minizlib/node_modules/minipass
4870 silly CHANGE node_modules/openclaw/node_modules/@discordjs/node-pre-gyp/node_modules/tar
4871 silly CHANGE node_modules/openclaw/node_modules/@discordjs/node-pre-gyp/node_modules/chownr
4872 silly CHANGE node_modules/openclaw/node_modules/@discordjs/node-pre-gyp/node_modules/agent-base
4873 silly CHANGE node_modules/openclaw/node_modules/@hapi/hoek
4874 silly CHANGE node_modules/openclaw/node_modules/@discordjs/opus
4875 silly CHANGE node_modules/openclaw/node_modules/@babel/runtime
4876 silly CHANGE node_modules/openclaw/node_modules/@grammyjs/transformer-throttler
4877 silly CHANGE node_modules/openclaw/node_modules/@grammyjs/types
4878 silly CHANGE node_modules/openclaw/node_modules/@google/genai
4879 silly CHANGE node_modules/openclaw/node_modules/@cloudflare/workers-types
4880 silly CHANGE node_modules/openclaw/node_modules/@aws-sdk/util-locate-window
4881 silly CHANGE node_modules/openclaw/node_modules/@grammyjs/runner
4882 silly CHANGE node_modules/openclaw/node_modules/@emnapi/runtime
4883 silly CHANGE node_modules/openclaw/node_modules/@discordjs/voice
4884 silly CHANGE node_modules/openclaw/node_modules/@discordjs/voice/node_modules/opusscript
4885 silly CHANGE node_modules/openclaw/node_modules/@discordjs/voice/node_modules/prism-media
4886 silly CHANGE node_modules/openclaw/node_modules/@clack/core
4887 silly CHANGE node_modules/openclaw/node_modules/@buape/carbon
4888 silly CHANGE node_modules/openclaw/node_modules/@buape/carbon/node_modules/discord-api-types
4889 silly CHANGE node_modules/openclaw/node_modules/@clack/prompts
4890 silly CHANGE node_modules/openclaw/node_modules/@cacheable/utils
4891 silly CHANGE node_modules/openclaw/node_modules/@cacheable/node-cache
4892 silly CHANGE node_modules/openclaw/node_modules/@cacheable/memory
4893 silly CHANGE node_modules/openclaw/node_modules/@borewit/text-codec
4894 silly CHANGE node_modules/openclaw/node_modules/@aws-sdk/middleware-websocket
4895 silly CHANGE node_modules/openclaw/node_modules/@aws-sdk/util-user-agent-browser
4896 silly CHANGE node_modules/openclaw/node_modules/@aws-sdk/xml-builder
4897 silly CHANGE node_modules/openclaw/node_modules/@aws-sdk/util-user-agent-node
4898 silly CHANGE node_modules/openclaw/node_modules/@aws-sdk/util-format-url
4899 silly CHANGE node_modules/openclaw/node_modules/@aws-sdk/region-config-resolver
4900 silly CHANGE node_modules/openclaw/node_modules/@aws-sdk/nested-clients
4901 silly CHANGE node_modules/openclaw/node_modules/@aws-sdk/util-endpoints
4902 silly CHANGE node_modules/openclaw/node_modules/@aws-sdk/token-providers
4903 silly CHANGE node_modules/openclaw/node_modules/@aws-sdk/credential-provider-web-identity
4904 silly CHANGE node_modules/openclaw/node_modules/@aws-sdk/types
4905 silly CHANGE node_modules/openclaw/node_modules/@aws-crypto/sha256-js
4906 silly CHANGE node_modules/openclaw/node_modules/@aws-sdk/middleware-host-header
4907 silly CHANGE node_modules/openclaw/node_modules/@aws-sdk/middleware-user-agent
4908 silly CHANGE node_modules/openclaw/node_modules/@aws-sdk/middleware-recursion-detection
4909 silly CHANGE node_modules/openclaw/node_modules/@aws-sdk/credential-provider-login
4910 silly CHANGE node_modules/openclaw/node_modules/@aws-sdk/middleware-eventstream
4911 silly CHANGE node_modules/openclaw/node_modules/@aws-sdk/credential-provider-sso
4912 silly CHANGE node_modules/openclaw/node_modules/@aws-sdk/credential-provider-sso/node_modules/@aws-sdk/token-providers
4913 silly CHANGE node_modules/openclaw/node_modules/yoctocolors
4914 silly CHANGE node_modules/openclaw/node_modules/@aws-sdk/eventstream-handler-node
4915 silly CHANGE node_modules/openclaw/node_modules/@aws-sdk/credential-provider-http
4916 silly CHANGE node_modules/openclaw/node_modules/@aws-sdk/credential-provider-process
4917 silly CHANGE node_modules/openclaw/node_modules/y18n
4918 silly CHANGE node_modules/openclaw/node_modules/@aws-sdk/credential-provider-env
4919 silly CHANGE node_modules/openclaw/node_modules/@aws-crypto/supports-web-crypto
4920 silly CHANGE node_modules/openclaw/node_modules/@aws-sdk/credential-provider-node
4921 silly CHANGE node_modules/openclaw/node_modules/@aws-sdk/credential-provider-ini
4922 silly CHANGE node_modules/openclaw/node_modules/@aws-sdk/core
4923 silly CHANGE node_modules/openclaw/node_modules/std-env
4924 silly CHANGE node_modules/openclaw/node_modules/@aws-crypto/util
4925 silly CHANGE node_modules/openclaw/node_modules/@aws-crypto/util/node_modules/@smithy/util-buffer-from
4926 silly CHANGE node_modules/openclaw/node_modules/@aws-crypto/util/node_modules/@smithy/is-array-buffer
4927 silly CHANGE node_modules/openclaw/node_modules/@aws-crypto/util/node_modules/@smithy/util-utf8
4928 silly CHANGE node_modules/openclaw/node_modules/@aws-sdk/client-bedrock-runtime
4929 silly CHANGE node_modules/openclaw/node_modules/@aws-crypto/crc32
4930 silly CHANGE node_modules/openclaw/node_modules/@aws-crypto/sha256-browser
4931 silly CHANGE node_modules/openclaw/node_modules/@aws-crypto/sha256-browser/node_modules/@smithy/is-array-buffer
4932 silly CHANGE node_modules/openclaw/node_modules/@aws-crypto/sha256-browser/node_modules/@smithy/util-utf8
4933 silly CHANGE node_modules/openclaw/node_modules/@aws-crypto/sha256-browser/node_modules/@smithy/util-buffer-from
4934 silly CHANGE node_modules/openclaw/node_modules/vary
4935 silly CHANGE node_modules/openclaw/node_modules/@aws-sdk/client-bedrock
4936 silly CHANGE node_modules/openclaw/node_modules/@aws/lambda-invoke-store
4937 silly CHANGE node_modules/openclaw/node_modules/split2
4938 silly CHANGE node_modules/openclaw/node_modules/@agentclientprotocol/sdk
4939 silly CHANGE node_modules/openclaw/node_modules/yargs-parser
4940 silly CHANGE node_modules/openclaw/node_modules/@anthropic-ai/sdk
4941 silly CHANGE node_modules/openclaw/node_modules/zod
4942 silly CHANGE node_modules/openclaw/node_modules/zod-to-json-schema
4943 silly CHANGE node_modules/openclaw/node_modules/uhyphen
4944 silly CHANGE node_modules/openclaw/node_modules/yauzl
4945 silly CHANGE node_modules/openclaw/node_modules/wrap-ansi
4946 silly CHANGE node_modules/openclaw/node_modules/wrap-ansi/node_modules/ansi-regex
4947 silly CHANGE node_modules/openclaw/node_modules/wrap-ansi/node_modules/ansi-styles
4948 silly CHANGE node_modules/openclaw/node_modules/wrap-ansi/node_modules/strip-ansi
4949 silly CHANGE node_modules/openclaw/node_modules/yargs
4950 silly CHANGE node_modules/openclaw/node_modules/yaml
4951 silly CHANGE node_modules/openclaw/node_modules/yallist
4952 silly CHANGE node_modules/openclaw/node_modules/ws
4953 silly CHANGE node_modules/openclaw/node_modules/which
4954 silly CHANGE node_modules/openclaw/node_modules/wide-align
4955 silly CHANGE node_modules/openclaw/node_modules/wrappy
4956 silly CHANGE node_modules/openclaw/node_modules/wrap-ansi-cjs
4957 silly CHANGE node_modules/openclaw/node_modules/wrap-ansi-cjs/node_modules/ansi-regex
4958 silly CHANGE node_modules/openclaw/node_modules/wrap-ansi-cjs/node_modules/ansi-styles
4959 silly CHANGE node_modules/openclaw/node_modules/wrap-ansi-cjs/node_modules/strip-ansi
4960 silly CHANGE node_modules/openclaw/node_modules/universal-github-app-jwt
4961 silly CHANGE node_modules/openclaw/node_modules/whatwg-url
4962 silly CHANGE node_modules/openclaw/node_modules/win-guid
4963 silly CHANGE node_modules/openclaw/node_modules/tar
4964 silly CHANGE node_modules/openclaw/node_modules/validate-npm-package-name
4965 silly CHANGE node_modules/openclaw/node_modules/web-streams-polyfill
4966 silly CHANGE node_modules/openclaw/node_modules/webidl-conversions
4967 silly CHANGE node_modules/openclaw/node_modules/undici-types
4968 silly CHANGE node_modules/openclaw/node_modules/util-deprecate
4969 silly CHANGE node_modules/openclaw/node_modules/universalify
4970 silly CHANGE node_modules/openclaw/node_modules/url-join
4971 silly CHANGE node_modules/openclaw/node_modules/universal-user-agent
4972 silly CHANGE node_modules/openclaw/node_modules/unpipe
4973 silly CHANGE node_modules/openclaw/node_modules/undici
4974 silly CHANGE node_modules/openclaw/node_modules/tr46
4975 silly CHANGE node_modules/openclaw/node_modules/uint8array-extras
4976 silly CHANGE node_modules/openclaw/node_modules/tslog
4977 silly CHANGE node_modules/openclaw/node_modules/ts-algebra
4978 silly CHANGE node_modules/openclaw/node_modules/type-is
4979 silly CHANGE node_modules/openclaw/node_modules/tsscmp
4980 silly CHANGE node_modules/openclaw/node_modules/tslib
4981 silly CHANGE node_modules/openclaw/node_modules/uc.micro
4982 silly CHANGE node_modules/openclaw/node_modules/thenify-all
4983 silly CHANGE node_modules/openclaw/node_modules/set-blocking
4984 silly CHANGE node_modules/openclaw/node_modules/thread-stream
4985 silly CHANGE node_modules/openclaw/node_modules/thenify
4986 silly CHANGE node_modules/openclaw/node_modules/token-types
4987 silly CHANGE node_modules/openclaw/node_modules/toad-cache
4988 silly CHANGE node_modules/openclaw/node_modules/toidentifier
4989 silly CHANGE node_modules/openclaw/node_modules/string_decoder
4990 silly CHANGE node_modules/openclaw/node_modules/string_decoder/node_modules/safe-buffer
4991 silly CHANGE node_modules/openclaw/node_modules/supports-color
4992 silly CHANGE node_modules/openclaw/node_modules/slice-ansi
4993 silly CHANGE node_modules/openclaw/node_modules/strtok3
4994 silly CHANGE node_modules/openclaw/node_modules/strip-json-comments
4995 silly CHANGE node_modules/openclaw/node_modules/strip-ansi-cjs
4996 silly CHANGE node_modules/openclaw/node_modules/strip-ansi-cjs/node_modules/ansi-regex
4997 silly CHANGE node_modules/openclaw/node_modules/string-width-cjs
4998 silly CHANGE node_modules/openclaw/node_modules/string-width-cjs/node_modules/is-fullwidth-code-point
4999 silly CHANGE node_modules/openclaw/node_modules/string-width-cjs/node_modules/strip-ansi
5000 silly CHANGE node_modules/openclaw/node_modules/string-width-cjs/node_modules/ansi-regex
5001 silly CHANGE node_modules/openclaw/node_modules/strnum
5002 silly CHANGE node_modules/openclaw/node_modules/stdout-update
5003 silly CHANGE node_modules/openclaw/node_modules/stdout-update/node_modules/string-width
5004 silly CHANGE node_modules/openclaw/node_modules/stdout-update/node_modules/emoji-regex
5005 silly CHANGE node_modules/openclaw/node_modules/strip-ansi
5006 silly CHANGE node_modules/openclaw/node_modules/stdin-discarder
5007 silly CHANGE node_modules/openclaw/node_modules/steno
5008 silly CHANGE node_modules/openclaw/node_modules/pako
5009 silly CHANGE node_modules/openclaw/node_modules/statuses
5010 silly CHANGE node_modules/openclaw/node_modules/string-width
5011 silly CHANGE node_modules/openclaw/node_modules/string-width/node_modules/is-fullwidth-code-point
5012 silly CHANGE node_modules/openclaw/node_modules/string-width/node_modules/strip-ansi
5013 silly CHANGE node_modules/openclaw/node_modules/string-width/node_modules/ansi-regex
5014 silly CHANGE node_modules/openclaw/node_modules/shebang-regex
5015 silly CHANGE node_modules/openclaw/node_modules/sqlite-vec
5016 silly CHANGE node_modules/openclaw/node_modules/sqlite-vec-darwin-arm64
5017 silly CHANGE node_modules/openclaw/node_modules/source-map-support
5018 silly CHANGE node_modules/openclaw/node_modules/side-channel
5019 silly CHANGE node_modules/openclaw/node_modules/source-map
5020 silly CHANGE node_modules/openclaw/node_modules/sonic-boom
5021 silly CHANGE node_modules/openclaw/node_modules/socks-proxy-agent
5022 silly CHANGE node_modules/openclaw/node_modules/simple-git
5023 silly CHANGE node_modules/openclaw/node_modules/smart-buffer
5024 silly CHANGE node_modules/openclaw/node_modules/socks
5025 silly CHANGE node_modules/openclaw/node_modules/sleep-promise
5026 silly CHANGE node_modules/openclaw/node_modules/sisteransi
5027 silly CHANGE node_modules/openclaw/node_modules/signal-exit
5028 silly CHANGE node_modules/openclaw/node_modules/side-channel-map
5029 silly CHANGE node_modules/openclaw/node_modules/side-channel-weakmap
5030 silly CHANGE node_modules/openclaw/node_modules/side-channel-list
5031 silly CHANGE node_modules/openclaw/node_modules/sharp
5032 silly CHANGE node_modules/openclaw/node_modules/shebang-command
5033 silly CHANGE node_modules/openclaw/node_modules/p-queue
5034 silly CHANGE node_modules/openclaw/node_modules/p-queue/node_modules/eventemitter3
5035 silly CHANGE node_modules/openclaw/node_modules/require-from-string
5036 silly CHANGE node_modules/openclaw/node_modules/serve-static
5037 silly CHANGE node_modules/openclaw/node_modules/semver
5038 silly CHANGE node_modules/openclaw/node_modules/setprototypeof
5039 silly CHANGE node_modules/openclaw/node_modules/safe-stable-stringify
5040 silly CHANGE node_modules/openclaw/node_modules/setimmediate
5041 silly CHANGE node_modules/openclaw/node_modules/send
5042 silly CHANGE node_modules/openclaw/node_modules/router
5043 silly CHANGE node_modules/openclaw/node_modules/safe-buffer
5044 silly CHANGE node_modules/openclaw/node_modules/safer-buffer
5045 silly CHANGE node_modules/openclaw/node_modules/rc
5046 silly CHANGE node_modules/openclaw/node_modules/require-directory
5047 silly CHANGE node_modules/openclaw/node_modules/retry
5048 silly CHANGE node_modules/openclaw/node_modules/rimraf
5049 silly CHANGE node_modules/openclaw/node_modules/rimraf/node_modules/minimatch
5050 silly CHANGE node_modules/openclaw/node_modules/rimraf/node_modules/glob
5051 silly CHANGE node_modules/openclaw/node_modules/rimraf/node_modules/balanced-match
5052 silly CHANGE node_modules/openclaw/node_modules/rimraf/node_modules/brace-expansion
5053 silly CHANGE node_modules/openclaw/node_modules/restore-cursor
5054 silly CHANGE node_modules/openclaw/node_modules/restore-cursor/node_modules/signal-exit
5055 silly CHANGE node_modules/openclaw/node_modules/process-warning
5056 silly CHANGE node_modules/openclaw/node_modules/real-require
5057 silly CHANGE node_modules/openclaw/node_modules/readdirp
5058 silly CHANGE node_modules/openclaw/node_modules/proxy-agent
5059 silly CHANGE node_modules/openclaw/node_modules/proxy-agent/node_modules/lru-cache
5060 silly CHANGE node_modules/openclaw/node_modules/readable-stream
5061 silly CHANGE node_modules/openclaw/node_modules/readable-stream/node_modules/safe-buffer
5062 silly CHANGE node_modules/openclaw/node_modules/quick-format-unescaped
5063 silly CHANGE node_modules/openclaw/node_modules/range-parser
5064 silly CHANGE node_modules/openclaw/node_modules/raw-body
5065 silly CHANGE node_modules/openclaw/node_modules/qs
5066 silly CHANGE node_modules/openclaw/node_modules/node-domexception
5067 silly CHANGE node_modules/openclaw/node_modules/punycode.js
5068 silly CHANGE node_modules/openclaw/node_modules/qified
5069 silly CHANGE node_modules/openclaw/node_modules/qrcode-terminal
5070 silly CHANGE node_modules/openclaw/node_modules/pump
5071 silly CHANGE node_modules/openclaw/node_modules/process-nextick-args
5072 silly CHANGE node_modules/openclaw/node_modules/protobufjs
5073 silly CHANGE node_modules/openclaw/node_modules/proxy-from-env
5074 silly CHANGE node_modules/openclaw/node_modules/proxy-addr
5075 silly CHANGE node_modules/openclaw/node_modules/proxy-addr/node_modules/ipaddr.js
5076 silly CHANGE node_modules/openclaw/node_modules/proper-lockfile
5077 silly CHANGE node_modules/openclaw/node_modules/proper-lockfile/node_modules/retry
5078 silly CHANGE node_modules/openclaw/node_modules/playwright-core
5079 silly CHANGE node_modules/openclaw/node_modules/pdfjs-dist
5080 silly CHANGE node_modules/openclaw/node_modules/pretty-ms
5081 silly CHANGE node_modules/openclaw/node_modules/path-key
5082 silly CHANGE node_modules/openclaw/node_modules/pino-abstract-transport
5083 silly CHANGE node_modules/openclaw/node_modules/pend
5084 silly CHANGE node_modules/openclaw/node_modules/pretty-bytes
5085 silly CHANGE node_modules/openclaw/node_modules/pino-std-serializers
5086 silly CHANGE node_modules/openclaw/node_modules/path-scurry
5087 silly CHANGE node_modules/openclaw/node_modules/pino
5088 silly CHANGE node_modules/openclaw/node_modules/picocolors
5089 silly CHANGE node_modules/openclaw/node_modules/path-to-regexp
5090 silly CHANGE node_modules/openclaw/node_modules/partial-json
5091 silly CHANGE node_modules/openclaw/node_modules/path-is-absolute
5092 silly CHANGE node_modules/openclaw/node_modules/parse-ms
5093 silly CHANGE node_modules/openclaw/node_modules/pac-resolver
5094 silly CHANGE node_modules/openclaw/node_modules/parseurl
5095 silly CHANGE node_modules/openclaw/node_modules/parse5
5096 silly CHANGE node_modules/openclaw/node_modules/pac-proxy-agent
5097 silly CHANGE node_modules/openclaw/node_modules/parse5-htmlparser2-tree-adapter
5098 silly CHANGE node_modules/openclaw/node_modules/parse5-htmlparser2-tree-adapter/node_modules/parse5
5099 silly CHANGE node_modules/openclaw/node_modules/onetime
5100 silly CHANGE node_modules/openclaw/node_modules/package-json-from-dist
5101 silly CHANGE node_modules/openclaw/node_modules/p-timeout
5102 silly CHANGE node_modules/openclaw/node_modules/p-retry
5103 silly CHANGE node_modules/openclaw/node_modules/ora
5104 silly CHANGE node_modules/openclaw/node_modules/ora/node_modules/string-width
5105 silly CHANGE node_modules/openclaw/node_modules/ora/node_modules/cli-spinners
5106 silly CHANGE node_modules/openclaw/node_modules/osc-progress
5107 silly CHANGE node_modules/openclaw/node_modules/p-finally
5108 silly CHANGE node_modules/openclaw/node_modules/once
5109 silly CHANGE node_modules/openclaw/node_modules/on-finished
5110 silly CHANGE node_modules/openclaw/node_modules/opusscript
5111 silly CHANGE node_modules/openclaw/node_modules/on-exit-leak-free
5112 silly CHANGE node_modules/openclaw/node_modules/openai
5113 silly CHANGE node_modules/openclaw/node_modules/nanoid
5114 silly CHANGE node_modules/openclaw/node_modules/nopt
5115 silly CHANGE node_modules/openclaw/node_modules/octokit
5116 silly CHANGE node_modules/openclaw/node_modules/object-inspect
5117 silly CHANGE node_modules/openclaw/node_modules/npmlog
5118 silly CHANGE node_modules/openclaw/node_modules/object-assign
5119 silly CHANGE node_modules/openclaw/node_modules/minimist
5120 silly CHANGE node_modules/openclaw/node_modules/lowdb
5121 silly CHANGE node_modules/openclaw/node_modules/nth-check
5122 silly CHANGE node_modules/openclaw/node_modules/node-readable-to-web-readable-stream
5123 silly CHANGE node_modules/openclaw/node_modules/music-metadata
5124 silly CHANGE node_modules/openclaw/node_modules/node-fetch
5125 silly CHANGE node_modules/openclaw/node_modules/node-llama-cpp
5126 silly CHANGE node_modules/openclaw/node_modules/node-llama-cpp/node_modules/yargs-parser
5127 silly CHANGE node_modules/openclaw/node_modules/node-llama-cpp/node_modules/cliui
5128 silly CHANGE node_modules/openclaw/node_modules/node-llama-cpp/node_modules/cliui/node_modules/strip-ansi
5129 silly CHANGE node_modules/openclaw/node_modules/node-llama-cpp/node_modules/yargs
5130 silly CHANGE node_modules/openclaw/node_modules/node-llama-cpp/node_modules/ansi-regex
5131 silly CHANGE node_modules/openclaw/node_modules/node-addon-api
5132 silly CHANGE node_modules/openclaw/node_modules/node-edge-tts
5133 silly CHANGE node_modules/openclaw/node_modules/node-edge-tts/node_modules/yargs
5134 silly CHANGE node_modules/openclaw/node_modules/node-edge-tts/node_modules/yargs-parser
5135 silly CHANGE node_modules/openclaw/node_modules/node-edge-tts/node_modules/ansi-regex
5136 silly CHANGE node_modules/openclaw/node_modules/node-edge-tts/node_modules/strip-ansi
5137 silly CHANGE node_modules/openclaw/node_modules/node-edge-tts/node_modules/cliui
5138 silly CHANGE node_modules/openclaw/node_modules/netmask
5139 silly CHANGE node_modules/openclaw/node_modules/mkdirp
5140 silly CHANGE node_modules/openclaw/node_modules/node-api-headers
5141 silly CHANGE node_modules/openclaw/node_modules/mz
5142 silly CHANGE node_modules/openclaw/node_modules/ms
5143 silly CHANGE node_modules/openclaw/node_modules/minizlib
5144 silly CHANGE node_modules/openclaw/node_modules/negotiator
5145 silly CHANGE node_modules/openclaw/node_modules/mimic-function
5146 silly CHANGE node_modules/openclaw/node_modules/mime-types
5147 silly CHANGE node_modules/openclaw/node_modules/minimatch
5148 silly CHANGE node_modules/openclaw/node_modules/make-dir
5149 silly CHANGE node_modules/openclaw/node_modules/make-dir/node_modules/semver
5150 silly CHANGE node_modules/openclaw/node_modules/minipass
5151 silly CHANGE node_modules/openclaw/node_modules/merge-descriptors
5152 silly CHANGE node_modules/openclaw/node_modules/media-typer
5153 silly CHANGE node_modules/openclaw/node_modules/mime-db
5154 silly CHANGE node_modules/openclaw/node_modules/math-intrinsics
5155 silly CHANGE node_modules/openclaw/node_modules/markdown-it
5156 silly CHANGE node_modules/openclaw/node_modules/mdurl
5157 silly CHANGE node_modules/openclaw/node_modules/marked
5158 silly CHANGE node_modules/openclaw/node_modules/long
5159 silly CHANGE node_modules/openclaw/node_modules/is-interactive
5160 silly CHANGE node_modules/openclaw/node_modules/lru-cache
5161 silly CHANGE node_modules/openclaw/node_modules/log-symbols
5162 silly CHANGE node_modules/openclaw/node_modules/koffi
5163 silly CHANGE node_modules/openclaw/node_modules/lie
5164 silly CHANGE node_modules/openclaw/node_modules/lifecycle-utils
5165 silly CHANGE node_modules/openclaw/node_modules/lodash.merge
5166 silly CHANGE node_modules/openclaw/node_modules/lodash.pickby
5167 silly CHANGE node_modules/openclaw/node_modules/lodash.once
5168 silly CHANGE node_modules/openclaw/node_modules/lodash.isplainobject
5169 silly CHANGE node_modules/openclaw/node_modules/lodash.isstring
5170 silly CHANGE node_modules/openclaw/node_modules/lodash.isnumber
5171 silly CHANGE node_modules/openclaw/node_modules/lodash.debounce
5172 silly CHANGE node_modules/openclaw/node_modules/lodash.isinteger
5173 silly CHANGE node_modules/openclaw/node_modules/lodash.isboolean
5174 silly CHANGE node_modules/openclaw/node_modules/lodash.includes
5175 silly CHANGE node_modules/openclaw/node_modules/lodash.identity
5176 silly CHANGE node_modules/openclaw/node_modules/linkify-it
5177 silly CHANGE node_modules/openclaw/node_modules/linkedom
5178 silly CHANGE node_modules/openclaw/node_modules/libsignal
5179 silly CHANGE node_modules/openclaw/node_modules/libsignal/node_modules/@types/node
5180 silly CHANGE node_modules/openclaw/node_modules/libsignal/node_modules/long
5181 silly CHANGE node_modules/openclaw/node_modules/libsignal/node_modules/protobufjs
5182 silly CHANGE node_modules/openclaw/node_modules/json-with-bigint
5183 silly CHANGE node_modules/openclaw/node_modules/jszip
5184 silly CHANGE node_modules/openclaw/node_modules/keyv
5185 silly CHANGE node_modules/openclaw/node_modules/jws
5186 silly CHANGE node_modules/openclaw/node_modules/jwa
5187 silly CHANGE node_modules/openclaw/node_modules/isexe
5188 silly CHANGE node_modules/openclaw/node_modules/jsonwebtoken
5189 silly CHANGE node_modules/openclaw/node_modules/jsonfile
5190 silly CHANGE node_modules/openclaw/node_modules/json-schema-traverse
5191 silly CHANGE node_modules/openclaw/node_modules/json5
5192 silly CHANGE node_modules/openclaw/node_modules/is-fullwidth-code-point
5193 silly CHANGE node_modules/openclaw/node_modules/ipull
5194 silly CHANGE node_modules/openclaw/node_modules/ipull/node_modules/pretty-ms
5195 silly CHANGE node_modules/openclaw/node_modules/ipull/node_modules/lifecycle-utils
5196 silly CHANGE node_modules/openclaw/node_modules/ipull/node_modules/commander
5197 silly CHANGE node_modules/openclaw/node_modules/ipull/node_modules/slice-ansi
5198 silly CHANGE node_modules/openclaw/node_modules/ipull/node_modules/parse-ms
5199 silly CHANGE node_modules/openclaw/node_modules/json-bigint
5200 silly CHANGE node_modules/openclaw/node_modules/json-schema-to-ts
5201 silly CHANGE node_modules/openclaw/node_modules/jiti
5202 silly CHANGE node_modules/openclaw/node_modules/jackspeak
5203 silly CHANGE node_modules/openclaw/node_modules/isarray
5204 silly CHANGE node_modules/openclaw/node_modules/is-unicode-supported
5205 silly CHANGE node_modules/openclaw/node_modules/ipaddr.js
5206 silly CHANGE node_modules/openclaw/node_modules/is-stream
5207 silly CHANGE node_modules/openclaw/node_modules/is-promise
5208 silly CHANGE node_modules/openclaw/node_modules/hono
5209 silly CHANGE node_modules/openclaw/node_modules/ip-address
5210 silly CHANGE node_modules/openclaw/node_modules/is-electron
5211 silly CHANGE node_modules/openclaw/node_modules/inflight
5212 silly CHANGE node_modules/openclaw/node_modules/immediate
5213 silly CHANGE node_modules/openclaw/node_modules/ini
5214 silly CHANGE node_modules/openclaw/node_modules/iconv-lite
5215 silly CHANGE node_modules/openclaw/node_modules/ignore
5216 silly CHANGE node_modules/openclaw/node_modules/http-proxy-agent
5217 silly CHANGE node_modules/openclaw/node_modules/inherits
5218 silly CHANGE node_modules/openclaw/node_modules/ieee754
5219 silly CHANGE node_modules/openclaw/node_modules/https-proxy-agent
5220 silly CHANGE node_modules/openclaw/node_modules/filename-reserved-regex
5221 silly CHANGE node_modules/openclaw/node_modules/htmlparser2
5222 silly CHANGE node_modules/openclaw/node_modules/htmlparser2/node_modules/entities
5223 silly CHANGE node_modules/openclaw/node_modules/http-errors
5224 silly CHANGE node_modules/openclaw/node_modules/has-unicode
5225 silly CHANGE node_modules/openclaw/node_modules/html-escaper
5226 silly CHANGE node_modules/openclaw/node_modules/grammy
5227 silly CHANGE node_modules/openclaw/node_modules/hosted-git-info
5228 silly CHANGE node_modules/openclaw/node_modules/highlight.js
5229 silly CHANGE node_modules/openclaw/node_modules/hashery
5230 silly CHANGE node_modules/openclaw/node_modules/hookified
5231 silly CHANGE node_modules/openclaw/node_modules/hasown
5232 silly CHANGE node_modules/openclaw/node_modules/has-symbols
5233 silly CHANGE node_modules/openclaw/node_modules/gopd
5234 silly CHANGE node_modules/openclaw/node_modules/domhandler
5235 silly CHANGE node_modules/openclaw/node_modules/has-tostringtag
5236 silly CHANGE node_modules/openclaw/node_modules/has-flag
5237 silly CHANGE node_modules/openclaw/node_modules/glob
5238 silly CHANGE node_modules/openclaw/node_modules/graceful-fs
5239 silly CHANGE node_modules/openclaw/node_modules/get-uri
5240 silly CHANGE node_modules/openclaw/node_modules/google-logging-utils
5241 silly CHANGE node_modules/openclaw/node_modules/google-auth-library
5242 silly CHANGE node_modules/openclaw/node_modules/get-intrinsic
5243 silly CHANGE node_modules/openclaw/node_modules/get-stream
5244 silly CHANGE node_modules/openclaw/node_modules/get-proto
5245 silly CHANGE node_modules/openclaw/node_modules/get-east-asian-width
5246 silly CHANGE node_modules/openclaw/node_modules/fs-extra
5247 silly CHANGE node_modules/openclaw/node_modules/get-caller-file
5248 silly CHANGE node_modules/openclaw/node_modules/form-data
5249 silly CHANGE node_modules/openclaw/node_modules/form-data/node_modules/mime-db
5250 silly CHANGE node_modules/openclaw/node_modules/form-data/node_modules/mime-types
5251 silly CHANGE node_modules/openclaw/node_modules/gcp-metadata
5252 silly CHANGE node_modules/openclaw/node_modules/gaxios
5253 silly CHANGE node_modules/openclaw/node_modules/gaxios/node_modules/glob
5254 silly CHANGE node_modules/openclaw/node_modules/gaxios/node_modules/node-fetch
5255 silly CHANGE node_modules/openclaw/node_modules/gaxios/node_modules/rimraf
5256 silly CHANGE node_modules/openclaw/node_modules/gaxios/node_modules/minimatch
5257 silly CHANGE node_modules/openclaw/node_modules/gaxios/node_modules/lru-cache
5258 silly CHANGE node_modules/openclaw/node_modules/gaxios/node_modules/path-scurry
5259 silly CHANGE node_modules/openclaw/node_modules/gaxios/node_modules/balanced-match
5260 silly CHANGE node_modules/openclaw/node_modules/gaxios/node_modules/data-uri-to-buffer
5261 silly CHANGE node_modules/openclaw/node_modules/gaxios/node_modules/brace-expansion
5262 silly CHANGE node_modules/openclaw/node_modules/fs.realpath
5263 silly CHANGE node_modules/openclaw/node_modules/function-bind
5264 silly CHANGE node_modules/openclaw/node_modules/gauge
5265 silly CHANGE node_modules/openclaw/node_modules/gauge/node_modules/strip-ansi
5266 silly CHANGE node_modules/openclaw/node_modules/gauge/node_modules/ansi-regex
5267 silly CHANGE node_modules/openclaw/node_modules/fs-minipass
5268 silly CHANGE node_modules/openclaw/node_modules/fs-minipass/node_modules/minipass
5269 silly CHANGE node_modules/openclaw/node_modules/fs-minipass/node_modules/yallist
5270 silly CHANGE node_modules/openclaw/node_modules/formdata-polyfill
5271 silly CHANGE node_modules/openclaw/node_modules/filenamify
5272 silly CHANGE node_modules/openclaw/node_modules/fresh
5273 silly CHANGE node_modules/openclaw/node_modules/foreground-child
5274 silly CHANGE node_modules/openclaw/node_modules/foreground-child/node_modules/signal-exit
5275 silly CHANGE node_modules/openclaw/node_modules/follow-redirects
5276 silly CHANGE node_modules/openclaw/node_modules/forwarded
5277 silly CHANGE node_modules/openclaw/node_modules/fetch-blob
5278 silly CHANGE node_modules/openclaw/node_modules/finalhandler
5279 silly CHANGE node_modules/openclaw/node_modules/fast-xml-parser
5280 silly CHANGE node_modules/openclaw/node_modules/fast-content-type-parse
5281 silly CHANGE node_modules/openclaw/node_modules/file-type
5282 silly CHANGE node_modules/openclaw/node_modules/fast-uri
5283 silly CHANGE node_modules/openclaw/node_modules/fd-slicer
5284 silly CHANGE node_modules/openclaw/node_modules/estraverse
5285 silly CHANGE node_modules/openclaw/node_modules/fast-deep-equal
5286 silly CHANGE node_modules/openclaw/node_modules/extract-zip
5287 silly CHANGE node_modules/openclaw/node_modules/escalade
5288 silly CHANGE node_modules/openclaw/node_modules/express
5289 silly CHANGE node_modules/openclaw/node_modules/eventemitter3
5290 silly CHANGE node_modules/openclaw/node_modules/esutils
5291 silly CHANGE node_modules/openclaw/node_modules/extend
5292 silly CHANGE node_modules/openclaw/node_modules/emoji-regex
5293 silly CHANGE node_modules/openclaw/node_modules/escodegen
5294 silly CHANGE node_modules/openclaw/node_modules/event-target-shim
5295 silly CHANGE node_modules/openclaw/node_modules/etag
5296 silly CHANGE node_modules/openclaw/node_modules/es-define-property
5297 silly CHANGE node_modules/openclaw/node_modules/es-set-tostringtag
5298 silly CHANGE node_modules/openclaw/node_modules/es-errors
5299 silly CHANGE node_modules/openclaw/node_modules/esprima
5300 silly CHANGE node_modules/openclaw/node_modules/escape-html
5301 silly CHANGE node_modules/openclaw/node_modules/delayed-stream
5302 silly CHANGE node_modules/openclaw/node_modules/env-var
5303 silly CHANGE node_modules/openclaw/node_modules/entities
5304 silly CHANGE node_modules/openclaw/node_modules/end-of-stream
5305 silly CHANGE node_modules/openclaw/node_modules/es-object-atoms
5306 silly CHANGE node_modules/openclaw/node_modules/ee-first
5307 silly CHANGE node_modules/openclaw/node_modules/ecdsa-sig-formatter
5308 silly CHANGE node_modules/openclaw/node_modules/eastasianwidth
5309 silly CHANGE node_modules/openclaw/node_modules/encodeurl
5310 silly CHANGE node_modules/openclaw/node_modules/dunder-proto
5311 silly CHANGE node_modules/openclaw/node_modules/debug
5312 silly CHANGE node_modules/openclaw/node_modules/cross-spawn
5313 silly CHANGE node_modules/openclaw/node_modules/cross-spawn/node_modules/which
5314 silly CHANGE node_modules/openclaw/node_modules/cross-spawn/node_modules/isexe
5315 silly CHANGE node_modules/openclaw/node_modules/domutils
5316 silly CHANGE node_modules/openclaw/node_modules/cssom
5317 silly CHANGE node_modules/openclaw/node_modules/dotenv
5318 silly CHANGE node_modules/openclaw/node_modules/dom-serializer
5319 silly CHANGE node_modules/openclaw/node_modules/domelementtype
5320 silly CHANGE node_modules/openclaw/node_modules/delegates
5321 silly CHANGE node_modules/openclaw/node_modules/depd
5322 silly CHANGE node_modules/openclaw/node_modules/discord-api-types
5323 silly CHANGE node_modules/openclaw/node_modules/diff
5324 silly CHANGE node_modules/openclaw/node_modules/detect-libc
5325 silly CHANGE node_modules/openclaw/node_modules/degenerator
5326 silly CHANGE node_modules/openclaw/node_modules/deep-extend
5327 silly CHANGE node_modules/openclaw/node_modules/core-util-is
5328 silly CHANGE node_modules/openclaw/node_modules/curve25519-js
5329 silly CHANGE node_modules/openclaw/node_modules/chokidar
5330 silly CHANGE node_modules/openclaw/node_modules/color-support
5331 silly CHANGE node_modules/openclaw/node_modules/css-what
5332 silly CHANGE node_modules/openclaw/node_modules/css-select
5333 silly CHANGE node_modules/openclaw/node_modules/data-uri-to-buffer
5334 silly CHANGE node_modules/openclaw/node_modules/cookie
5335 silly CHANGE node_modules/openclaw/node_modules/croner
5336 silly CHANGE node_modules/openclaw/node_modules/cookie-signature
5337 silly CHANGE node_modules/openclaw/node_modules/console-control-strings
5338 silly CHANGE node_modules/openclaw/node_modules/content-type
5339 silly CHANGE node_modules/openclaw/node_modules/content-disposition
5340 silly CHANGE node_modules/openclaw/node_modules/commander
5341 silly CHANGE node_modules/openclaw/node_modules/concat-map
5342 silly CHANGE node_modules/openclaw/node_modules/color-name
5343 silly CHANGE node_modules/openclaw/node_modules/chownr
5344 silly CHANGE node_modules/openclaw/node_modules/cmake-js
5345 silly CHANGE node_modules/openclaw/node_modules/cmake-js/node_modules/yargs
5346 silly CHANGE node_modules/openclaw/node_modules/cmake-js/node_modules/cliui
5347 silly CHANGE node_modules/openclaw/node_modules/cmake-js/node_modules/yargs-parser
5348 silly CHANGE node_modules/openclaw/node_modules/cmake-js/node_modules/strip-ansi
5349 silly CHANGE node_modules/openclaw/node_modules/cmake-js/node_modules/ansi-regex
5350 silly CHANGE node_modules/openclaw/node_modules/ci-info
5351 silly CHANGE node_modules/openclaw/node_modules/combined-stream
5352 silly CHANGE node_modules/openclaw/node_modules/color-convert
5353 silly CHANGE node_modules/openclaw/node_modules/cliui
5354 silly CHANGE node_modules/openclaw/node_modules/cliui/node_modules/strip-ansi
5355 silly CHANGE node_modules/openclaw/node_modules/cliui/node_modules/ansi-regex
5356 silly CHANGE node_modules/openclaw/node_modules/cli-cursor
5357 silly CHANGE node_modules/openclaw/node_modules/chmodrp
5358 silly CHANGE node_modules/openclaw/node_modules/cli-highlight
5359 silly CHANGE node_modules/openclaw/node_modules/cli-highlight/node_modules/chalk
5360 silly CHANGE node_modules/openclaw/node_modules/cli-highlight/node_modules/ansi-styles
5361 silly CHANGE node_modules/openclaw/node_modules/cli-spinners
5362 silly CHANGE node_modules/openclaw/node_modules/before-after-hook
5363 silly CHANGE node_modules/openclaw/node_modules/chalk
5364 silly CHANGE node_modules/openclaw/node_modules/call-bound
5365 silly CHANGE node_modules/openclaw/node_modules/call-bind-apply-helpers
5366 silly CHANGE node_modules/openclaw/node_modules/brace-expansion
5367 silly CHANGE node_modules/openclaw/node_modules/cacheable
5368 silly CHANGE node_modules/openclaw/node_modules/bowser
5369 silly CHANGE node_modules/openclaw/node_modules/bytes
5370 silly CHANGE node_modules/openclaw/node_modules/bun-types
5371 silly CHANGE node_modules/openclaw/node_modules/buffer-equal-constant-time
5372 silly CHANGE node_modules/openclaw/node_modules/buffer-from
5373 silly CHANGE node_modules/openclaw/node_modules/buffer-crc32
5374 silly CHANGE node_modules/openclaw/node_modules/atomic-sleep
5375 silly CHANGE node_modules/openclaw/node_modules/bottleneck
5376 silly CHANGE node_modules/openclaw/node_modules/boolbase
5377 silly CHANGE node_modules/openclaw/node_modules/any-promise
5378 silly CHANGE node_modules/openclaw/node_modules/body-parser
5379 silly CHANGE node_modules/openclaw/node_modules/bignumber.js
5380 silly CHANGE node_modules/openclaw/node_modules/balanced-match
5381 silly CHANGE node_modules/openclaw/node_modules/basic-ftp
5382 silly CHANGE node_modules/openclaw/node_modules/base64-js
5383 silly CHANGE node_modules/openclaw/node_modules/axios
5384 silly CHANGE node_modules/openclaw/node_modules/asynckit
5385 silly CHANGE node_modules/openclaw/node_modules/are-we-there-yet
5386 silly CHANGE node_modules/openclaw/node_modules/are-we-there-yet/node_modules/readable-stream
5387 silly CHANGE node_modules/openclaw/node_modules/async-retry
5388 silly CHANGE node_modules/openclaw/node_modules/async-mutex
5389 silly CHANGE node_modules/openclaw/node_modules/argparse
5390 silly CHANGE node_modules/openclaw/node_modules/ast-types
5391 silly CHANGE node_modules/openclaw/node_modules/ansi-escapes
5392 silly CHANGE node_modules/openclaw/node_modules/ajv-formats
5393 silly CHANGE node_modules/openclaw/node_modules/aproba
5394 silly CHANGE node_modules/openclaw/node_modules/ansi-styles
5395 silly CHANGE node_modules/openclaw/node_modules/agent-base
5396 silly CHANGE node_modules/openclaw/node_modules/ajv
5397 silly CHANGE node_modules/openclaw/node_modules/ansi-regex
5398 silly CHANGE node_modules/openclaw/node_modules/abbrev
5399 silly CHANGE node_modules/openclaw/node_modules/abort-controller
5400 silly CHANGE node_modules/openclaw/node_modules/accepts
5401 verbose cwd /Users/tomasdiez
5402 verbose os Darwin 25.2.0
5403 verbose node v25.7.0
5404 verbose npm  v11.10.1
5405 verbose exit 0
5406 info ok
