0 verbose cli /Users/tomasdiez/.nvm/versions/node/v25.7.0/bin/node /Users/tomasdiez/.nvm/versions/node/v25.7.0/bin/npm
1 info using npm@11.10.1
2 info using node@v25.7.0
3 silly config load:file:/Users/tomasdiez/.nvm/versions/node/v25.7.0/lib/node_modules/npm/npmrc
4 silly config load:file:/Users/tomasdiez/.npmrc
5 silly config load:file:/Users/tomasdiez/.nvm/versions/node/v25.7.0/etc/npmrc
6 verbose title npm install openclaw@latest
7 verbose argv "install" "--global" "openclaw@latest" "--unsafe-perm" "true"
8 verbose logfile logs-max:10 dir:/Users/tomasdiez/Web/fablabs.io/.npm-local-cache/_logs/2026-03-03T04_45_03_622Z-
9 verbose logfile /Users/tomasdiez/Web/fablabs.io/.npm-local-cache/_logs/2026-03-03T04_45_03_622Z-debug-0.log
10 warn Unknown cli config "--unsafe-perm". This will stop working in the next major version of npm.
11 silly packumentCache heap:4496293888 maxSize:1124073472 maxEntrySize:562036736
12 silly logfile start cleaning logs, removing 1 files
13 silly logfile done cleaning log files
14 silly packumentCache corgi:https://registry.npmjs.org/openclaw cache-miss
15 http cache https://registry.npmjs.org/openclaw 12ms (cache hit)
16 silly packumentCache corgi:https://registry.npmjs.org/openclaw set size:115823 disposed:false
17 silly idealTree buildDeps
18 silly fetch manifest openclaw@2026.3.2
19 silly packumentCache full:https://registry.npmjs.org/openclaw cache-miss
20 http cache https://registry.npmjs.org/openclaw 4ms (cache hit)
21 silly packumentCache full:https://registry.npmjs.org/openclaw set size:534004 disposed:false
22 silly placeDep ROOT openclaw@2026.3.2 OK for:  want: 2026.3.2
23 silly fetch manifest @napi-rs/canvas@^0.1.89
24 silly packumentCache full:https://registry.npmjs.org/@napi-rs%2fcanvas cache-miss
25 silly fetch manifest node-llama-cpp@3.16.2
26 silly packumentCache full:https://registry.npmjs.org/node-llama-cpp cache-miss
27 silly fetch manifest @agentclientprotocol/sdk@0.14.1
28 silly packumentCache full:https://registry.npmjs.org/@agentclientprotocol%2fsdk cache-miss
29 silly fetch manifest @aws-sdk/client-bedrock@^3.1000.0
30 silly packumentCache full:https://registry.npmjs.org/@aws-sdk%2fclient-bedrock cache-miss
31 silly fetch manifest @buape/carbon@0.0.0-beta-20260216184201
32 silly packumentCache full:https://registry.npmjs.org/@buape%2fcarbon cache-miss
33 silly fetch manifest @clack/prompts@^1.0.1
34 silly packumentCache full:https://registry.npmjs.org/@clack%2fprompts cache-miss
35 silly fetch manifest @discordjs/voice@^0.19.0
36 silly packumentCache full:https://registry.npmjs.org/@discordjs%2fvoice cache-miss
37 silly fetch manifest @grammyjs/runner@^2.0.3
38 silly packumentCache full:https://registry.npmjs.org/@grammyjs%2frunner cache-miss
39 silly fetch manifest @grammyjs/transformer-throttler@^1.2.1
40 silly packumentCache full:https://registry.npmjs.org/@grammyjs%2ftransformer-throttler cache-miss
41 http cache https://registry.npmjs.org/@napi-rs%2fcanvas 8ms (cache hit)
42 silly packumentCache full:https://registry.npmjs.org/@napi-rs%2fcanvas set size:541259 disposed:false
43 silly fetch manifest @homebridge/ciao@^1.3.5
44 silly packumentCache full:https://registry.npmjs.org/@homebridge%2fciao cache-miss
45 http cache https://registry.npmjs.org/@clack%2fprompts 10ms (cache hit)
46 silly packumentCache full:https://registry.npmjs.org/@clack%2fprompts set size:149957 disposed:false
47 silly fetch manifest @larksuiteoapi/node-sdk@^1.59.0
48 silly packumentCache full:https://registry.npmjs.org/@larksuiteoapi%2fnode-sdk cache-miss
49 http cache https://registry.npmjs.org/@agentclientprotocol%2fsdk 12ms (cache hit)
50 silly packumentCache full:https://registry.npmjs.org/@agentclientprotocol%2fsdk set size:63529 disposed:false
51 silly fetch manifest @line/bot-sdk@^10.6.0
52 silly packumentCache full:https://registry.npmjs.org/@line%2fbot-sdk cache-miss
53 http cache https://registry.npmjs.org/@aws-sdk%2fclient-bedrock 13ms (cache hit)
54 silly packumentCache full:https://registry.npmjs.org/@aws-sdk%2fclient-bedrock set size:1337045 disposed:false
55 silly fetch manifest @lydell/node-pty@1.2.0-beta.3
56 silly packumentCache full:https://registry.npmjs.org/@lydell%2fnode-pty cache-miss
57 http cache https://registry.npmjs.org/@grammyjs%2frunner 18ms (cache hit)
58 silly packumentCache full:https://registry.npmjs.org/@grammyjs%2frunner set size:47308 disposed:false
59 silly fetch manifest @mariozechner/pi-agent-core@0.55.3
60 silly packumentCache full:https://registry.npmjs.org/@mariozechner%2fpi-agent-core cache-miss
61 http cache https://registry.npmjs.org/node-llama-cpp 21ms (cache hit)
62 silly packumentCache full:https://registry.npmjs.org/node-llama-cpp set size:776731 disposed:false
63 silly fetch manifest @mariozechner/pi-ai@0.55.3
64 silly packumentCache full:https://registry.npmjs.org/@mariozechner%2fpi-ai cache-miss
65 http cache https://registry.npmjs.org/@buape%2fcarbon 24ms (cache hit)
66 silly packumentCache full:https://registry.npmjs.org/@buape%2fcarbon set size:456959 disposed:false
67 silly fetch manifest @mariozechner/pi-coding-agent@0.55.3
68 silly packumentCache full:https://registry.npmjs.org/@mariozechner%2fpi-coding-agent cache-miss
69 http cache https://registry.npmjs.org/@grammyjs%2ftransformer-throttler 26ms (cache hit)
70 silly packumentCache full:https://registry.npmjs.org/@grammyjs%2ftransformer-throttler set size:30520 disposed:false
71 silly fetch manifest @mariozechner/pi-tui@0.55.3
72 silly packumentCache full:https://registry.npmjs.org/@mariozechner%2fpi-tui cache-miss
73 http cache https://registry.npmjs.org/@discordjs%2fvoice 33ms (cache hit)
74 silly packumentCache full:https://registry.npmjs.org/@discordjs%2fvoice set size:5943077 disposed:false
75 silly fetch manifest @mozilla/readability@^0.6.0
76 silly packumentCache full:https://registry.npmjs.org/@mozilla%2freadability cache-miss
77 http cache https://registry.npmjs.org/@lydell%2fnode-pty 37ms (cache hit)
78 silly packumentCache full:https://registry.npmjs.org/@lydell%2fnode-pty set size:27944 disposed:false
79 silly fetch manifest @sinclair/typebox@0.34.48
80 silly packumentCache full:https://registry.npmjs.org/@sinclair%2ftypebox cache-miss
81 http cache https://registry.npmjs.org/@larksuiteoapi%2fnode-sdk 45ms (cache hit)
82 silly packumentCache full:https://registry.npmjs.org/@larksuiteoapi%2fnode-sdk set size:318213 disposed:false
83 silly fetch manifest @slack/bolt@^4.6.0
84 silly packumentCache full:https://registry.npmjs.org/@slack%2fbolt cache-miss
85 http cache https://registry.npmjs.org/@line%2fbot-sdk 47ms (cache hit)
86 silly packumentCache full:https://registry.npmjs.org/@line%2fbot-sdk set size:287164 disposed:false
87 silly fetch manifest @slack/web-api@^7.14.1
88 silly packumentCache full:https://registry.npmjs.org/@slack%2fweb-api cache-miss
89 http cache https://registry.npmjs.org/@homebridge%2fciao 51ms (cache hit)
90 silly packumentCache full:https://registry.npmjs.org/@homebridge%2fciao set size:572406 disposed:false
91 silly fetch manifest @snazzah/davey@^0.1.9
92 silly packumentCache full:https://registry.npmjs.org/@snazzah%2fdavey cache-miss
93 http cache https://registry.npmjs.org/@mariozechner%2fpi-ai 40ms (cache hit)
94 silly packumentCache full:https://registry.npmjs.org/@mariozechner%2fpi-ai set size:630570 disposed:false
95 silly fetch manifest @whiskeysockets/baileys@7.0.0-rc.9
96 silly packumentCache full:https://registry.npmjs.org/@whiskeysockets%2fbaileys cache-miss
97 http cache https://registry.npmjs.org/@mariozechner%2fpi-agent-core 52ms (cache hit)
98 silly packumentCache full:https://registry.npmjs.org/@mariozechner%2fpi-agent-core set size:378154 disposed:false
99 silly fetch manifest ajv@^8.18.0
100 silly packumentCache full:https://registry.npmjs.org/ajv cache-miss
101 http cache https://registry.npmjs.org/@mariozechner%2fpi-coding-agent 49ms (cache hit)
102 silly packumentCache full:https://registry.npmjs.org/@mariozechner%2fpi-coding-agent set size:675945 disposed:false
103 silly fetch manifest chalk@^5.6.2
104 silly packumentCache full:https://registry.npmjs.org/chalk cache-miss
105 http cache https://registry.npmjs.org/@mozilla%2freadability 29ms (cache hit)
106 silly packumentCache full:https://registry.npmjs.org/@mozilla%2freadability set size:33244 disposed:false
107 silly fetch manifest chokidar@^5.0.0
108 silly packumentCache full:https://registry.npmjs.org/chokidar cache-miss
109 http cache https://registry.npmjs.org/@mariozechner%2fpi-tui 55ms (cache hit)
110 silly packumentCache full:https://registry.npmjs.org/@mariozechner%2fpi-tui set size:562522 disposed:false
111 silly fetch manifest cli-highlight@^2.1.11
112 silly packumentCache full:https://registry.npmjs.org/cli-highlight cache-miss
113 http cache https://registry.npmjs.org/@snazzah%2fdavey 23ms (cache hit)
114 silly packumentCache full:https://registry.npmjs.org/@snazzah%2fdavey set size:48682 disposed:false
115 silly fetch manifest commander@^14.0.3
116 silly packumentCache full:https://registry.npmjs.org/commander cache-miss
117 http cache https://registry.npmjs.org/@sinclair%2ftypebox 32ms (cache hit)
118 silly packumentCache full:https://registry.npmjs.org/@sinclair%2ftypebox set size:1145528 disposed:false
119 silly fetch manifest croner@^10.0.1
120 silly packumentCache full:https://registry.npmjs.org/croner cache-miss
121 http cache https://registry.npmjs.org/@slack%2fbolt 34ms (cache hit)
122 silly packumentCache full:https://registry.npmjs.org/@slack%2fbolt set size:483873 disposed:false
123 silly fetch manifest discord-api-types@^0.38.40
124 silly packumentCache full:https://registry.npmjs.org/discord-api-types cache-miss
125 http cache https://registry.npmjs.org/ajv 22ms (cache hit)
126 silly packumentCache full:https://registry.npmjs.org/ajv set size:1120197 disposed:false
127 silly fetch manifest dotenv@^17.3.1
128 silly packumentCache full:https://registry.npmjs.org/dotenv cache-miss
129 http cache https://registry.npmjs.org/@slack%2fweb-api 40ms (cache hit)
130 silly packumentCache full:https://registry.npmjs.org/@slack%2fweb-api set size:388555 disposed:false
131 silly fetch manifest express@^5.2.1
132 silly packumentCache full:https://registry.npmjs.org/express cache-miss
133 http cache https://registry.npmjs.org/chalk 25ms (cache hit)
134 silly packumentCache full:https://registry.npmjs.org/chalk set size:117861 disposed:false
135 silly fetch manifest file-type@^21.3.0
136 silly packumentCache full:https://registry.npmjs.org/file-type cache-miss
137 http cache https://registry.npmjs.org/@whiskeysockets%2fbaileys 38ms (cache hit)
138 silly packumentCache full:https://registry.npmjs.org/@whiskeysockets%2fbaileys set size:202548 disposed:false
139 silly fetch manifest gaxios@7.1.3
140 silly packumentCache full:https://registry.npmjs.org/gaxios cache-miss
141 http cache https://registry.npmjs.org/cli-highlight 24ms (cache hit)
142 silly packumentCache full:https://registry.npmjs.org/cli-highlight set size:82544 disposed:false
143 silly fetch manifest google-auth-library@10.6.1
144 silly packumentCache full:https://registry.npmjs.org/google-auth-library cache-miss
145 http cache https://registry.npmjs.org/chokidar 27ms (cache hit)
146 silly packumentCache full:https://registry.npmjs.org/chokidar set size:255902 disposed:false
147 silly fetch manifest grammy@^1.41.0
148 silly packumentCache full:https://registry.npmjs.org/grammy cache-miss
149 http cache https://registry.npmjs.org/dotenv 13ms (cache hit)
150 silly packumentCache full:https://registry.npmjs.org/dotenv set size:270065 disposed:false
151 silly fetch manifest https-proxy-agent@^7.0.6
152 silly packumentCache full:https://registry.npmjs.org/https-proxy-agent cache-miss
153 http cache https://registry.npmjs.org/croner 25ms (cache hit)
154 silly packumentCache full:https://registry.npmjs.org/croner set size:726306 disposed:false
155 silly fetch manifest ipaddr.js@^2.3.0
156 silly packumentCache full:https://registry.npmjs.org/ipaddr.js cache-miss
157 http cache https://registry.npmjs.org/commander 32ms (cache hit)
158 silly packumentCache full:https://registry.npmjs.org/commander set size:306325 disposed:false
159 silly fetch manifest jiti@^2.6.1
160 silly packumentCache full:https://registry.npmjs.org/jiti cache-miss
161 http cache https://registry.npmjs.org/discord-api-types 35ms (cache hit)
162 silly packumentCache full:https://registry.npmjs.org/discord-api-types set size:7804551 disposed:false
163 silly fetch manifest json5@^2.2.3
164 silly packumentCache full:https://registry.npmjs.org/json5 cache-miss
165 http cache https://registry.npmjs.org/gaxios 46ms (cache hit)
166 silly packumentCache full:https://registry.npmjs.org/gaxios set size:345358 disposed:false
167 silly fetch manifest jszip@^3.10.1
168 silly packumentCache full:https://registry.npmjs.org/jszip cache-miss
169 http cache https://registry.npmjs.org/express 52ms (cache hit)
170 silly packumentCache full:https://registry.npmjs.org/express set size:801227 disposed:false
171 silly fetch manifest linkedom@^0.18.12
172 silly packumentCache full:https://registry.npmjs.org/linkedom cache-miss
173 http cache https://registry.npmjs.org/file-type 55ms (cache hit)
174 silly packumentCache full:https://registry.npmjs.org/file-type set size:536399 disposed:false
175 silly fetch manifest long@^5.3.2
176 silly packumentCache full:https://registry.npmjs.org/long cache-miss
177 http cache https://registry.npmjs.org/grammy 58ms (cache hit)
178 silly packumentCache full:https://registry.npmjs.org/grammy set size:411367 disposed:false
179 silly fetch manifest markdown-it@^14.1.1
180 silly packumentCache full:https://registry.npmjs.org/markdown-it cache-miss
181 http cache https://registry.npmjs.org/google-auth-library 64ms (cache hit)
182 silly packumentCache full:https://registry.npmjs.org/google-auth-library set size:720826 disposed:false
183 silly fetch manifest node-domexception@npm:@nolyfill/domexception@^1.0.28
184 silly packumentCache full:https://registry.npmjs.org/@nolyfill%2fdomexception cache-miss
185 http cache https://registry.npmjs.org/https-proxy-agent 62ms (cache hit)
186 silly packumentCache full:https://registry.npmjs.org/https-proxy-agent set size:76241 disposed:false
187 silly fetch manifest node-edge-tts@^1.2.10
188 silly packumentCache full:https://registry.npmjs.org/node-edge-tts cache-miss
189 http cache https://registry.npmjs.org/ipaddr.js 60ms (cache hit)
190 silly packumentCache full:https://registry.npmjs.org/ipaddr.js set size:67857 disposed:false
191 silly fetch manifest opusscript@^0.1.1
192 silly packumentCache full:https://registry.npmjs.org/opusscript cache-miss
193 http cache https://registry.npmjs.org/jiti 58ms (cache hit)
194 silly packumentCache full:https://registry.npmjs.org/jiti set size:382310 disposed:false
195 silly fetch manifest osc-progress@^0.3.0
196 silly packumentCache full:https://registry.npmjs.org/osc-progress cache-miss
197 http cache https://registry.npmjs.org/json5 33ms (cache hit)
198 silly packumentCache full:https://registry.npmjs.org/json5 set size:86136 disposed:false
199 silly fetch manifest pdfjs-dist@^5.5.207
200 silly packumentCache full:https://registry.npmjs.org/pdfjs-dist cache-miss
201 http cache https://registry.npmjs.org/jszip 31ms (cache hit)
202 silly packumentCache full:https://registry.npmjs.org/jszip set size:98327 disposed:false
203 silly fetch manifest playwright-core@1.58.2
204 silly packumentCache full:https://registry.npmjs.org/playwright-core cache-miss
205 http cache https://registry.npmjs.org/long 24ms (cache hit)
206 silly packumentCache full:https://registry.npmjs.org/long set size:80704 disposed:false
207 silly fetch manifest qrcode-terminal@^0.12.0
208 silly packumentCache full:https://registry.npmjs.org/qrcode-terminal cache-miss
209 http cache https://registry.npmjs.org/linkedom 29ms (cache hit)
210 silly packumentCache full:https://registry.npmjs.org/linkedom set size:1003891 disposed:false
211 silly fetch manifest sharp@^0.34.5
212 silly packumentCache full:https://registry.npmjs.org/sharp cache-miss
213 http cache https://registry.npmjs.org/markdown-it 21ms (cache hit)
214 silly packumentCache full:https://registry.npmjs.org/markdown-it set size:222261 disposed:false
215 silly fetch manifest sqlite-vec@0.1.7-alpha.2
216 silly packumentCache full:https://registry.npmjs.org/sqlite-vec cache-miss
217 http cache https://registry.npmjs.org/@nolyfill%2fdomexception 19ms (cache hit)
218 silly packumentCache full:https://registry.npmjs.org/@nolyfill%2fdomexception set size:2251 disposed:false
219 silly fetch manifest strip-ansi@^7.2.0
220 silly packumentCache full:https://registry.npmjs.org/strip-ansi cache-miss
221 http cache https://registry.npmjs.org/opusscript 20ms (cache hit)
222 silly packumentCache full:https://registry.npmjs.org/opusscript set size:17409 disposed:false
223 silly fetch manifest tar@7.5.9
224 silly packumentCache full:https://registry.npmjs.org/tar cache-miss
225 http cache https://registry.npmjs.org/node-edge-tts 22ms (cache hit)
226 silly packumentCache full:https://registry.npmjs.org/node-edge-tts set size:36689 disposed:false
227 silly fetch manifest tslog@^4.10.2
228 silly packumentCache full:https://registry.npmjs.org/tslog cache-miss
229 http cache https://registry.npmjs.org/osc-progress 18ms (cache hit)
230 silly packumentCache full:https://registry.npmjs.org/osc-progress set size:11308 disposed:false
231 silly fetch manifest undici@^7.22.0
232 silly packumentCache full:https://registry.npmjs.org/undici cache-miss
233 http cache https://registry.npmjs.org/qrcode-terminal 17ms (cache hit)
234 silly packumentCache full:https://registry.npmjs.org/qrcode-terminal set size:29799 disposed:false
235 silly fetch manifest ws@^8.19.0
236 silly packumentCache full:https://registry.npmjs.org/ws cache-miss
237 http cache https://registry.npmjs.org/sharp 16ms (cache hit)
238 silly packumentCache full:https://registry.npmjs.org/sharp set size:1034463 disposed:false
239 silly fetch manifest yaml@^2.8.2
240 silly packumentCache full:https://registry.npmjs.org/yaml cache-miss
241 http cache https://registry.npmjs.org/sqlite-vec 18ms (cache hit)
242 silly packumentCache full:https://registry.npmjs.org/sqlite-vec set size:114564 disposed:false
243 silly fetch manifest zod@^4.3.6
244 silly packumentCache full:https://registry.npmjs.org/zod cache-miss
245 http cache https://registry.npmjs.org/pdfjs-dist 31ms (cache hit)
246 silly packumentCache full:https://registry.npmjs.org/pdfjs-dist set size:2090403 disposed:false
247 silly fetch manifest @discordjs/opus@^0.10.0
248 silly packumentCache full:https://registry.npmjs.org/@discordjs%2fopus cache-miss
249 http cache https://registry.npmjs.org/strip-ansi 30ms (cache hit)
250 silly packumentCache full:https://registry.npmjs.org/strip-ansi set size:44998 disposed:false
251 http cache https://registry.npmjs.org/playwright-core 51ms (cache hit)
252 silly packumentCache full:https://registry.npmjs.org/playwright-core set size:17631033 disposed:false
253 http cache https://registry.npmjs.org/tar 103ms (cache hit)
254 silly packumentCache full:https://registry.npmjs.org/tar set size:501367 disposed:false
255 http cache https://registry.npmjs.org/tslog 104ms (cache hit)
256 silly packumentCache full:https://registry.npmjs.org/tslog set size:598246 disposed:false
257 http cache https://registry.npmjs.org/ws 104ms (cache hit)
258 silly packumentCache full:https://registry.npmjs.org/ws set size:413307 disposed:false
259 http cache https://registry.npmjs.org/undici 108ms (cache hit)
260 silly packumentCache full:https://registry.npmjs.org/undici set size:1271191 disposed:false
261 http cache https://registry.npmjs.org/yaml 105ms (cache hit)
262 silly packumentCache full:https://registry.npmjs.org/yaml set size:361552 disposed:false
263 http cache https://registry.npmjs.org/@discordjs%2fopus 96ms (cache hit)
264 silly packumentCache full:https://registry.npmjs.org/@discordjs%2fopus set size:48010 disposed:false
265 http cache https://registry.npmjs.org/zod 109ms (cache hit)
266 silly packumentCache full:https://registry.npmjs.org/zod set size:3489329 disposed:false
267 silly fetch manifest typescript@>=5.0.0
268 silly packumentCache full:https://registry.npmjs.org/typescript cache-miss
269 http cache https://registry.npmjs.org/typescript 18ms (cache hit)
270 silly packumentCache full:https://registry.npmjs.org/typescript set size:15306474 disposed:false
271 silly fetch manifest @types/express@^5.0.0
272 silly packumentCache full:https://registry.npmjs.org/@types%2fexpress cache-miss
273 http cache https://registry.npmjs.org/@types%2fexpress 5ms (cache hit)
274 silly packumentCache full:https://registry.npmjs.org/@types%2fexpress set size:111364 disposed:false
275 silly fetch manifest audio-decode@^2.1.3
276 silly packumentCache full:https://registry.npmjs.org/audio-decode cache-miss
277 http cache https://registry.npmjs.org/audio-decode 11ms (cache hit)
278 silly packumentCache full:https://registry.npmjs.org/audio-decode set size:68555 disposed:false
279 silly fetch manifest jimp@^1.6.0
280 silly packumentCache full:https://registry.npmjs.org/jimp cache-miss
281 http cache https://registry.npmjs.org/jimp 6ms (cache hit)
282 silly packumentCache full:https://registry.npmjs.org/jimp set size:1192935 disposed:false
283 silly fetch manifest link-preview-js@^3.0.0
284 silly packumentCache full:https://registry.npmjs.org/link-preview-js cache-miss
285 http cache https://registry.npmjs.org/link-preview-js 2ms (cache hit)
286 silly packumentCache full:https://registry.npmjs.org/link-preview-js set size:145310 disposed:false
287 silly fetch manifest canvas@>= 2
288 silly packumentCache full:https://registry.npmjs.org/canvas cache-miss
289 http cache https://registry.npmjs.org/canvas 3ms (cache hit)
290 silly packumentCache full:https://registry.npmjs.org/canvas set size:366497 disposed:false
291 silly fetch manifest bufferutil@^4.0.1
292 silly packumentCache full:https://registry.npmjs.org/bufferutil cache-miss
293 http cache https://registry.npmjs.org/bufferutil 3ms (cache hit)
294 silly packumentCache full:https://registry.npmjs.org/bufferutil set size:52763 disposed:false
295 silly fetch manifest utf-8-validate@>=5.0.2
296 silly packumentCache full:https://registry.npmjs.org/utf-8-validate cache-miss
297 http cache https://registry.npmjs.org/utf-8-validate 2ms (cache hit)
298 silly packumentCache full:https://registry.npmjs.org/utf-8-validate set size:77148 disposed:false
299 silly placeDep node_modules/openclaw @agentclientprotocol/sdk@0.14.1 OK for: openclaw@2026.3.2 want: 0.14.1
300 silly placeDep node_modules/openclaw zod@4.3.6 OK for: @agentclientprotocol/sdk@0.14.1 want: ^3.25.0 || ^4.0.0
301 silly placeDep node_modules/openclaw @aws-sdk/client-bedrock@3.1000.0 OK for: openclaw@2026.3.2 want: ^3.1000.0
302 silly placeDep node_modules/openclaw @buape/carbon@0.0.0-beta-20260216184201 OK for: openclaw@2026.3.2 want: 0.0.0-beta-20260216184201
303 silly placeDep node_modules/openclaw @clack/prompts@1.0.1 OK for: openclaw@2026.3.2 want: ^1.0.1
304 silly placeDep node_modules/openclaw @discordjs/opus@0.10.0 OK for: openclaw@2026.3.2 want: ^0.10.0
305 silly placeDep node_modules/openclaw @discordjs/voice@0.19.0 OK for: openclaw@2026.3.2 want: ^0.19.0
306 silly placeDep node_modules/openclaw @grammyjs/runner@2.0.3 OK for: openclaw@2026.3.2 want: ^2.0.3
307 silly placeDep node_modules/openclaw grammy@1.41.1 OK for: @grammyjs/runner@2.0.3 want: ^1.13.1
308 silly placeDep node_modules/openclaw @grammyjs/transformer-throttler@1.2.1 OK for: openclaw@2026.3.2 want: ^1.2.1
309 silly placeDep node_modules/openclaw @homebridge/ciao@1.3.5 OK for: openclaw@2026.3.2 want: ^1.3.5
310 silly placeDep node_modules/openclaw @larksuiteoapi/node-sdk@1.59.0 OK for: openclaw@2026.3.2 want: ^1.59.0
311 silly placeDep node_modules/openclaw @line/bot-sdk@10.6.0 OK for: openclaw@2026.3.2 want: ^10.6.0
312 silly placeDep node_modules/openclaw @lydell/node-pty@1.2.0-beta.3 OK for: openclaw@2026.3.2 want: 1.2.0-beta.3
313 silly placeDep node_modules/openclaw @mariozechner/pi-agent-core@0.55.3 OK for: openclaw@2026.3.2 want: 0.55.3
314 silly placeDep node_modules/openclaw @mariozechner/pi-ai@0.55.3 OK for: openclaw@2026.3.2 want: 0.55.3
315 silly placeDep node_modules/openclaw @mariozechner/pi-coding-agent@0.55.3 OK for: openclaw@2026.3.2 want: 0.55.3
316 silly placeDep node_modules/openclaw @mariozechner/pi-tui@0.55.3 OK for: openclaw@2026.3.2 want: 0.55.3
317 silly placeDep node_modules/openclaw @mozilla/readability@0.6.0 OK for: openclaw@2026.3.2 want: ^0.6.0
318 silly placeDep node_modules/openclaw @napi-rs/canvas@0.1.95 OK for: openclaw@2026.3.2 want: ^0.1.89
319 silly placeDep node_modules/openclaw @sinclair/typebox@0.34.48 OK for: openclaw@2026.3.2 want: 0.34.48
320 silly placeDep node_modules/openclaw @slack/bolt@4.6.0 OK for: openclaw@2026.3.2 want: ^4.6.0
321 silly placeDep node_modules/openclaw @types/express@5.0.6 OK for: @slack/bolt@4.6.0 want: ^5.0.0
322 silly placeDep node_modules/openclaw @slack/web-api@7.14.1 OK for: openclaw@2026.3.2 want: ^7.14.1
323 silly placeDep node_modules/openclaw @snazzah/davey@0.1.10 OK for: openclaw@2026.3.2 want: ^0.1.9
324 silly placeDep node_modules/openclaw @whiskeysockets/baileys@7.0.0-rc.9 OK for: openclaw@2026.3.2 want: 7.0.0-rc.9
325 silly placeDep node_modules/openclaw sharp@0.34.5 OK for: @whiskeysockets/baileys@7.0.0-rc.9 want: *
326 silly placeDep node_modules/openclaw ajv@8.18.0 OK for: openclaw@2026.3.2 want: ^8.18.0
327 silly placeDep node_modules/openclaw chalk@5.6.2 OK for: openclaw@2026.3.2 want: ^5.6.2
328 silly placeDep node_modules/openclaw chokidar@5.0.0 OK for: openclaw@2026.3.2 want: ^5.0.0
329 silly placeDep node_modules/openclaw cli-highlight@2.1.11 OK for: openclaw@2026.3.2 want: ^2.1.11
330 silly placeDep node_modules/openclaw commander@14.0.3 OK for: openclaw@2026.3.2 want: ^14.0.3
331 silly placeDep node_modules/openclaw croner@10.0.1 OK for: openclaw@2026.3.2 want: ^10.0.1
332 silly placeDep node_modules/openclaw discord-api-types@0.38.40 OK for: openclaw@2026.3.2 want: ^0.38.40
333 silly placeDep node_modules/openclaw dotenv@17.3.1 OK for: openclaw@2026.3.2 want: ^17.3.1
334 silly placeDep node_modules/openclaw express@5.2.1 OK for: openclaw@2026.3.2 want: ^5.2.1
335 silly placeDep node_modules/openclaw file-type@21.3.0 OK for: openclaw@2026.3.2 want: ^21.3.0
336 silly placeDep node_modules/openclaw gaxios@7.1.3 OK for: openclaw@2026.3.2 want: 7.1.3
337 silly placeDep node_modules/openclaw google-auth-library@10.6.1 OK for: openclaw@2026.3.2 want: 10.6.1
338 silly placeDep node_modules/openclaw https-proxy-agent@7.0.6 OK for: openclaw@2026.3.2 want: ^7.0.6
339 silly placeDep node_modules/openclaw ipaddr.js@2.3.0 OK for: openclaw@2026.3.2 want: ^2.3.0
340 silly placeDep node_modules/openclaw jiti@2.6.1 OK for: openclaw@2026.3.2 want: ^2.6.1
341 silly placeDep node_modules/openclaw json5@2.2.3 OK for: openclaw@2026.3.2 want: ^2.2.3
342 silly placeDep node_modules/openclaw jszip@3.10.1 OK for: openclaw@2026.3.2 want: ^3.10.1
343 silly placeDep node_modules/openclaw linkedom@0.18.12 OK for: openclaw@2026.3.2 want: ^0.18.12
344 silly placeDep node_modules/openclaw long@5.3.2 OK for: openclaw@2026.3.2 want: ^5.3.2
345 silly placeDep node_modules/openclaw markdown-it@14.1.1 OK for: openclaw@2026.3.2 want: ^14.1.1
346 silly placeDep node_modules/openclaw node-domexception@1.0.28 OK for: openclaw@2026.3.2 want: npm:@nolyfill/domexception@^1.0.28
347 silly placeDep node_modules/openclaw node-edge-tts@1.2.10 OK for: openclaw@2026.3.2 want: ^1.2.10
348 silly placeDep node_modules/openclaw node-llama-cpp@3.16.2 OK for: openclaw@2026.3.2 want: 3.16.2
349 silly placeDep node_modules/openclaw opusscript@0.1.1 OK for: openclaw@2026.3.2 want: ^0.1.1
350 silly placeDep node_modules/openclaw osc-progress@0.3.0 OK for: openclaw@2026.3.2 want: ^0.3.0
351 silly placeDep node_modules/openclaw pdfjs-dist@5.5.207 OK for: openclaw@2026.3.2 want: ^5.5.207
352 silly placeDep node_modules/openclaw playwright-core@1.58.2 OK for: openclaw@2026.3.2 want: 1.58.2
353 silly placeDep node_modules/openclaw qrcode-terminal@0.12.0 OK for: openclaw@2026.3.2 want: ^0.12.0
354 silly placeDep node_modules/openclaw sqlite-vec@0.1.7-alpha.2 OK for: openclaw@2026.3.2 want: 0.1.7-alpha.2
355 silly placeDep node_modules/openclaw strip-ansi@7.2.0 OK for: openclaw@2026.3.2 want: ^7.2.0
356 silly placeDep node_modules/openclaw tar@7.5.9 OK for: openclaw@2026.3.2 want: 7.5.9
357 silly placeDep node_modules/openclaw tslog@4.10.2 OK for: openclaw@2026.3.2 want: ^4.10.2
358 silly placeDep node_modules/openclaw undici@7.22.0 OK for: openclaw@2026.3.2 want: ^7.22.0
359 silly placeDep node_modules/openclaw ws@8.19.0 OK for: openclaw@2026.3.2 want: ^8.19.0
360 silly placeDep node_modules/openclaw yaml@2.8.2 OK for: openclaw@2026.3.2 want: ^2.8.2
361 silly fetch manifest @aws-crypto/sha256-browser@5.2.0
362 silly packumentCache full:https://registry.npmjs.org/@aws-crypto%2fsha256-browser cache-miss
363 silly fetch manifest @aws-crypto/sha256-js@5.2.0
364 silly packumentCache full:https://registry.npmjs.org/@aws-crypto%2fsha256-js cache-miss
365 silly fetch manifest @aws-sdk/core@^3.973.15
366 silly packumentCache full:https://registry.npmjs.org/@aws-sdk%2fcore cache-miss
367 silly fetch manifest @aws-sdk/credential-provider-node@^3.972.14
368 silly packumentCache full:https://registry.npmjs.org/@aws-sdk%2fcredential-provider-node cache-miss
369 silly fetch manifest @aws-sdk/middleware-host-header@^3.972.6
370 silly packumentCache full:https://registry.npmjs.org/@aws-sdk%2fmiddleware-host-header cache-miss
371 silly fetch manifest @aws-sdk/middleware-logger@^3.972.6
372 silly packumentCache full:https://registry.npmjs.org/@aws-sdk%2fmiddleware-logger cache-miss
373 silly fetch manifest @aws-sdk/middleware-recursion-detection@^3.972.6
374 silly packumentCache full:https://registry.npmjs.org/@aws-sdk%2fmiddleware-recursion-detection cache-miss
375 silly fetch manifest @aws-sdk/middleware-user-agent@^3.972.15
376 silly packumentCache full:https://registry.npmjs.org/@aws-sdk%2fmiddleware-user-agent cache-miss
377 silly fetch manifest @aws-sdk/region-config-resolver@^3.972.6
378 silly packumentCache full:https://registry.npmjs.org/@aws-sdk%2fregion-config-resolver cache-miss
379 http cache https://registry.npmjs.org/@aws-crypto%2fsha256-browser 8ms (cache hit)
380 silly packumentCache full:https://registry.npmjs.org/@aws-crypto%2fsha256-browser set size:64772 disposed:false
381 silly fetch manifest @aws-sdk/token-providers@3.1000.0
382 silly packumentCache full:https://registry.npmjs.org/@aws-sdk%2ftoken-providers cache-miss
383 http cache https://registry.npmjs.org/@aws-sdk%2fcore 10ms (cache hit)
384 silly packumentCache full:https://registry.npmjs.org/@aws-sdk%2fcore set size:715985 disposed:false
385 silly fetch manifest @aws-sdk/types@^3.973.4
386 silly packumentCache full:https://registry.npmjs.org/@aws-sdk%2ftypes cache-miss
387 http cache https://registry.npmjs.org/@aws-sdk%2fmiddleware-host-header 12ms (cache hit)
388 silly packumentCache full:https://registry.npmjs.org/@aws-sdk%2fmiddleware-host-header set size:653507 disposed:false
389 silly fetch manifest @aws-sdk/util-endpoints@^3.996.3
390 silly packumentCache full:https://registry.npmjs.org/@aws-sdk%2futil-endpoints cache-miss
391 http cache https://registry.npmjs.org/@aws-sdk%2fregion-config-resolver 14ms (cache hit)
392 silly packumentCache full:https://registry.npmjs.org/@aws-sdk%2fregion-config-resolver set size:245244 disposed:false
393 silly fetch manifest @aws-sdk/util-user-agent-browser@^3.972.6
394 silly packumentCache full:https://registry.npmjs.org/@aws-sdk%2futil-user-agent-browser cache-miss
395 http cache https://registry.npmjs.org/@aws-sdk%2fmiddleware-logger 15ms (cache hit)
396 silly packumentCache full:https://registry.npmjs.org/@aws-sdk%2fmiddleware-logger set size:578869 disposed:false
397 silly fetch manifest @aws-sdk/util-user-agent-node@^3.973.0
398 silly packumentCache full:https://registry.npmjs.org/@aws-sdk%2futil-user-agent-node cache-miss
399 http cache https://registry.npmjs.org/@aws-sdk%2fmiddleware-recursion-detection 18ms (cache hit)
400 silly packumentCache full:https://registry.npmjs.org/@aws-sdk%2fmiddleware-recursion-detection set size:451944 disposed:false
401 silly fetch manifest @smithy/config-resolver@^4.4.9
402 silly packumentCache full:https://registry.npmjs.org/@smithy%2fconfig-resolver cache-miss
403 http cache https://registry.npmjs.org/@aws-sdk%2fcredential-provider-node 20ms (cache hit)
404 silly packumentCache full:https://registry.npmjs.org/@aws-sdk%2fcredential-provider-node set size:1757064 disposed:false
405 silly fetch manifest @smithy/core@^3.23.6
406 silly packumentCache full:https://registry.npmjs.org/@smithy%2fcore cache-miss
407 http cache https://registry.npmjs.org/@aws-sdk%2fmiddleware-user-agent 26ms (cache hit)
408 silly packumentCache full:https://registry.npmjs.org/@aws-sdk%2fmiddleware-user-agent set size:982851 disposed:false
409 silly fetch manifest @smithy/fetch-http-handler@^5.3.11
410 silly packumentCache full:https://registry.npmjs.org/@smithy%2ffetch-http-handler cache-miss
411 http cache https://registry.npmjs.org/@aws-crypto%2fsha256-js 30ms (cache hit)
412 silly packumentCache full:https://registry.npmjs.org/@aws-crypto%2fsha256-js set size:54628 disposed:false
413 silly fetch manifest @smithy/hash-node@^4.2.10
414 silly packumentCache full:https://registry.npmjs.org/@smithy%2fhash-node cache-miss
415 http cache https://registry.npmjs.org/@aws-sdk%2futil-user-agent-node 18ms (cache hit)
416 silly packumentCache full:https://registry.npmjs.org/@aws-sdk%2futil-user-agent-node set size:1017292 disposed:false
417 silly fetch manifest @smithy/invalid-dependency@^4.2.10
418 silly packumentCache full:https://registry.npmjs.org/@smithy%2finvalid-dependency cache-miss
419 http cache https://registry.npmjs.org/@aws-sdk%2ftoken-providers 32ms (cache hit)
420 silly packumentCache full:https://registry.npmjs.org/@aws-sdk%2ftoken-providers set size:1046641 disposed:false
421 silly fetch manifest @smithy/middleware-content-length@^4.2.10
422 silly packumentCache full:https://registry.npmjs.org/@smithy%2fmiddleware-content-length cache-miss
423 http cache https://registry.npmjs.org/@aws-sdk%2futil-endpoints 30ms (cache hit)
424 silly packumentCache full:https://registry.npmjs.org/@aws-sdk%2futil-endpoints set size:540034 disposed:false
425 silly fetch manifest @smithy/middleware-endpoint@^4.4.20
426 silly packumentCache full:https://registry.npmjs.org/@smithy%2fmiddleware-endpoint cache-miss
427 http cache https://registry.npmjs.org/@smithy%2fhash-node 17ms (cache hit)
428 silly packumentCache full:https://registry.npmjs.org/@smithy%2fhash-node set size:189065 disposed:false
429 silly fetch manifest @smithy/middleware-retry@^4.4.37
430 silly packumentCache full:https://registry.npmjs.org/@smithy%2fmiddleware-retry cache-miss
431 http cache https://registry.npmjs.org/@aws-sdk%2futil-user-agent-browser 32ms (cache hit)
432 silly packumentCache full:https://registry.npmjs.org/@aws-sdk%2futil-user-agent-browser set size:659849 disposed:false
433 silly fetch manifest @smithy/middleware-serde@^4.2.11
434 silly packumentCache full:https://registry.npmjs.org/@smithy%2fmiddleware-serde cache-miss
435 http cache https://registry.npmjs.org/@smithy%2ffetch-http-handler 20ms (cache hit)
436 silly packumentCache full:https://registry.npmjs.org/@smithy%2ffetch-http-handler set size:248198 disposed:false
437 silly fetch manifest @smithy/middleware-stack@^4.2.10
438 silly packumentCache full:https://registry.npmjs.org/@smithy%2fmiddleware-stack cache-miss
439 http cache https://registry.npmjs.org/@smithy%2fcore 26ms (cache hit)
440 silly packumentCache full:https://registry.npmjs.org/@smithy%2fcore set size:517539 disposed:false
441 silly fetch manifest @smithy/node-config-provider@^4.3.10
442 silly packumentCache full:https://registry.npmjs.org/@smithy%2fnode-config-provider cache-miss
443 http cache https://registry.npmjs.org/@aws-sdk%2ftypes 42ms (cache hit)
444 silly packumentCache full:https://registry.npmjs.org/@aws-sdk%2ftypes set size:510086 disposed:false
445 silly fetch manifest @smithy/node-http-handler@^4.4.12
446 silly packumentCache full:https://registry.npmjs.org/@smithy%2fnode-http-handler cache-miss
447 http cache https://registry.npmjs.org/@smithy%2fconfig-resolver 36ms (cache hit)
448 silly packumentCache full:https://registry.npmjs.org/@smithy%2fconfig-resolver set size:239714 disposed:false
449 silly fetch manifest @smithy/protocol-http@^5.3.10
450 silly packumentCache full:https://registry.npmjs.org/@smithy%2fprotocol-http cache-miss
451 http cache https://registry.npmjs.org/@smithy%2fmiddleware-content-length 17ms (cache hit)
452 silly packumentCache full:https://registry.npmjs.org/@smithy%2fmiddleware-content-length set size:203483 disposed:false
453 silly fetch manifest @smithy/smithy-client@^4.12.0
454 silly packumentCache full:https://registry.npmjs.org/@smithy%2fsmithy-client cache-miss
455 http cache https://registry.npmjs.org/@smithy%2fmiddleware-retry 15ms (cache hit)
456 silly packumentCache full:https://registry.npmjs.org/@smithy%2fmiddleware-retry set size:589281 disposed:false
457 silly fetch manifest @smithy/types@^4.13.0
458 silly packumentCache full:https://registry.npmjs.org/@smithy%2ftypes cache-miss
459 http cache https://registry.npmjs.org/@smithy%2finvalid-dependency 25ms (cache hit)
460 silly packumentCache full:https://registry.npmjs.org/@smithy%2finvalid-dependency set size:179557 disposed:false
461 silly fetch manifest @smithy/url-parser@^4.2.10
462 silly packumentCache full:https://registry.npmjs.org/@smithy%2furl-parser cache-miss
463 http cache https://registry.npmjs.org/@smithy%2fmiddleware-stack 15ms (cache hit)
464 silly packumentCache full:https://registry.npmjs.org/@smithy%2fmiddleware-stack set size:154963 disposed:false
465 silly fetch manifest @smithy/util-base64@^4.3.1
466 silly packumentCache full:https://registry.npmjs.org/@smithy%2futil-base64 cache-miss
467 http cache https://registry.npmjs.org/@smithy%2fmiddleware-endpoint 21ms (cache hit)
468 silly packumentCache full:https://registry.npmjs.org/@smithy%2fmiddleware-endpoint set size:468932 disposed:false
469 silly fetch manifest @smithy/util-body-length-browser@^4.2.1
470 silly packumentCache full:https://registry.npmjs.org/@smithy%2futil-body-length-browser cache-miss
471 http cache https://registry.npmjs.org/@smithy%2fmiddleware-serde 19ms (cache hit)
472 silly packumentCache full:https://registry.npmjs.org/@smithy%2fmiddleware-serde set size:206091 disposed:false
473 silly fetch manifest @smithy/util-body-length-node@^4.2.2
474 silly packumentCache full:https://registry.npmjs.org/@smithy%2futil-body-length-node cache-miss
475 http cache https://registry.npmjs.org/@smithy%2fnode-config-provider 16ms (cache hit)
476 silly packumentCache full:https://registry.npmjs.org/@smithy%2fnode-config-provider set size:219260 disposed:false
477 silly fetch manifest @smithy/util-defaults-mode-browser@^4.3.36
478 silly packumentCache full:https://registry.npmjs.org/@smithy%2futil-defaults-mode-browser cache-miss
479 http cache https://registry.npmjs.org/@smithy%2fprotocol-http 15ms (cache hit)
480 silly packumentCache full:https://registry.npmjs.org/@smithy%2fprotocol-http set size:189298 disposed:false
481 silly fetch manifest @smithy/util-defaults-mode-node@^4.2.39
482 silly packumentCache full:https://registry.npmjs.org/@smithy%2futil-defaults-mode-node cache-miss
483 http cache https://registry.npmjs.org/@smithy%2fnode-http-handler 17ms (cache hit)
484 silly packumentCache full:https://registry.npmjs.org/@smithy%2fnode-http-handler set size:226695 disposed:false
485 silly fetch manifest @smithy/util-endpoints@^3.3.1
486 silly packumentCache full:https://registry.npmjs.org/@smithy%2futil-endpoints cache-miss
487 http cache https://registry.npmjs.org/@smithy%2furl-parser 16ms (cache hit)
488 silly packumentCache full:https://registry.npmjs.org/@smithy%2furl-parser set size:177713 disposed:false
489 silly fetch manifest @smithy/util-middleware@^4.2.10
490 silly packumentCache full:https://registry.npmjs.org/@smithy%2futil-middleware cache-miss
491 http cache https://registry.npmjs.org/@smithy%2fsmithy-client 22ms (cache hit)
492 silly packumentCache full:https://registry.npmjs.org/@smithy%2fsmithy-client set size:503603 disposed:false
493 silly fetch manifest @smithy/util-retry@^4.2.10
494 silly packumentCache full:https://registry.npmjs.org/@smithy%2futil-retry cache-miss
495 http cache https://registry.npmjs.org/@smithy%2futil-body-length-browser 17ms (cache hit)
496 silly packumentCache full:https://registry.npmjs.org/@smithy%2futil-body-length-browser set size:40888 disposed:false
497 silly fetch manifest @smithy/util-utf8@^4.2.1
498 silly packumentCache full:https://registry.npmjs.org/@smithy%2futil-utf8 cache-miss
499 http cache https://registry.npmjs.org/@smithy%2futil-base64 20ms (cache hit)
500 silly packumentCache full:https://registry.npmjs.org/@smithy%2futil-base64 set size:54150 disposed:false
501 silly fetch manifest tslib@^2.6.2
502 silly packumentCache full:https://registry.npmjs.org/tslib cache-miss
503 http cache https://registry.npmjs.org/@smithy%2ftypes 23ms (cache hit)
504 silly packumentCache full:https://registry.npmjs.org/@smithy%2ftypes set size:179487 disposed:false
505 silly fetch manifest @types/node@^25.0.9
506 silly packumentCache full:https://registry.npmjs.org/@types%2fnode cache-miss
507 http cache https://registry.npmjs.org/@smithy%2futil-body-length-node 19ms (cache hit)
508 silly packumentCache full:https://registry.npmjs.org/@smithy%2futil-body-length-node set size:46975 disposed:false
509 silly fetch manifest discord-api-types@0.38.37
510 silly packumentCache full:https://registry.npmjs.org/discord-api-types cache-miss
511 http cache https://registry.npmjs.org/@smithy%2futil-defaults-mode-browser 19ms (cache hit)
512 silly packumentCache full:https://registry.npmjs.org/@smithy%2futil-defaults-mode-browser set size:490888 disposed:false
513 silly fetch manifest ws@8.19.0
514 silly packumentCache full:https://registry.npmjs.org/ws cache-hit
515 silly fetch manifest @types/ws@8.18.1
516 silly packumentCache full:https://registry.npmjs.org/@types%2fws cache-miss
517 http cache https://registry.npmjs.org/@smithy%2futil-defaults-mode-node 20ms (cache hit)
518 silly packumentCache full:https://registry.npmjs.org/@smithy%2futil-defaults-mode-node set size:537007 disposed:false
519 silly fetch manifest @types/bun@1.3.9
520 silly packumentCache full:https://registry.npmjs.org/@types%2fbun cache-miss
521 http cache https://registry.npmjs.org/@smithy%2futil-endpoints 18ms (cache hit)
522 silly packumentCache full:https://registry.npmjs.org/@smithy%2futil-endpoints set size:157359 disposed:false
523 silly fetch manifest @discordjs/voice@0.19.0
524 silly packumentCache full:https://registry.npmjs.org/@discordjs%2fvoice cache-miss
525 http cache https://registry.npmjs.org/@smithy%2futil-middleware 15ms (cache hit)
526 silly packumentCache full:https://registry.npmjs.org/@smithy%2futil-middleware set size:147839 disposed:false
527 silly fetch manifest @hono/node-server@1.19.9
528 silly packumentCache full:https://registry.npmjs.org/@hono%2fnode-server cache-miss
529 http cache https://registry.npmjs.org/@smithy%2futil-retry 14ms (cache hit)
530 silly packumentCache full:https://registry.npmjs.org/@smithy%2futil-retry set size:168948 disposed:false
531 silly fetch manifest @cloudflare/workers-types@4.20260120.0
532 silly packumentCache full:https://registry.npmjs.org/@cloudflare%2fworkers-types cache-miss
533 http cache https://registry.npmjs.org/@smithy%2futil-utf8 13ms (cache hit)
534 silly packumentCache full:https://registry.npmjs.org/@smithy%2futil-utf8 set size:47745 disposed:false
535 silly fetch manifest picocolors@^1.0.0
536 silly packumentCache full:https://registry.npmjs.org/picocolors cache-miss
537 http cache https://registry.npmjs.org/tslib 13ms (cache hit)
538 silly packumentCache full:https://registry.npmjs.org/tslib set size:108760 disposed:false
539 silly fetch manifest sisteransi@^1.0.5
540 silly packumentCache full:https://registry.npmjs.org/sisteransi cache-miss
541 http cache https://registry.npmjs.org/@types%2fnode 21ms (cache hit)
542 silly packumentCache full:https://registry.npmjs.org/@types%2fnode set size:10900244 disposed:false
543 silly fetch manifest @clack/core@1.0.1
544 silly packumentCache full:https://registry.npmjs.org/@clack%2fcore cache-miss
545 http cache https://registry.npmjs.org/@types%2fws 74ms (cache hit)
546 silly packumentCache full:https://registry.npmjs.org/@types%2fws set size:167959 disposed:false
547 silly fetch manifest @discordjs/node-pre-gyp@^0.4.5
548 silly packumentCache full:https://registry.npmjs.org/@discordjs%2fnode-pre-gyp cache-miss
549 http cache https://registry.npmjs.org/discord-api-types 83ms (cache hit)
550 silly packumentCache full:https://registry.npmjs.org/discord-api-types set size:7804551 disposed:false
551 silly fetch manifest node-addon-api@^8.1.0
552 silly packumentCache full:https://registry.npmjs.org/node-addon-api cache-miss
553 http cache https://registry.npmjs.org/@discordjs%2fvoice 104ms (cache hit)
554 silly packumentCache full:https://registry.npmjs.org/@discordjs%2fvoice set size:5943077 disposed:false
555 silly fetch manifest ws@^8.18.3
556 silly packumentCache full:https://registry.npmjs.org/ws cache-hit
557 silly fetch manifest tslib@^2.8.1
558 silly packumentCache full:https://registry.npmjs.org/tslib cache-hit
559 silly fetch manifest @types/ws@^8.18.1
560 silly packumentCache full:https://registry.npmjs.org/@types%2fws cache-hit
561 silly fetch manifest prism-media@^1.3.5
562 silly packumentCache full:https://registry.npmjs.org/prism-media cache-miss
563 http cache https://registry.npmjs.org/@types%2fbun 124ms (cache hit)
564 silly packumentCache full:https://registry.npmjs.org/@types%2fbun set size:132726 disposed:false
565 silly fetch manifest discord-api-types@^0.38.16
566 silly packumentCache full:https://registry.npmjs.org/discord-api-types cache-miss
567 http cache https://registry.npmjs.org/@hono%2fnode-server 122ms (cache hit)
568 silly packumentCache full:https://registry.npmjs.org/@hono%2fnode-server set size:219559 disposed:false
569 silly fetch manifest abort-controller@^3.0.0
570 silly packumentCache full:https://registry.npmjs.org/abort-controller cache-miss
571 http cache https://registry.npmjs.org/@cloudflare%2fworkers-types 124ms (cache hit)
572 silly packumentCache full:https://registry.npmjs.org/@cloudflare%2fworkers-types set size:1392735 disposed:false
573 silly fetch manifest @grammyjs/types@3.25.0
574 silly packumentCache full:https://registry.npmjs.org/@grammyjs%2ftypes cache-miss
575 http cache https://registry.npmjs.org/picocolors 127ms (cache hit)
576 silly packumentCache full:https://registry.npmjs.org/picocolors set size:16648 disposed:false
577 silly fetch manifest abort-controller@^3.0.0
578 silly packumentCache full:https://registry.npmjs.org/abort-controller cache-miss
579 http cache https://registry.npmjs.org/sisteransi 126ms (cache hit)
580 silly packumentCache full:https://registry.npmjs.org/sisteransi set size:23215 disposed:false
581 silly fetch manifest debug@^4.4.3
582 silly packumentCache full:https://registry.npmjs.org/debug cache-miss
583 http cache https://registry.npmjs.org/@clack%2fcore 70ms (cache hit)
584 silly packumentCache full:https://registry.npmjs.org/@clack%2fcore set size:125778 disposed:false
585 silly fetch manifest node-fetch@^2.7.0
586 silly packumentCache full:https://registry.npmjs.org/node-fetch cache-miss
587 http cache https://registry.npmjs.org/@discordjs%2fnode-pre-gyp 63ms (cache hit)
588 silly packumentCache full:https://registry.npmjs.org/@discordjs%2fnode-pre-gyp set size:54983 disposed:false
589 silly fetch manifest bottleneck@^2.0.0
590 silly packumentCache full:https://registry.npmjs.org/bottleneck cache-miss
591 http cache https://registry.npmjs.org/prism-media 15ms (cache hit)
592 silly packumentCache full:https://registry.npmjs.org/prism-media set size:158576 disposed:false
593 silly fetch manifest debug@^4.4.3
594 silly packumentCache full:https://registry.npmjs.org/debug cache-miss
595 http cache https://registry.npmjs.org/node-addon-api 39ms (cache hit)
596 silly packumentCache full:https://registry.npmjs.org/node-addon-api set size:337599 disposed:false
597 silly fetch manifest fast-deep-equal@^3.1.3
598 silly packumentCache full:https://registry.npmjs.org/fast-deep-equal cache-miss
599 http cache https://registry.npmjs.org/discord-api-types 28ms (cache hit)
600 silly packumentCache full:https://registry.npmjs.org/discord-api-types set size:7804551 disposed:false
601 silly fetch manifest source-map-support@^0.5.21
602 silly packumentCache full:https://registry.npmjs.org/source-map-support cache-miss
603 http cache https://registry.npmjs.org/abort-controller 57ms (cache hit)
604 silly packumentCache full:https://registry.npmjs.org/abort-controller set size:47272 disposed:false
605 silly fetch manifest axios@~1.13.3
606 silly packumentCache full:https://registry.npmjs.org/axios cache-miss
607 http cache https://registry.npmjs.org/@grammyjs%2ftypes 53ms (cache hit)
608 silly packumentCache full:https://registry.npmjs.org/@grammyjs%2ftypes set size:192378 disposed:false
609 silly fetch manifest lodash.identity@^3.0.0
610 silly packumentCache full:https://registry.npmjs.org/lodash.identity cache-miss
611 http cache https://registry.npmjs.org/abort-controller 55ms (cache hit)
612 silly packumentCache full:https://registry.npmjs.org/abort-controller set size:47272 disposed:false
613 silly packumentCache full:https://registry.npmjs.org/abort-controller dispose
614 silly fetch manifest lodash.merge@^4.6.2
615 silly packumentCache full:https://registry.npmjs.org/lodash.merge cache-miss
616 http cache https://registry.npmjs.org/bottleneck 54ms (cache hit)
617 silly packumentCache full:https://registry.npmjs.org/bottleneck set size:218547 disposed:false
618 silly fetch manifest lodash.pickby@^4.6.0
619 silly packumentCache full:https://registry.npmjs.org/lodash.pickby cache-miss
620 http cache https://registry.npmjs.org/debug 57ms (cache hit)
621 silly packumentCache full:https://registry.npmjs.org/debug set size:195840 disposed:false
622 silly fetch manifest protobufjs@^7.2.6
623 silly packumentCache full:https://registry.npmjs.org/protobufjs cache-miss
624 http cache https://registry.npmjs.org/node-fetch 59ms (cache hit)
625 silly packumentCache full:https://registry.npmjs.org/node-fetch set size:896010 disposed:false
626 silly fetch manifest qs@^6.14.2
627 silly packumentCache full:https://registry.npmjs.org/qs cache-miss
628 http cache https://registry.npmjs.org/debug 61ms (cache hit)
629 silly packumentCache full:https://registry.npmjs.org/debug set size:195840 disposed:false
630 silly packumentCache full:https://registry.npmjs.org/debug dispose
631 silly fetch manifest @types/node@^24.0.0
632 silly packumentCache full:https://registry.npmjs.org/@types%2fnode cache-miss
633 http cache https://registry.npmjs.org/fast-deep-equal 60ms (cache hit)
634 silly packumentCache full:https://registry.npmjs.org/fast-deep-equal set size:48634 disposed:false
635 silly fetch manifest axios@^1.7.4
636 silly packumentCache full:https://registry.npmjs.org/axios cache-miss
637 http cache https://registry.npmjs.org/source-map-support 26ms (cache hit)
638 silly packumentCache full:https://registry.npmjs.org/source-map-support set size:125488 disposed:false
639 silly fetch manifest @lydell/node-pty-linux-x64@1.2.0-beta.3
640 silly packumentCache full:https://registry.npmjs.org/@lydell%2fnode-pty-linux-x64 cache-miss
641 http cache https://registry.npmjs.org/lodash.merge 16ms (cache hit)
642 silly packumentCache full:https://registry.npmjs.org/lodash.merge set size:78575 disposed:false
643 silly fetch manifest @lydell/node-pty-win32-x64@1.2.0-beta.3
644 silly packumentCache full:https://registry.npmjs.org/@lydell%2fnode-pty-win32-x64 cache-miss
645 http cache https://registry.npmjs.org/lodash.identity 17ms (cache hit)
646 silly packumentCache full:https://registry.npmjs.org/lodash.identity set size:16011 disposed:false
647 silly fetch manifest @lydell/node-pty-darwin-x64@1.2.0-beta.3
648 silly packumentCache full:https://registry.npmjs.org/@lydell%2fnode-pty-darwin-x64 cache-miss
649 http cache https://registry.npmjs.org/axios 20ms (cache hit)
650 silly packumentCache full:https://registry.npmjs.org/axios set size:770295 disposed:false
651 silly fetch manifest @lydell/node-pty-linux-arm64@1.2.0-beta.3
652 silly packumentCache full:https://registry.npmjs.org/@lydell%2fnode-pty-linux-arm64 cache-miss
653 http cache https://registry.npmjs.org/lodash.pickby 21ms (cache hit)
654 silly packumentCache full:https://registry.npmjs.org/lodash.pickby set size:27049 disposed:false
655 silly fetch manifest @lydell/node-pty-win32-arm64@1.2.0-beta.3
656 silly packumentCache full:https://registry.npmjs.org/@lydell%2fnode-pty-win32-arm64 cache-miss
657 http cache https://registry.npmjs.org/qs 16ms (cache hit)
658 silly packumentCache full:https://registry.npmjs.org/qs set size:350258 disposed:false
659 silly fetch manifest @lydell/node-pty-darwin-arm64@1.2.0-beta.3
660 silly packumentCache full:https://registry.npmjs.org/@lydell%2fnode-pty-darwin-arm64 cache-miss
661 http cache https://registry.npmjs.org/protobufjs 23ms (cache hit)
662 silly packumentCache full:https://registry.npmjs.org/protobufjs set size:635352 disposed:false
663 silly fetch manifest @mariozechner/pi-ai@^0.55.3
664 silly packumentCache full:https://registry.npmjs.org/@mariozechner%2fpi-ai cache-hit
665 silly fetch manifest ajv@^8.17.1
666 silly packumentCache full:https://registry.npmjs.org/ajv cache-miss
667 http cache https://registry.npmjs.org/axios 18ms (cache hit)
668 silly packumentCache full:https://registry.npmjs.org/axios set size:770295 disposed:false
669 silly packumentCache full:https://registry.npmjs.org/axios dispose
670 silly fetch manifest openai@6.10.0
671 silly packumentCache full:https://registry.npmjs.org/openai cache-miss
672 http cache https://registry.npmjs.org/@types%2fnode 31ms (cache hit)
673 silly packumentCache full:https://registry.npmjs.org/@types%2fnode set size:10900244 disposed:false
674 silly fetch manifest undici@^7.19.1
675 silly packumentCache full:https://registry.npmjs.org/undici cache-miss
676 http cache https://registry.npmjs.org/@lydell%2fnode-pty-darwin-x64 65ms (cache hit)
677 silly packumentCache full:https://registry.npmjs.org/@lydell%2fnode-pty-darwin-x64 set size:21527 disposed:false
678 silly fetch manifest ajv-formats@^3.0.1
679 silly packumentCache full:https://registry.npmjs.org/ajv-formats cache-miss
680 http cache https://registry.npmjs.org/@lydell%2fnode-pty-linux-x64 68ms (cache hit)
681 silly packumentCache full:https://registry.npmjs.org/@lydell%2fnode-pty-linux-x64 set size:21417 disposed:false
682 silly fetch manifest proxy-agent@^6.5.0
683 silly packumentCache full:https://registry.npmjs.org/proxy-agent cache-miss
684 http cache https://registry.npmjs.org/@lydell%2fnode-pty-win32-x64 67ms (cache hit)
685 silly packumentCache full:https://registry.npmjs.org/@lydell%2fnode-pty-win32-x64 set size:21450 disposed:false
686 silly fetch manifest partial-json@^0.1.7
687 silly packumentCache full:https://registry.npmjs.org/partial-json cache-miss
688 http cache https://registry.npmjs.org/@lydell%2fnode-pty-linux-arm64 62ms (cache hit)
689 silly packumentCache full:https://registry.npmjs.org/@lydell%2fnode-pty-linux-arm64 set size:10800 disposed:false
690 silly fetch manifest @google/genai@^1.40.0
691 silly packumentCache full:https://registry.npmjs.org/@google%2fgenai cache-miss
692 http cache https://registry.npmjs.org/@lydell%2fnode-pty-win32-arm64 62ms (cache hit)
693 silly packumentCache full:https://registry.npmjs.org/@lydell%2fnode-pty-win32-arm64 set size:18914 disposed:false
694 silly fetch manifest @anthropic-ai/sdk@^0.73.0
695 silly packumentCache full:https://registry.npmjs.org/@anthropic-ai%2fsdk cache-miss
696 http cache https://registry.npmjs.org/undici 10ms (cache hit)
697 silly packumentCache full:https://registry.npmjs.org/undici set size:1271191 disposed:false
698 silly fetch manifest @sinclair/typebox@^0.34.41
699 silly packumentCache full:https://registry.npmjs.org/@sinclair%2ftypebox cache-miss
700 http cache https://registry.npmjs.org/@lydell%2fnode-pty-darwin-arm64 67ms (cache hit)
701 silly packumentCache full:https://registry.npmjs.org/@lydell%2fnode-pty-darwin-arm64 set size:21750 disposed:false
702 silly fetch manifest zod-to-json-schema@^3.24.6
703 silly packumentCache full:https://registry.npmjs.org/zod-to-json-schema cache-miss
704 http cache https://registry.npmjs.org/ajv 64ms (cache hit)
705 silly packumentCache full:https://registry.npmjs.org/ajv set size:1120197 disposed:false
706 silly fetch manifest @mistralai/mistralai@1.10.0
707 silly packumentCache full:https://registry.npmjs.org/@mistralai%2fmistralai cache-miss
708 http cache https://registry.npmjs.org/openai 68ms (cache hit)
709 silly packumentCache full:https://registry.npmjs.org/openai set size:4750426 disposed:false
710 silly fetch manifest @aws-sdk/client-bedrock-runtime@^3.983.0
711 silly packumentCache full:https://registry.npmjs.org/@aws-sdk%2fclient-bedrock-runtime cache-miss
712 http cache https://registry.npmjs.org/proxy-agent 43ms (cache hit)
713 silly packumentCache full:https://registry.npmjs.org/proxy-agent set size:70579 disposed:false
714 silly fetch manifest diff@^8.0.2
715 silly packumentCache full:https://registry.npmjs.org/diff cache-miss
716 http cache https://registry.npmjs.org/partial-json 43ms (cache hit)
717 silly packumentCache full:https://registry.npmjs.org/partial-json set size:22637 disposed:false
718 silly fetch manifest glob@^13.0.1
719 silly packumentCache full:https://registry.npmjs.org/glob cache-miss
720 http cache https://registry.npmjs.org/ajv-formats 45ms (cache hit)
721 silly packumentCache full:https://registry.npmjs.org/ajv-formats set size:141264 disposed:false
722 silly fetch manifest chalk@^5.5.0
723 silly packumentCache full:https://registry.npmjs.org/chalk cache-hit
724 silly fetch manifest ignore@^7.0.5
725 silly packumentCache full:https://registry.npmjs.org/ignore cache-miss
726 http cache https://registry.npmjs.org/@google%2fgenai 45ms (cache hit)
727 silly packumentCache full:https://registry.npmjs.org/@google%2fgenai set size:323315 disposed:false
728 silly fetch manifest marked@^15.0.12
729 silly packumentCache full:https://registry.npmjs.org/marked cache-miss
730 http cache https://registry.npmjs.org/@anthropic-ai%2fsdk 48ms (cache hit)
731 silly packumentCache full:https://registry.npmjs.org/@anthropic-ai%2fsdk set size:691159 disposed:false
732 silly fetch manifest file-type@^21.1.1
733 silly packumentCache full:https://registry.npmjs.org/file-type cache-hit
734 silly fetch manifest minimatch@^10.2.3
735 silly packumentCache full:https://registry.npmjs.org/minimatch cache-miss
736 http cache https://registry.npmjs.org/zod-to-json-schema 44ms (cache hit)
737 silly packumentCache full:https://registry.npmjs.org/zod-to-json-schema set size:301404 disposed:false
738 silly fetch manifest extract-zip@^2.0.1
739 silly packumentCache full:https://registry.npmjs.org/extract-zip cache-miss
740 http cache https://registry.npmjs.org/@sinclair%2ftypebox 48ms (cache hit)
741 silly packumentCache full:https://registry.npmjs.org/@sinclair%2ftypebox set size:1145528 disposed:false
742 silly fetch manifest hosted-git-info@^9.0.2
743 silly packumentCache full:https://registry.npmjs.org/hosted-git-info cache-miss
744 http cache https://registry.npmjs.org/@aws-sdk%2fclient-bedrock-runtime 30ms (cache hit)
745 silly packumentCache full:https://registry.npmjs.org/@aws-sdk%2fclient-bedrock-runtime set size:1333553 disposed:false
746 silly fetch manifest proper-lockfile@^4.1.2
747 silly packumentCache full:https://registry.npmjs.org/proper-lockfile cache-miss
748 http cache https://registry.npmjs.org/@mistralai%2fmistralai 50ms (cache hit)
749 silly packumentCache full:https://registry.npmjs.org/@mistralai%2fmistralai set size:115467 disposed:false
750 silly fetch manifest @mariozechner/jiti@^2.6.2
751 silly packumentCache full:https://registry.npmjs.org/@mariozechner%2fjiti cache-miss
752 http cache https://registry.npmjs.org/glob 26ms (cache hit)
753 silly packumentCache full:https://registry.npmjs.org/glob set size:469465 disposed:false
754 silly fetch manifest @mariozechner/pi-tui@^0.55.3
755 silly packumentCache full:https://registry.npmjs.org/@mariozechner%2fpi-tui cache-hit
756 silly fetch manifest @silvia-odwyer/photon-node@^0.3.4
757 silly packumentCache full:https://registry.npmjs.org/@silvia-odwyer%2fphoton-node cache-miss
758 http cache https://registry.npmjs.org/minimatch 22ms (cache hit)
759 silly packumentCache full:https://registry.npmjs.org/minimatch set size:352359 disposed:false
760 silly fetch manifest @mariozechner/clipboard@^0.3.2
761 silly packumentCache full:https://registry.npmjs.org/@mariozechner%2fclipboard cache-miss
762 http cache https://registry.npmjs.org/diff 32ms (cache hit)
763 silly packumentCache full:https://registry.npmjs.org/diff set size:146701 disposed:false
764 silly fetch manifest koffi@^2.9.0
765 silly packumentCache full:https://registry.npmjs.org/koffi cache-miss
766 http cache https://registry.npmjs.org/ignore 31ms (cache hit)
767 silly packumentCache full:https://registry.npmjs.org/ignore set size:237380 disposed:false
768 silly fetch manifest marked@^15.0.12
769 silly packumentCache full:https://registry.npmjs.org/marked cache-miss
770 http cache https://registry.npmjs.org/extract-zip 23ms (cache hit)
771 silly packumentCache full:https://registry.npmjs.org/extract-zip set size:47715 disposed:false
772 silly fetch manifest mime-types@^3.0.1
773 silly packumentCache full:https://registry.npmjs.org/mime-types cache-miss
774 http cache https://registry.npmjs.org/hosted-git-info 19ms (cache hit)
775 silly packumentCache full:https://registry.npmjs.org/hosted-git-info set size:178912 disposed:false
776 silly fetch manifest @types/mime-types@^2.1.4
777 silly packumentCache full:https://registry.npmjs.org/@types%2fmime-types cache-miss
778 http cache https://registry.npmjs.org/marked 33ms (cache hit)
779 silly packumentCache full:https://registry.npmjs.org/marked set size:711325 disposed:false
780 silly fetch manifest get-east-asian-width@^1.3.0
781 silly packumentCache full:https://registry.npmjs.org/get-east-asian-width cache-miss
782 http cache https://registry.npmjs.org/proper-lockfile 20ms (cache hit)
783 silly packumentCache full:https://registry.npmjs.org/proper-lockfile set size:82421 disposed:false
784 silly fetch manifest @napi-rs/canvas-linux-x64-gnu@0.1.95
785 silly packumentCache full:https://registry.npmjs.org/@napi-rs%2fcanvas-linux-x64-gnu cache-miss
786 http cache https://registry.npmjs.org/@mariozechner%2fjiti 20ms (cache hit)
787 silly packumentCache full:https://registry.npmjs.org/@mariozechner%2fjiti set size:21634 disposed:false
788 silly fetch manifest @napi-rs/canvas-darwin-x64@0.1.95
789 silly packumentCache full:https://registry.npmjs.org/@napi-rs%2fcanvas-darwin-x64 cache-miss
790 http cache https://registry.npmjs.org/@silvia-odwyer%2fphoton-node 18ms (cache hit)
791 silly packumentCache full:https://registry.npmjs.org/@silvia-odwyer%2fphoton-node set size:23128 disposed:false
792 silly fetch manifest @napi-rs/canvas-win32-x64-msvc@0.1.95
793 silly packumentCache full:https://registry.npmjs.org/@napi-rs%2fcanvas-win32-x64-msvc cache-miss
794 http cache https://registry.npmjs.org/mime-types 12ms (cache hit)
795 silly packumentCache full:https://registry.npmjs.org/mime-types set size:139110 disposed:false
796 silly fetch manifest @napi-rs/canvas-win32-arm64-msvc@0.1.95
797 silly packumentCache full:https://registry.npmjs.org/@napi-rs%2fcanvas-win32-arm64-msvc cache-miss
798 http cache https://registry.npmjs.org/@mariozechner%2fclipboard 16ms (cache hit)
799 silly packumentCache full:https://registry.npmjs.org/@mariozechner%2fclipboard set size:8389 disposed:false
800 silly fetch manifest @napi-rs/canvas-linux-arm-gnueabihf@0.1.95
801 silly packumentCache full:https://registry.npmjs.org/@napi-rs%2fcanvas-linux-arm-gnueabihf cache-miss
802 http cache https://registry.npmjs.org/koffi 16ms (cache hit)
803 silly packumentCache full:https://registry.npmjs.org/koffi set size:569840 disposed:false
804 silly fetch manifest @napi-rs/canvas-linux-x64-musl@0.1.95
805 silly packumentCache full:https://registry.npmjs.org/@napi-rs%2fcanvas-linux-x64-musl cache-miss
806 http cache https://registry.npmjs.org/marked 17ms (cache hit)
807 silly packumentCache full:https://registry.npmjs.org/marked set size:711325 disposed:false
808 silly packumentCache full:https://registry.npmjs.org/marked dispose
809 silly fetch manifest @napi-rs/canvas-linux-arm64-gnu@0.1.95
810 silly packumentCache full:https://registry.npmjs.org/@napi-rs%2fcanvas-linux-arm64-gnu cache-miss
811 http cache https://registry.npmjs.org/get-east-asian-width 14ms (cache hit)
812 silly packumentCache full:https://registry.npmjs.org/get-east-asian-width set size:18337 disposed:false
813 silly fetch manifest @napi-rs/canvas-linux-arm64-musl@0.1.95
814 silly packumentCache full:https://registry.npmjs.org/@napi-rs%2fcanvas-linux-arm64-musl cache-miss
815 http cache https://registry.npmjs.org/@types%2fmime-types 19ms (cache hit)
816 silly packumentCache full:https://registry.npmjs.org/@types%2fmime-types set size:12633 disposed:false
817 silly fetch manifest @napi-rs/canvas-darwin-arm64@0.1.95
818 silly packumentCache full:https://registry.npmjs.org/@napi-rs%2fcanvas-darwin-arm64 cache-miss
819 http cache https://registry.npmjs.org/@napi-rs%2fcanvas-darwin-x64 15ms (cache hit)
820 silly packumentCache full:https://registry.npmjs.org/@napi-rs%2fcanvas-darwin-x64 set size:224475 disposed:false
821 silly fetch manifest @napi-rs/canvas-android-arm64@0.1.95
822 silly packumentCache full:https://registry.npmjs.org/@napi-rs%2fcanvas-android-arm64 cache-miss
823 http cache https://registry.npmjs.org/@napi-rs%2fcanvas-linux-x64-gnu 16ms (cache hit)
824 silly packumentCache full:https://registry.npmjs.org/@napi-rs%2fcanvas-linux-x64-gnu set size:229048 disposed:false
825 silly fetch manifest @napi-rs/canvas-linux-riscv64-gnu@0.1.95
826 silly packumentCache full:https://registry.npmjs.org/@napi-rs%2fcanvas-linux-riscv64-gnu cache-miss
827 http cache https://registry.npmjs.org/@napi-rs%2fcanvas-win32-x64-msvc 16ms (cache hit)
828 silly packumentCache full:https://registry.npmjs.org/@napi-rs%2fcanvas-win32-x64-msvc set size:227146 disposed:false
829 silly fetch manifest axios@^1.12.0
830 silly packumentCache full:https://registry.npmjs.org/axios cache-hit
831 silly fetch manifest tsscmp@^1.0.6
832 silly packumentCache full:https://registry.npmjs.org/tsscmp cache-miss
833 http cache https://registry.npmjs.org/@napi-rs%2fcanvas-linux-arm64-gnu 10ms (cache hit)
834 silly packumentCache full:https://registry.npmjs.org/@napi-rs%2fcanvas-linux-arm64-gnu set size:230648 disposed:false
835 silly fetch manifest express@^5.0.0
836 silly packumentCache full:https://registry.npmjs.org/express cache-hit
837 silly fetch manifest raw-body@^3
838 silly packumentCache full:https://registry.npmjs.org/raw-body cache-miss
839 http cache https://registry.npmjs.org/@napi-rs%2fcanvas-linux-x64-musl 15ms (cache hit)
840 silly packumentCache full:https://registry.npmjs.org/@napi-rs%2fcanvas-linux-x64-musl set size:229662 disposed:false
841 silly fetch manifest @slack/oauth@^3.0.4
842 silly packumentCache full:https://registry.npmjs.org/@slack%2foauth cache-miss
843 http cache https://registry.npmjs.org/@napi-rs%2fcanvas-win32-arm64-msvc 19ms (cache hit)
844 silly packumentCache full:https://registry.npmjs.org/@napi-rs%2fcanvas-win32-arm64-msvc set size:25015 disposed:false
845 silly fetch manifest @slack/types@^2.18.0
846 silly packumentCache full:https://registry.npmjs.org/@slack%2ftypes cache-miss
847 http cache https://registry.npmjs.org/@napi-rs%2fcanvas-linux-arm-gnueabihf 19ms (cache hit)
848 silly packumentCache full:https://registry.npmjs.org/@napi-rs%2fcanvas-linux-arm-gnueabihf set size:230608 disposed:false
849 silly fetch manifest @slack/logger@^4.0.0
850 silly packumentCache full:https://registry.npmjs.org/@slack%2flogger cache-miss
851 http cache https://registry.npmjs.org/@napi-rs%2fcanvas-linux-arm64-musl 13ms (cache hit)
852 silly packumentCache full:https://registry.npmjs.org/@napi-rs%2fcanvas-linux-arm64-musl set size:213898 disposed:false
853 silly fetch manifest @slack/web-api@^7.12.0
854 silly packumentCache full:https://registry.npmjs.org/@slack%2fweb-api cache-hit
855 silly fetch manifest path-to-regexp@^8.1.0
856 silly packumentCache full:https://registry.npmjs.org/path-to-regexp cache-miss
857 http cache https://registry.npmjs.org/@napi-rs%2fcanvas-darwin-arm64 15ms (cache hit)
858 silly packumentCache full:https://registry.npmjs.org/@napi-rs%2fcanvas-darwin-arm64 set size:226053 disposed:false
859 silly fetch manifest @slack/socket-mode@^2.0.5
860 silly packumentCache full:https://registry.npmjs.org/@slack%2fsocket-mode cache-miss
861 http cache https://registry.npmjs.org/@napi-rs%2fcanvas-android-arm64 14ms (cache hit)
862 silly packumentCache full:https://registry.npmjs.org/@napi-rs%2fcanvas-android-arm64 set size:226872 disposed:false
863 silly fetch manifest @types/body-parser@*
864 silly packumentCache full:https://registry.npmjs.org/@types%2fbody-parser cache-miss
865 http cache https://registry.npmjs.org/@napi-rs%2fcanvas-linux-riscv64-gnu 14ms (cache hit)
866 silly packumentCache full:https://registry.npmjs.org/@napi-rs%2fcanvas-linux-riscv64-gnu set size:66367 disposed:false
867 silly fetch manifest @types/serve-static@^2
868 silly packumentCache full:https://registry.npmjs.org/@types%2fserve-static cache-miss
869 http cache https://registry.npmjs.org/tsscmp 12ms (cache hit)
870 silly packumentCache full:https://registry.npmjs.org/tsscmp set size:13313 disposed:false
871 silly fetch manifest @types/express-serve-static-core@^5.0.0
872 silly packumentCache full:https://registry.npmjs.org/@types%2fexpress-serve-static-core cache-miss
873 http cache https://registry.npmjs.org/raw-body 11ms (cache hit)
874 silly packumentCache full:https://registry.npmjs.org/raw-body set size:117822 disposed:false
875 silly fetch manifest @slack/logger@^4.0.0
876 silly packumentCache full:https://registry.npmjs.org/@slack%2flogger cache-miss
877 http cache https://registry.npmjs.org/@slack%2foauth 11ms (cache hit)
878 silly packumentCache full:https://registry.npmjs.org/@slack%2foauth set size:139236 disposed:false
879 silly fetch manifest @slack/types@^2.20.0
880 silly packumentCache full:https://registry.npmjs.org/@slack%2ftypes cache-miss
881 http cache https://registry.npmjs.org/@slack%2flogger 13ms (cache hit)
882 silly packumentCache full:https://registry.npmjs.org/@slack%2flogger set size:22469 disposed:false
883 silly fetch manifest @types/node@>=18.0.0
884 silly packumentCache full:https://registry.npmjs.org/@types%2fnode cache-miss
885 http cache https://registry.npmjs.org/@slack%2ftypes 15ms (cache hit)
886 silly packumentCache full:https://registry.npmjs.org/@slack%2ftypes set size:147656 disposed:false
887 silly fetch manifest @types/retry@0.12.0
888 silly packumentCache full:https://registry.npmjs.org/@types%2fretry cache-miss
889 http cache https://registry.npmjs.org/@types%2fbody-parser 10ms (cache hit)
890 silly packumentCache full:https://registry.npmjs.org/@types%2fbody-parser set size:59466 disposed:false
891 silly fetch manifest axios@^1.13.5
892 silly packumentCache full:https://registry.npmjs.org/axios cache-hit
893 silly fetch manifest eventemitter3@^5.0.1
894 silly packumentCache full:https://registry.npmjs.org/eventemitter3 cache-miss
895 http cache https://registry.npmjs.org/path-to-regexp 15ms (cache hit)
896 silly packumentCache full:https://registry.npmjs.org/path-to-regexp set size:207142 disposed:false
897 silly fetch manifest form-data@^4.0.4
898 silly packumentCache full:https://registry.npmjs.org/form-data cache-miss
899 http cache https://registry.npmjs.org/@types%2fserve-static 13ms (cache hit)
900 silly packumentCache full:https://registry.npmjs.org/@types%2fserve-static set size:70859 disposed:false
901 silly fetch manifest is-electron@2.2.2
902 silly packumentCache full:https://registry.npmjs.org/is-electron cache-miss
903 http cache https://registry.npmjs.org/@slack%2fsocket-mode 15ms (cache hit)
904 silly packumentCache full:https://registry.npmjs.org/@slack%2fsocket-mode set size:103014 disposed:false
905 silly fetch manifest is-stream@^2
906 silly packumentCache full:https://registry.npmjs.org/is-stream cache-miss
907 http cache https://registry.npmjs.org/@slack%2flogger 12ms (cache hit)
908 silly packumentCache full:https://registry.npmjs.org/@slack%2flogger set size:22469 disposed:false
909 silly packumentCache full:https://registry.npmjs.org/@slack%2flogger dispose
910 silly fetch manifest p-queue@^6
911 silly packumentCache full:https://registry.npmjs.org/p-queue cache-miss
912 http cache https://registry.npmjs.org/@slack%2ftypes 12ms (cache hit)
913 silly packumentCache full:https://registry.npmjs.org/@slack%2ftypes set size:147656 disposed:false
914 silly packumentCache full:https://registry.npmjs.org/@slack%2ftypes dispose
915 silly fetch manifest p-retry@^4
916 silly packumentCache full:https://registry.npmjs.org/p-retry cache-miss
917 http cache https://registry.npmjs.org/@types%2fexpress-serve-static-core 16ms (cache hit)
918 silly packumentCache full:https://registry.npmjs.org/@types%2fexpress-serve-static-core set size:264345 disposed:false
919 silly fetch manifest retry@^0.13.1
920 silly packumentCache full:https://registry.npmjs.org/retry cache-miss
921 http cache https://registry.npmjs.org/@types%2fretry 13ms (cache hit)
922 silly packumentCache full:https://registry.npmjs.org/@types%2fretry set size:17008 disposed:false
923 silly fetch manifest @snazzah/davey-darwin-x64@0.1.10
924 silly packumentCache full:https://registry.npmjs.org/@snazzah%2fdavey-darwin-x64 cache-miss
925 http cache https://registry.npmjs.org/eventemitter3 13ms (cache hit)
926 silly packumentCache full:https://registry.npmjs.org/eventemitter3 set size:92292 disposed:false
927 silly fetch manifest @snazzah/davey-darwin-arm64@0.1.10
928 silly packumentCache full:https://registry.npmjs.org/@snazzah%2fdavey-darwin-arm64 cache-miss
929 http cache https://registry.npmjs.org/@types%2fnode 25ms (cache hit)
930 silly packumentCache full:https://registry.npmjs.org/@types%2fnode set size:10900244 disposed:false
931 silly fetch manifest @snazzah/davey-linux-x64-gnu@0.1.10
932 silly packumentCache full:https://registry.npmjs.org/@snazzah%2fdavey-linux-x64-gnu cache-miss
933 http cache https://registry.npmjs.org/form-data 62ms (cache hit)
934 silly packumentCache full:https://registry.npmjs.org/form-data set size:153646 disposed:false
935 silly fetch manifest @snazzah/davey-win32-x64-msvc@0.1.10
936 silly packumentCache full:https://registry.npmjs.org/@snazzah%2fdavey-win32-x64-msvc cache-miss
937 http cache https://registry.npmjs.org/is-stream 69ms (cache hit)
938 silly packumentCache full:https://registry.npmjs.org/is-stream set size:18582 disposed:false
939 silly fetch manifest @snazzah/davey-linux-x64-musl@0.1.10
940 silly packumentCache full:https://registry.npmjs.org/@snazzah%2fdavey-linux-x64-musl cache-miss
941 http cache https://registry.npmjs.org/is-electron 71ms (cache hit)
942 silly packumentCache full:https://registry.npmjs.org/is-electron set size:14829 disposed:false
943 silly fetch manifest @snazzah/davey-linux-arm64-gnu@0.1.10
944 silly packumentCache full:https://registry.npmjs.org/@snazzah%2fdavey-linux-arm64-gnu cache-miss
945 http cache https://registry.npmjs.org/p-queue 72ms (cache hit)
946 silly packumentCache full:https://registry.npmjs.org/p-queue set size:167834 disposed:false
947 silly fetch manifest @snazzah/davey-win32-ia32-msvc@0.1.10
948 silly packumentCache full:https://registry.npmjs.org/@snazzah%2fdavey-win32-ia32-msvc cache-miss
949 http cache https://registry.npmjs.org/retry 71ms (cache hit)
950 silly packumentCache full:https://registry.npmjs.org/retry set size:31161 disposed:false
951 silly fetch manifest @snazzah/davey-linux-arm-gnueabihf@0.1.10
952 silly packumentCache full:https://registry.npmjs.org/@snazzah%2fdavey-linux-arm-gnueabihf cache-miss
953 http cache https://registry.npmjs.org/p-retry 74ms (cache hit)
954 silly packumentCache full:https://registry.npmjs.org/p-retry set size:69543 disposed:false
955 silly fetch manifest @snazzah/davey-android-arm64@0.1.10
956 silly packumentCache full:https://registry.npmjs.org/@snazzah%2fdavey-android-arm64 cache-miss
957 http cache https://registry.npmjs.org/@snazzah%2fdavey-win32-x64-msvc 17ms (cache hit)
958 silly packumentCache full:https://registry.npmjs.org/@snazzah%2fdavey-win32-x64-msvc set size:20891 disposed:false
959 silly fetch manifest @snazzah/davey-freebsd-x64@0.1.10
960 silly packumentCache full:https://registry.npmjs.org/@snazzah%2fdavey-freebsd-x64 cache-miss
961 http cache https://registry.npmjs.org/@snazzah%2fdavey-darwin-x64 72ms (cache hit)
962 silly packumentCache full:https://registry.npmjs.org/@snazzah%2fdavey-darwin-x64 set size:20581 disposed:false
963 silly fetch manifest @snazzah/davey-linux-arm64-musl@0.1.10
964 silly packumentCache full:https://registry.npmjs.org/@snazzah%2fdavey-linux-arm64-musl cache-miss
965 http cache https://registry.npmjs.org/@snazzah%2fdavey-darwin-arm64 71ms (cache hit)
966 silly packumentCache full:https://registry.npmjs.org/@snazzah%2fdavey-darwin-arm64 set size:20766 disposed:false
967 silly fetch manifest @snazzah/davey-win32-arm64-msvc@0.1.10
968 silly packumentCache full:https://registry.npmjs.org/@snazzah%2fdavey-win32-arm64-msvc cache-miss
969 http cache https://registry.npmjs.org/@snazzah%2fdavey-linux-x64-gnu 22ms (cache hit)
970 silly packumentCache full:https://registry.npmjs.org/@snazzah%2fdavey-linux-x64-gnu set size:21005 disposed:false
971 silly fetch manifest @snazzah/davey-android-arm-eabi@0.1.10
972 silly packumentCache full:https://registry.npmjs.org/@snazzah%2fdavey-android-arm-eabi cache-miss
973 http cache https://registry.npmjs.org/@snazzah%2fdavey-linux-x64-musl 12ms (cache hit)
974 silly packumentCache full:https://registry.npmjs.org/@snazzah%2fdavey-linux-x64-musl set size:21073 disposed:false
975 silly fetch manifest @snazzah/davey-wasm32-wasi@0.1.10
976 silly packumentCache full:https://registry.npmjs.org/@snazzah%2fdavey-wasm32-wasi cache-miss
977 http cache https://registry.npmjs.org/@snazzah%2fdavey-linux-arm64-gnu 11ms (cache hit)
978 silly packumentCache full:https://registry.npmjs.org/@snazzah%2fdavey-linux-arm64-gnu set size:21187 disposed:false
979 silly fetch manifest @cacheable/node-cache@^1.4.0
980 silly packumentCache full:https://registry.npmjs.org/@cacheable%2fnode-cache cache-miss
981 http cache https://registry.npmjs.org/@snazzah%2fdavey-linux-arm-gnueabihf 6ms (cache hit)
982 silly packumentCache full:https://registry.npmjs.org/@snazzah%2fdavey-linux-arm-gnueabihf set size:21299 disposed:false
983 silly fetch manifest @hapi/boom@^9.1.3
984 silly packumentCache full:https://registry.npmjs.org/@hapi%2fboom cache-miss
985 http cache https://registry.npmjs.org/@snazzah%2fdavey-win32-ia32-msvc 8ms (cache hit)
986 silly packumentCache full:https://registry.npmjs.org/@snazzah%2fdavey-win32-ia32-msvc set size:20984 disposed:false
987 silly fetch manifest async-mutex@^0.5.0
988 silly packumentCache full:https://registry.npmjs.org/async-mutex cache-miss
989 http cache https://registry.npmjs.org/@snazzah%2fdavey-android-arm64 7ms (cache hit)
990 silly packumentCache full:https://registry.npmjs.org/@snazzah%2fdavey-android-arm64 set size:20855 disposed:false
991 silly fetch manifest libsignal@git+https://github.com/whiskeysockets/libsignal-node.git
992 http cache https://registry.npmjs.org/@snazzah%2fdavey-freebsd-x64 7ms (cache hit)
993 silly packumentCache full:https://registry.npmjs.org/@snazzah%2fdavey-freebsd-x64 set size:20678 disposed:false
994 silly fetch manifest lru-cache@^11.1.0
995 silly packumentCache full:https://registry.npmjs.org/lru-cache cache-miss
996 http cache https://registry.npmjs.org/@snazzah%2fdavey-win32-arm64-msvc 8ms (cache hit)
997 silly packumentCache full:https://registry.npmjs.org/@snazzah%2fdavey-win32-arm64-msvc set size:21079 disposed:false
998 silly fetch manifest music-metadata@^11.7.0
999 silly packumentCache full:https://registry.npmjs.org/music-metadata cache-miss
1000 http cache https://registry.npmjs.org/@snazzah%2fdavey-linux-arm64-musl 8ms (cache hit)
1001 silly packumentCache full:https://registry.npmjs.org/@snazzah%2fdavey-linux-arm64-musl set size:21258 disposed:false
1002 silly fetch manifest p-queue@^9.0.0
1003 silly packumentCache full:https://registry.npmjs.org/p-queue cache-hit
1004 silly fetch manifest pino@^9.6
1005 silly packumentCache full:https://registry.npmjs.org/pino cache-miss
1006 http cache https://registry.npmjs.org/@cacheable%2fnode-cache 7ms (cache hit)
1007 silly packumentCache full:https://registry.npmjs.org/@cacheable%2fnode-cache set size:91574 disposed:false
1008 silly fetch manifest protobufjs@^7.2.4
1009 silly packumentCache full:https://registry.npmjs.org/protobufjs cache-hit
1010 silly fetch manifest ws@^8.13.0
1011 silly packumentCache full:https://registry.npmjs.org/ws cache-hit
1012 silly fetch manifest semver@^7.7.3
1013 silly packumentCache full:https://registry.npmjs.org/semver cache-miss
1014 http cache https://registry.npmjs.org/@snazzah%2fdavey-android-arm-eabi 8ms (cache hit)
1015 silly packumentCache full:https://registry.npmjs.org/@snazzah%2fdavey-android-arm-eabi set size:21071 disposed:false
1016 silly fetch manifest @img/colour@^1.0.0
1017 silly packumentCache full:https://registry.npmjs.org/@img%2fcolour cache-miss
1018 http cache https://registry.npmjs.org/@snazzah%2fdavey-wasm32-wasi 9ms (cache hit)
1019 silly packumentCache full:https://registry.npmjs.org/@snazzah%2fdavey-wasm32-wasi set size:21400 disposed:false
1020 silly fetch manifest detect-libc@^2.1.2
1021 silly packumentCache full:https://registry.npmjs.org/detect-libc cache-miss
1022 http cache https://registry.npmjs.org/async-mutex 14ms (cache hit)
1023 silly packumentCache full:https://registry.npmjs.org/async-mutex set size:76106 disposed:false
1024 silly fetch manifest @img/sharp-wasm32@0.34.5
1025 silly packumentCache full:https://registry.npmjs.org/@img%2fsharp-wasm32 cache-miss
1026 http cache https://registry.npmjs.org/@hapi%2fboom 16ms (cache hit)
1027 silly packumentCache full:https://registry.npmjs.org/@hapi%2fboom set size:55554 disposed:false
1028 silly fetch manifest @img/sharp-linux-arm@0.34.5
1029 silly packumentCache full:https://registry.npmjs.org/@img%2fsharp-linux-arm cache-miss
1030 http cache https://registry.npmjs.org/pino 14ms (cache hit)
1031 silly packumentCache full:https://registry.npmjs.org/pino set size:1274379 disposed:false
1032 silly fetch manifest @img/sharp-linux-x64@0.34.5
1033 silly packumentCache full:https://registry.npmjs.org/@img%2fsharp-linux-x64 cache-miss
1034 http cache https://registry.npmjs.org/music-metadata 20ms (cache hit)
1035 silly packumentCache full:https://registry.npmjs.org/music-metadata set size:1268569 disposed:false
1036 silly fetch manifest @img/sharp-win32-x64@0.34.5
1037 silly packumentCache full:https://registry.npmjs.org/@img%2fsharp-win32-x64 cache-miss
1038 http cache https://registry.npmjs.org/semver 23ms (cache hit)
1039 silly packumentCache full:https://registry.npmjs.org/semver set size:229678 disposed:false
1040 silly fetch manifest @img/sharp-darwin-x64@0.34.5
1041 silly packumentCache full:https://registry.npmjs.org/@img%2fsharp-darwin-x64 cache-miss
1042 http cache https://registry.npmjs.org/lru-cache 28ms (cache hit)
1043 silly packumentCache full:https://registry.npmjs.org/lru-cache set size:413591 disposed:false
1044 silly fetch manifest @img/sharp-win32-ia32@0.34.5
1045 silly packumentCache full:https://registry.npmjs.org/@img%2fsharp-win32-ia32 cache-miss
1046 http cache https://registry.npmjs.org/@img%2fcolour 27ms (cache hit)
1047 silly packumentCache full:https://registry.npmjs.org/@img%2fcolour set size:9701 disposed:false
1048 silly fetch manifest @img/sharp-linux-arm64@0.34.5
1049 silly packumentCache full:https://registry.npmjs.org/@img%2fsharp-linux-arm64 cache-miss
1050 http cache https://registry.npmjs.org/detect-libc 27ms (cache hit)
1051 silly packumentCache full:https://registry.npmjs.org/detect-libc set size:47861 disposed:false
1052 silly fetch manifest @img/sharp-linux-ppc64@0.34.5
1053 silly packumentCache full:https://registry.npmjs.org/@img%2fsharp-linux-ppc64 cache-miss
1054 http cache https://registry.npmjs.org/@img%2fsharp-win32-x64 9ms (cache hit)
1055 silly packumentCache full:https://registry.npmjs.org/@img%2fsharp-win32-x64 set size:64388 disposed:false
1056 silly fetch manifest @img/sharp-linux-s390x@0.34.5
1057 silly packumentCache full:https://registry.npmjs.org/@img%2fsharp-linux-s390x cache-miss
1058 http cache https://registry.npmjs.org/@img%2fsharp-linux-x64 16ms (cache hit)
1059 silly packumentCache full:https://registry.npmjs.org/@img%2fsharp-linux-x64 set size:66311 disposed:false
1060 silly fetch manifest @img/sharp-win32-arm64@0.34.5
1061 silly packumentCache full:https://registry.npmjs.org/@img%2fsharp-win32-arm64 cache-miss
1062 http cache https://registry.npmjs.org/@img%2fsharp-win32-ia32 7ms (cache hit)
1063 silly packumentCache full:https://registry.npmjs.org/@img%2fsharp-win32-ia32 set size:65002 disposed:false
1064 silly fetch manifest @img/sharp-darwin-arm64@0.34.5
1065 silly packumentCache full:https://registry.npmjs.org/@img%2fsharp-darwin-arm64 cache-miss
1066 http cache https://registry.npmjs.org/@img%2fsharp-wasm32 24ms (cache hit)
1067 silly packumentCache full:https://registry.npmjs.org/@img%2fsharp-wasm32 set size:61337 disposed:false
1068 silly fetch manifest @img/sharp-linux-riscv64@0.34.5
1069 silly packumentCache full:https://registry.npmjs.org/@img%2fsharp-linux-riscv64 cache-miss
1070 http cache https://registry.npmjs.org/@img%2fsharp-linux-arm64 8ms (cache hit)
1071 silly packumentCache full:https://registry.npmjs.org/@img%2fsharp-linux-arm64 set size:67207 disposed:false
1072 silly fetch manifest @img/sharp-linuxmusl-x64@0.34.5
1073 silly packumentCache full:https://registry.npmjs.org/@img%2fsharp-linuxmusl-x64 cache-miss
1074 http cache https://registry.npmjs.org/@img%2fsharp-linux-arm 25ms (cache hit)
1075 silly packumentCache full:https://registry.npmjs.org/@img%2fsharp-linux-arm set size:66643 disposed:false
1076 silly fetch manifest @img/sharp-linuxmusl-arm64@0.34.5
1077 silly packumentCache full:https://registry.npmjs.org/@img%2fsharp-linuxmusl-arm64 cache-miss
1078 http cache https://registry.npmjs.org/@img%2fsharp-linux-ppc64 8ms (cache hit)
1079 silly packumentCache full:https://registry.npmjs.org/@img%2fsharp-linux-ppc64 set size:31912 disposed:false
1080 silly fetch manifest @img/sharp-libvips-linux-arm@1.2.4
1081 silly packumentCache full:https://registry.npmjs.org/@img%2fsharp-libvips-linux-arm cache-miss
1082 http cache https://registry.npmjs.org/@img%2fsharp-darwin-x64 13ms (cache hit)
1083 silly packumentCache full:https://registry.npmjs.org/@img%2fsharp-darwin-x64 set size:65222 disposed:false
1084 silly fetch manifest @img/sharp-libvips-linux-x64@1.2.4
1085 silly packumentCache full:https://registry.npmjs.org/@img%2fsharp-libvips-linux-x64 cache-miss
1086 http cache https://registry.npmjs.org/@img%2fsharp-linux-s390x 9ms (cache hit)
1087 silly packumentCache full:https://registry.npmjs.org/@img%2fsharp-linux-s390x set size:65172 disposed:false
1088 silly fetch manifest @img/sharp-libvips-darwin-x64@1.2.4
1089 silly packumentCache full:https://registry.npmjs.org/@img%2fsharp-libvips-darwin-x64 cache-miss
1090 http cache https://registry.npmjs.org/@img%2fsharp-linux-riscv64 9ms (cache hit)
1091 silly packumentCache full:https://registry.npmjs.org/@img%2fsharp-linux-riscv64 set size:8972 disposed:false
1092 silly fetch manifest @img/sharp-libvips-linux-arm64@1.2.4
1093 silly packumentCache full:https://registry.npmjs.org/@img%2fsharp-libvips-linux-arm64 cache-miss
1094 http cache https://registry.npmjs.org/@img%2fsharp-darwin-arm64 9ms (cache hit)
1095 silly packumentCache full:https://registry.npmjs.org/@img%2fsharp-darwin-arm64 set size:66119 disposed:false
1096 silly fetch manifest @img/sharp-libvips-linux-ppc64@1.2.4
1097 silly packumentCache full:https://registry.npmjs.org/@img%2fsharp-libvips-linux-ppc64 cache-miss
1098 http cache https://registry.npmjs.org/@img%2fsharp-win32-arm64 11ms (cache hit)
1099 silly packumentCache full:https://registry.npmjs.org/@img%2fsharp-win32-arm64 set size:23941 disposed:false
1100 silly fetch manifest @img/sharp-libvips-linux-s390x@1.2.4
1101 silly packumentCache full:https://registry.npmjs.org/@img%2fsharp-libvips-linux-s390x cache-miss
1102 http cache https://registry.npmjs.org/@img%2fsharp-linuxmusl-arm64 8ms (cache hit)
1103 silly packumentCache full:https://registry.npmjs.org/@img%2fsharp-linuxmusl-arm64 set size:68298 disposed:false
1104 silly fetch manifest @img/sharp-libvips-darwin-arm64@1.2.4
1105 silly packumentCache full:https://registry.npmjs.org/@img%2fsharp-libvips-darwin-arm64 cache-miss
1106 http cache https://registry.npmjs.org/@img%2fsharp-linuxmusl-x64 10ms (cache hit)
1107 silly packumentCache full:https://registry.npmjs.org/@img%2fsharp-linuxmusl-x64 set size:67400 disposed:false
1108 silly fetch manifest @img/sharp-libvips-linux-riscv64@1.2.4
1109 silly packumentCache full:https://registry.npmjs.org/@img%2fsharp-libvips-linux-riscv64 cache-miss
1110 http cache https://registry.npmjs.org/@img%2fsharp-libvips-linux-arm 10ms (cache hit)
1111 silly packumentCache full:https://registry.npmjs.org/@img%2fsharp-libvips-linux-arm set size:58624 disposed:false
1112 silly fetch manifest @img/sharp-libvips-linuxmusl-x64@1.2.4
1113 silly packumentCache full:https://registry.npmjs.org/@img%2fsharp-libvips-linuxmusl-x64 cache-miss
1114 http cache https://registry.npmjs.org/@img%2fsharp-libvips-linux-x64 13ms (cache hit)
1115 silly packumentCache full:https://registry.npmjs.org/@img%2fsharp-libvips-linux-x64 set size:56678 disposed:false
1116 silly fetch manifest @img/sharp-libvips-linuxmusl-arm64@1.2.4
1117 silly packumentCache full:https://registry.npmjs.org/@img%2fsharp-libvips-linuxmusl-arm64 cache-miss
1118 http cache https://registry.npmjs.org/@img%2fsharp-libvips-linux-s390x 11ms (cache hit)
1119 silly packumentCache full:https://registry.npmjs.org/@img%2fsharp-libvips-linux-s390x set size:51696 disposed:false
1120 silly fetch manifest fast-uri@^3.0.1
1121 silly packumentCache full:https://registry.npmjs.org/fast-uri cache-miss
1122 http cache https://registry.npmjs.org/@img%2fsharp-libvips-darwin-x64 14ms (cache hit)
1123 silly packumentCache full:https://registry.npmjs.org/@img%2fsharp-libvips-darwin-x64 set size:51923 disposed:false
1124 silly fetch manifest require-from-string@^2.0.2
1125 silly packumentCache full:https://registry.npmjs.org/require-from-string cache-miss
1126 http cache https://registry.npmjs.org/@img%2fsharp-libvips-linux-arm64 15ms (cache hit)
1127 silly packumentCache full:https://registry.npmjs.org/@img%2fsharp-libvips-linux-arm64 set size:55489 disposed:false
1128 silly fetch manifest json-schema-traverse@^1.0.0
1129 silly packumentCache full:https://registry.npmjs.org/json-schema-traverse cache-miss
1130 http cache https://registry.npmjs.org/@img%2fsharp-libvips-linux-ppc64 15ms (cache hit)
1131 silly packumentCache full:https://registry.npmjs.org/@img%2fsharp-libvips-linux-ppc64 set size:42709 disposed:false
1132 silly fetch manifest readdirp@^5.0.0
1133 silly packumentCache full:https://registry.npmjs.org/readdirp cache-miss
1134 http cache https://registry.npmjs.org/@img%2fsharp-libvips-linux-riscv64 14ms (cache hit)
1135 silly packumentCache full:https://registry.npmjs.org/@img%2fsharp-libvips-linux-riscv64 set size:28633 disposed:false
1136 silly fetch manifest chalk@^4.0.0
1137 silly packumentCache full:https://registry.npmjs.org/chalk cache-hit
1138 silly fetch manifest highlight.js@^10.7.1
1139 silly packumentCache full:https://registry.npmjs.org/highlight.js cache-miss
1140 http cache https://registry.npmjs.org/@img%2fsharp-libvips-darwin-arm64 15ms (cache hit)
1141 silly packumentCache full:https://registry.npmjs.org/@img%2fsharp-libvips-darwin-arm64 set size:52515 disposed:false
1142 silly fetch manifest mz@^2.4.0
1143 silly packumentCache full:https://registry.npmjs.org/mz cache-miss
1144 http cache https://registry.npmjs.org/@img%2fsharp-libvips-linuxmusl-x64 15ms (cache hit)
1145 silly packumentCache full:https://registry.npmjs.org/@img%2fsharp-libvips-linuxmusl-x64 set size:53685 disposed:false
1146 silly fetch manifest parse5@^5.1.1
1147 silly packumentCache full:https://registry.npmjs.org/parse5 cache-miss
1148 http cache https://registry.npmjs.org/@img%2fsharp-libvips-linuxmusl-arm64 10ms (cache hit)
1149 silly packumentCache full:https://registry.npmjs.org/@img%2fsharp-libvips-linuxmusl-arm64 set size:54314 disposed:false
1150 silly fetch manifest parse5-htmlparser2-tree-adapter@^6.0.0
1151 silly packumentCache full:https://registry.npmjs.org/parse5-htmlparser2-tree-adapter cache-miss
1152 http cache https://registry.npmjs.org/require-from-string 10ms (cache hit)
1153 silly packumentCache full:https://registry.npmjs.org/require-from-string set size:15128 disposed:false
1154 silly fetch manifest yargs@^16.0.0
1155 silly packumentCache full:https://registry.npmjs.org/yargs cache-miss
1156 http cache https://registry.npmjs.org/json-schema-traverse 10ms (cache hit)
1157 silly packumentCache full:https://registry.npmjs.org/json-schema-traverse set size:23537 disposed:false
1158 silly fetch manifest qs@^6.14.0
1159 silly packumentCache full:https://registry.npmjs.org/qs cache-hit
1160 silly fetch manifest depd@^2.0.0
1161 silly packumentCache full:https://registry.npmjs.org/depd cache-miss
1162 http cache https://registry.npmjs.org/readdirp 11ms (cache hit)
1163 silly packumentCache full:https://registry.npmjs.org/readdirp set size:107589 disposed:false
1164 silly fetch manifest etag@^1.8.1
1165 silly packumentCache full:https://registry.npmjs.org/etag cache-miss
1166 http cache https://registry.npmjs.org/fast-uri 14ms (cache hit)
1167 silly packumentCache full:https://registry.npmjs.org/fast-uri set size:61472 disposed:false
1168 silly fetch manifest once@^1.4.0
1169 silly packumentCache full:https://registry.npmjs.org/once cache-miss
1170 http cache https://registry.npmjs.org/mz 9ms (cache hit)
1171 silly packumentCache full:https://registry.npmjs.org/mz set size:42731 disposed:false
1172 silly fetch manifest send@^1.1.0
1173 silly packumentCache full:https://registry.npmjs.org/send cache-miss
1174 http cache https://registry.npmjs.org/parse5-htmlparser2-tree-adapter 9ms (cache hit)
1175 silly packumentCache full:https://registry.npmjs.org/parse5-htmlparser2-tree-adapter set size:21911 disposed:false
1176 silly fetch manifest vary@^1.1.2
1177 silly packumentCache full:https://registry.npmjs.org/vary cache-miss
1178 http cache https://registry.npmjs.org/highlight.js 12ms (cache hit)
1179 silly packumentCache full:https://registry.npmjs.org/highlight.js set size:1244415 disposed:false
1180 silly fetch manifest debug@^4.4.0
1181 silly packumentCache full:https://registry.npmjs.org/debug cache-hit
1182 silly fetch manifest fresh@^2.0.0
1183 silly packumentCache full:https://registry.npmjs.org/fresh cache-miss
1184 http cache https://registry.npmjs.org/parse5 17ms (cache hit)
1185 silly packumentCache full:https://registry.npmjs.org/parse5 set size:120807 disposed:false
1186 silly fetch manifest cookie@^0.7.1
1187 silly packumentCache full:https://registry.npmjs.org/cookie cache-miss
1188 http cache https://registry.npmjs.org/yargs 15ms (cache hit)
1189 silly packumentCache full:https://registry.npmjs.org/yargs set size:743056 disposed:false
1190 silly fetch manifest router@^2.2.0
1191 silly packumentCache full:https://registry.npmjs.org/router cache-miss
1192 http cache https://registry.npmjs.org/etag 17ms (cache hit)
1193 silly packumentCache full:https://registry.npmjs.org/etag set size:30032 disposed:false
1194 silly fetch manifest accepts@^2.0.0
1195 silly packumentCache full:https://registry.npmjs.org/accepts cache-miss
1196 http cache https://registry.npmjs.org/depd 19ms (cache hit)
1197 silly packumentCache full:https://registry.npmjs.org/depd set size:40182 disposed:false
1198 silly fetch manifest type-is@^2.0.1
1199 silly packumentCache full:https://registry.npmjs.org/type-is cache-miss
1200 http cache https://registry.npmjs.org/once 18ms (cache hit)
1201 silly packumentCache full:https://registry.npmjs.org/once set size:11752 disposed:false
1202 silly fetch manifest parseurl@^1.3.3
1203 silly packumentCache full:https://registry.npmjs.org/parseurl cache-miss
1204 http cache https://registry.npmjs.org/vary 18ms (cache hit)
1205 silly packumentCache full:https://registry.npmjs.org/vary set size:16018 disposed:false
1206 silly fetch manifest statuses@^2.0.1
1207 silly packumentCache full:https://registry.npmjs.org/statuses cache-miss
1208 http cache https://registry.npmjs.org/fresh 11ms (cache hit)
1209 silly packumentCache full:https://registry.npmjs.org/fresh set size:25427 disposed:false
1210 silly fetch manifest encodeurl@^2.0.0
1211 silly packumentCache full:https://registry.npmjs.org/encodeurl cache-miss
1212 http cache https://registry.npmjs.org/send 19ms (cache hit)
1213 silly packumentCache full:https://registry.npmjs.org/send set size:152810 disposed:false
1214 silly fetch manifest mime-types@^3.0.0
1215 silly packumentCache full:https://registry.npmjs.org/mime-types cache-hit
1216 silly fetch manifest proxy-addr@^2.0.7
1217 silly packumentCache full:https://registry.npmjs.org/proxy-addr cache-miss
1218 http cache https://registry.npmjs.org/cookie 12ms (cache hit)
1219 silly packumentCache full:https://registry.npmjs.org/cookie set size:72891 disposed:false
1220 silly fetch manifest body-parser@^2.2.1
1221 silly packumentCache full:https://registry.npmjs.org/body-parser cache-miss
1222 http cache https://registry.npmjs.org/router 11ms (cache hit)
1223 silly packumentCache full:https://registry.npmjs.org/router set size:116499 disposed:false
1224 silly fetch manifest escape-html@^1.0.3
1225 silly packumentCache full:https://registry.npmjs.org/escape-html cache-miss
1226 http cache https://registry.npmjs.org/accepts 12ms (cache hit)
1227 silly packumentCache full:https://registry.npmjs.org/accepts set size:77054 disposed:false
1228 silly fetch manifest http-errors@^2.0.0
1229 silly packumentCache full:https://registry.npmjs.org/http-errors cache-miss
1230 http cache https://registry.npmjs.org/statuses 12ms (cache hit)
1231 silly packumentCache full:https://registry.npmjs.org/statuses set size:37117 disposed:false
1232 silly fetch manifest on-finished@^2.4.1
1233 silly packumentCache full:https://registry.npmjs.org/on-finished cache-miss
1234 http cache https://registry.npmjs.org/type-is 14ms (cache hit)
1235 silly packumentCache full:https://registry.npmjs.org/type-is set size:86196 disposed:false
1236 silly fetch manifest content-type@^1.0.5
1237 silly packumentCache full:https://registry.npmjs.org/content-type cache-miss
1238 http cache https://registry.npmjs.org/parseurl 14ms (cache hit)
1239 silly packumentCache full:https://registry.npmjs.org/parseurl set size:24148 disposed:false
1240 silly fetch manifest finalhandler@^2.1.0
1241 silly packumentCache full:https://registry.npmjs.org/finalhandler cache-miss
1242 http cache https://registry.npmjs.org/encodeurl 13ms (cache hit)
1243 silly packumentCache full:https://registry.npmjs.org/encodeurl set size:12296 disposed:false
1244 silly fetch manifest range-parser@^1.2.1
1245 silly packumentCache full:https://registry.npmjs.org/range-parser cache-miss
1246 http cache https://registry.npmjs.org/proxy-addr 13ms (cache hit)
1247 silly packumentCache full:https://registry.npmjs.org/proxy-addr set size:61619 disposed:false
1248 silly fetch manifest serve-static@^2.2.0
1249 silly packumentCache full:https://registry.npmjs.org/serve-static cache-miss
1250 http cache https://registry.npmjs.org/body-parser 13ms (cache hit)
1251 silly packumentCache full:https://registry.npmjs.org/body-parser set size:216830 disposed:false
1252 silly fetch manifest cookie-signature@^1.2.1
1253 silly packumentCache full:https://registry.npmjs.org/cookie-signature cache-miss
1254 http cache https://registry.npmjs.org/escape-html 12ms (cache hit)
1255 silly packumentCache full:https://registry.npmjs.org/escape-html set size:7345 disposed:false
1256 silly fetch manifest merge-descriptors@^2.0.0
1257 silly packumentCache full:https://registry.npmjs.org/merge-descriptors cache-miss
1258 http cache https://registry.npmjs.org/finalhandler 10ms (cache hit)
1259 silly packumentCache full:https://registry.npmjs.org/finalhandler set size:79291 disposed:false
1260 silly fetch manifest content-disposition@^1.0.0
1261 silly packumentCache full:https://registry.npmjs.org/content-disposition cache-miss
1262 http cache https://registry.npmjs.org/serve-static 9ms (cache hit)
1263 silly packumentCache full:https://registry.npmjs.org/serve-static set size:150391 disposed:false
1264 silly fetch manifest @tokenizer/inflate@^0.4.1
1265 silly packumentCache full:https://registry.npmjs.org/@tokenizer%2finflate cache-miss
1266 http cache https://registry.npmjs.org/http-errors 16ms (cache hit)
1267 silly packumentCache full:https://registry.npmjs.org/http-errors set size:71987 disposed:false
1268 silly fetch manifest strtok3@^10.3.4
1269 silly packumentCache full:https://registry.npmjs.org/strtok3 cache-miss
1270 http cache https://registry.npmjs.org/range-parser 13ms (cache hit)
1271 silly packumentCache full:https://registry.npmjs.org/range-parser set size:22228 disposed:false
1272 silly fetch manifest token-types@^6.1.1
1273 silly packumentCache full:https://registry.npmjs.org/token-types cache-miss
1274 http cache https://registry.npmjs.org/cookie-signature 10ms (cache hit)
1275 silly packumentCache full:https://registry.npmjs.org/cookie-signature set size:21777 disposed:false
1276 silly fetch manifest uint8array-extras@^1.4.0
1277 silly packumentCache full:https://registry.npmjs.org/uint8array-extras cache-miss
1278 http cache https://registry.npmjs.org/on-finished 16ms (cache hit)
1279 silly packumentCache full:https://registry.npmjs.org/on-finished set size:23212 disposed:false
1280 silly fetch manifest extend@^3.0.2
1281 silly packumentCache full:https://registry.npmjs.org/extend cache-miss
1282 http cache https://registry.npmjs.org/content-type 15ms (cache hit)
1283 silly packumentCache full:https://registry.npmjs.org/content-type set size:17311 disposed:false
1284 silly fetch manifest rimraf@^5.0.1
1285 silly packumentCache full:https://registry.npmjs.org/rimraf cache-miss
1286 http cache https://registry.npmjs.org/merge-descriptors 15ms (cache hit)
1287 silly packumentCache full:https://registry.npmjs.org/merge-descriptors set size:16527 disposed:false
1288 silly fetch manifest node-fetch@^3.3.2
1289 silly packumentCache full:https://registry.npmjs.org/node-fetch cache-hit
1290 silly fetch manifest https-proxy-agent@^7.0.1
1291 silly packumentCache full:https://registry.npmjs.org/https-proxy-agent cache-hit
1292 silly fetch manifest base64-js@^1.3.0
1293 silly packumentCache full:https://registry.npmjs.org/base64-js cache-miss
1294 http cache https://registry.npmjs.org/content-disposition 16ms (cache hit)
1295 silly packumentCache full:https://registry.npmjs.org/content-disposition set size:34469 disposed:false
1296 silly fetch manifest ecdsa-sig-formatter@^1.0.11
1297 silly packumentCache full:https://registry.npmjs.org/ecdsa-sig-formatter cache-miss
1298 http cache https://registry.npmjs.org/@tokenizer%2finflate 15ms (cache hit)
1299 silly packumentCache full:https://registry.npmjs.org/@tokenizer%2finflate set size:32390 disposed:false
1300 silly fetch manifest gcp-metadata@8.1.2
1301 silly packumentCache full:https://registry.npmjs.org/gcp-metadata cache-miss
1302 http cache https://registry.npmjs.org/token-types 14ms (cache hit)
1303 silly packumentCache full:https://registry.npmjs.org/token-types set size:155133 disposed:false
1304 silly fetch manifest google-logging-utils@1.1.3
1305 silly packumentCache full:https://registry.npmjs.org/google-logging-utils cache-miss
1306 http cache https://registry.npmjs.org/strtok3 16ms (cache hit)
1307 silly packumentCache full:https://registry.npmjs.org/strtok3 set size:409207 disposed:false
1308 silly fetch manifest jws@^4.0.0
1309 silly packumentCache full:https://registry.npmjs.org/jws cache-miss
1310 http cache https://registry.npmjs.org/extend 19ms (cache hit)
1311 silly packumentCache full:https://registry.npmjs.org/extend set size:25974 disposed:false
1312 silly fetch manifest debug@4
1313 silly packumentCache full:https://registry.npmjs.org/debug cache-hit
1314 silly fetch manifest agent-base@^7.1.2
1315 silly packumentCache full:https://registry.npmjs.org/agent-base cache-miss
1316 http cache https://registry.npmjs.org/uint8array-extras 20ms (cache hit)
1317 silly packumentCache full:https://registry.npmjs.org/uint8array-extras set size:36606 disposed:false
1318 silly fetch manifest lie@~3.3.0
1319 silly packumentCache full:https://registry.npmjs.org/lie cache-miss
1320 http cache https://registry.npmjs.org/rimraf 20ms (cache hit)
1321 silly packumentCache full:https://registry.npmjs.org/rimraf set size:212644 disposed:false
1322 silly fetch manifest pako@~1.0.2
1323 silly packumentCache full:https://registry.npmjs.org/pako cache-miss
1324 http cache https://registry.npmjs.org/gcp-metadata 16ms (cache hit)
1325 silly packumentCache full:https://registry.npmjs.org/gcp-metadata set size:191448 disposed:false
1326 silly fetch manifest setimmediate@^1.0.5
1327 silly packumentCache full:https://registry.npmjs.org/setimmediate cache-miss
1328 http cache https://registry.npmjs.org/base64-js 19ms (cache hit)
1329 silly packumentCache full:https://registry.npmjs.org/base64-js set size:41270 disposed:false
1330 silly fetch manifest readable-stream@~2.3.6
1331 silly packumentCache full:https://registry.npmjs.org/readable-stream cache-miss
1332 http cache https://registry.npmjs.org/google-logging-utils 16ms (cache hit)
1333 silly packumentCache full:https://registry.npmjs.org/google-logging-utils set size:21694 disposed:false
1334 silly fetch manifest css-select@^5.1.0
1335 silly packumentCache full:https://registry.npmjs.org/css-select cache-miss
1336 http cache https://registry.npmjs.org/jws 15ms (cache hit)
1337 silly packumentCache full:https://registry.npmjs.org/jws set size:48919 disposed:false
1338 silly fetch manifest cssom@^0.5.0
1339 silly packumentCache full:https://registry.npmjs.org/cssom cache-miss
1340 http cache https://registry.npmjs.org/ecdsa-sig-formatter 21ms (cache hit)
1341 silly packumentCache full:https://registry.npmjs.org/ecdsa-sig-formatter set size:23546 disposed:false
1342 silly fetch manifest html-escaper@^3.0.3
1343 silly packumentCache full:https://registry.npmjs.org/html-escaper cache-miss
1344 http cache https://registry.npmjs.org/lie 13ms (cache hit)
1345 silly packumentCache full:https://registry.npmjs.org/lie set size:93874 disposed:false
1346 silly fetch manifest htmlparser2@^10.0.0
1347 silly packumentCache full:https://registry.npmjs.org/htmlparser2 cache-miss
1348 http cache https://registry.npmjs.org/agent-base 15ms (cache hit)
1349 silly packumentCache full:https://registry.npmjs.org/agent-base set size:67460 disposed:false
1350 silly fetch manifest uhyphen@^0.2.0
1351 silly packumentCache full:https://registry.npmjs.org/uhyphen cache-miss
1352 http cache https://registry.npmjs.org/pako 13ms (cache hit)
1353 silly packumentCache full:https://registry.npmjs.org/pako set size:74234 disposed:false
1354 silly fetch manifest argparse@^2.0.1
1355 silly packumentCache full:https://registry.npmjs.org/argparse cache-miss
1356 http cache https://registry.npmjs.org/setimmediate 12ms (cache hit)
1357 silly packumentCache full:https://registry.npmjs.org/setimmediate set size:17282 disposed:false
1358 silly fetch manifest entities@^4.4.0
1359 silly packumentCache full:https://registry.npmjs.org/entities cache-miss
1360 http cache https://registry.npmjs.org/css-select 11ms (cache hit)
1361 silly packumentCache full:https://registry.npmjs.org/css-select set size:108853 disposed:false
1362 silly fetch manifest linkify-it@^5.0.0
1363 silly packumentCache full:https://registry.npmjs.org/linkify-it cache-miss
1364 http cache https://registry.npmjs.org/readable-stream 13ms (cache hit)
1365 silly packumentCache full:https://registry.npmjs.org/readable-stream set size:261096 disposed:false
1366 silly fetch manifest mdurl@^2.0.0
1367 silly packumentCache full:https://registry.npmjs.org/mdurl cache-miss
1368 http cache https://registry.npmjs.org/cssom 12ms (cache hit)
1369 silly packumentCache full:https://registry.npmjs.org/cssom set size:42138 disposed:false
1370 silly fetch manifest punycode.js@^2.3.1
1371 silly packumentCache full:https://registry.npmjs.org/punycode.js cache-miss
1372 http cache https://registry.npmjs.org/html-escaper 12ms (cache hit)
1373 silly packumentCache full:https://registry.npmjs.org/html-escaper set size:29853 disposed:false
1374 silly fetch manifest uc.micro@^2.1.0
1375 silly packumentCache full:https://registry.npmjs.org/uc.micro cache-miss
1376 http cache https://registry.npmjs.org/uhyphen 11ms (cache hit)
1377 silly packumentCache full:https://registry.npmjs.org/uhyphen set size:10719 disposed:false
1378 silly fetch manifest yargs@^17.7.2
1379 silly packumentCache full:https://registry.npmjs.org/yargs cache-hit
1380 silly fetch manifest ora@^9.3.0
1381 silly packumentCache full:https://registry.npmjs.org/ora cache-miss
1382 http cache https://registry.npmjs.org/htmlparser2 13ms (cache hit)
1383 silly packumentCache full:https://registry.npmjs.org/htmlparser2 set size:165347 disposed:false
1384 silly fetch manifest bytes@^3.1.2
1385 silly packumentCache full:https://registry.npmjs.org/bytes cache-miss
1386 http cache https://registry.npmjs.org/argparse 13ms (cache hit)
1387 silly packumentCache full:https://registry.npmjs.org/argparse set size:49266 disposed:false
1388 silly fetch manifest ipull@^3.9.5
1389 silly packumentCache full:https://registry.npmjs.org/ipull cache-miss
1390 http cache https://registry.npmjs.org/linkify-it 10ms (cache hit)
1391 silly packumentCache full:https://registry.npmjs.org/linkify-it set size:62527 disposed:false
1392 silly fetch manifest which@^6.0.1
1393 silly packumentCache full:https://registry.npmjs.org/which cache-miss
1394 http cache https://registry.npmjs.org/punycode.js 9ms (cache hit)
1395 silly packumentCache full:https://registry.npmjs.org/punycode.js set size:13508 disposed:false
1396 silly fetch manifest ignore@^7.0.4
1397 silly packumentCache full:https://registry.npmjs.org/ignore cache-hit
1398 silly fetch manifest nanoid@^5.1.6
1399 silly packumentCache full:https://registry.npmjs.org/nanoid cache-miss
1400 http cache https://registry.npmjs.org/mdurl 10ms (cache hit)
1401 silly packumentCache full:https://registry.npmjs.org/mdurl set size:9361 disposed:false
1402 silly fetch manifest semver@^7.7.1
1403 silly packumentCache full:https://registry.npmjs.org/semver cache-hit
1404 silly fetch manifest chmodrp@^1.0.2
1405 silly packumentCache full:https://registry.npmjs.org/chmodrp cache-miss
1406 http cache https://registry.npmjs.org/ora 9ms (cache hit)
1407 silly packumentCache full:https://registry.npmjs.org/ora set size:142374 disposed:false
1408 silly fetch manifest env-var@^7.5.0
1409 silly packumentCache full:https://registry.npmjs.org/env-var cache-miss
1410 http cache https://registry.npmjs.org/entities 15ms (cache hit)
1411 silly packumentCache full:https://registry.npmjs.org/entities set size:99036 disposed:false
1412 silly fetch manifest octokit@^5.0.5
1413 silly packumentCache full:https://registry.npmjs.org/octokit cache-miss
1414 http cache https://registry.npmjs.org/uc.micro 13ms (cache hit)
1415 silly packumentCache full:https://registry.npmjs.org/uc.micro set size:16457 disposed:false
1416 silly fetch manifest cmake-js@^8.0.0
1417 silly packumentCache full:https://registry.npmjs.org/cmake-js cache-miss
1418 http cache https://registry.npmjs.org/bytes 11ms (cache hit)
1419 silly packumentCache full:https://registry.npmjs.org/bytes set size:37018 disposed:false
1420 silly fetch manifest fs-extra@^11.3.0
1421 silly packumentCache full:https://registry.npmjs.org/fs-extra cache-miss
1422 http cache https://registry.npmjs.org/ipull 13ms (cache hit)
1423 silly packumentCache full:https://registry.npmjs.org/ipull set size:241213 disposed:false
1424 silly fetch manifest pretty-ms@^9.3.0
1425 silly packumentCache full:https://registry.npmjs.org/pretty-ms cache-miss
1426 http cache https://registry.npmjs.org/which 14ms (cache hit)
1427 silly packumentCache full:https://registry.npmjs.org/which set size:67805 disposed:false
1428 silly fetch manifest filenamify@^6.0.0
1429 silly packumentCache full:https://registry.npmjs.org/filenamify cache-miss
1430 http cache https://registry.npmjs.org/env-var 13ms (cache hit)
1431 silly packumentCache full:https://registry.npmjs.org/env-var set size:148239 disposed:false
1432 silly fetch manifest simple-git@^3.31.1
1433 silly packumentCache full:https://registry.npmjs.org/simple-git cache-miss
1434 http cache https://registry.npmjs.org/chmodrp 15ms (cache hit)
1435 silly packumentCache full:https://registry.npmjs.org/chmodrp set size:9290 disposed:false
1436 silly fetch manifest slice-ansi@^8.0.0
1437 silly packumentCache full:https://registry.npmjs.org/slice-ansi cache-miss
1438 http cache https://registry.npmjs.org/cmake-js 13ms (cache hit)
1439 silly packumentCache full:https://registry.npmjs.org/cmake-js set size:210823 disposed:false
1440 silly fetch manifest strip-ansi@^7.1.2
1441 silly packumentCache full:https://registry.npmjs.org/strip-ansi cache-hit
1442 silly fetch manifest async-retry@^1.3.3
1443 silly packumentCache full:https://registry.npmjs.org/async-retry cache-miss
1444 http cache https://registry.npmjs.org/octokit 18ms (cache hit)
1445 silly packumentCache full:https://registry.npmjs.org/octokit set size:290473 disposed:false
1446 silly fetch manifest cross-spawn@^7.0.6
1447 silly packumentCache full:https://registry.npmjs.org/cross-spawn cache-miss
1448 http cache https://registry.npmjs.org/nanoid 24ms (cache hit)
1449 silly packumentCache full:https://registry.npmjs.org/nanoid set size:298419 disposed:false
1450 silly fetch manifest log-symbols@^7.0.1
1451 silly packumentCache full:https://registry.npmjs.org/log-symbols cache-miss
1452 http cache https://registry.npmjs.org/fs-extra 21ms (cache hit)
1453 silly packumentCache full:https://registry.npmjs.org/fs-extra set size:230266 disposed:false
1454 silly fetch manifest stdout-update@^4.0.1
1455 silly packumentCache full:https://registry.npmjs.org/stdout-update cache-miss
1456 http cache https://registry.npmjs.org/pretty-ms 18ms (cache hit)
1457 silly packumentCache full:https://registry.npmjs.org/pretty-ms set size:61783 disposed:false
1458 silly fetch manifest node-addon-api@^8.5.0
1459 silly packumentCache full:https://registry.npmjs.org/node-addon-api cache-hit
1460 silly fetch manifest lifecycle-utils@^3.1.1
1461 silly packumentCache full:https://registry.npmjs.org/lifecycle-utils cache-miss
1462 http cache https://registry.npmjs.org/filenamify 22ms (cache hit)
1463 silly packumentCache full:https://registry.npmjs.org/filenamify set size:48675 disposed:false
1464 silly fetch manifest @huggingface/jinja@^0.5.5
1465 silly packumentCache full:https://registry.npmjs.org/@huggingface%2fjinja cache-miss
1466 http cache https://registry.npmjs.org/slice-ansi 21ms (cache hit)
1467 silly packumentCache full:https://registry.npmjs.org/slice-ansi set size:34449 disposed:false
1468 silly fetch manifest is-unicode-supported@^2.1.0
1469 silly packumentCache full:https://registry.npmjs.org/is-unicode-supported cache-miss
1470 http cache https://registry.npmjs.org/simple-git 22ms (cache hit)
1471 silly packumentCache full:https://registry.npmjs.org/simple-git set size:674780 disposed:false
1472 silly fetch manifest validate-npm-package-name@^7.0.2
1473 silly packumentCache full:https://registry.npmjs.org/validate-npm-package-name cache-miss
1474 http cache https://registry.npmjs.org/cross-spawn 17ms (cache hit)
1475 silly packumentCache full:https://registry.npmjs.org/cross-spawn set size:109066 disposed:false
1476 silly fetch manifest @node-llama-cpp/mac-x64@3.16.2
1477 silly packumentCache full:https://registry.npmjs.org/@node-llama-cpp%2fmac-x64 cache-miss
1478 http cache https://registry.npmjs.org/log-symbols 16ms (cache hit)
1479 silly packumentCache full:https://registry.npmjs.org/log-symbols set size:31977 disposed:false
1480 silly fetch manifest @node-llama-cpp/win-x64@3.16.2
1481 silly packumentCache full:https://registry.npmjs.org/@node-llama-cpp%2fwin-x64 cache-miss
1482 http cache https://registry.npmjs.org/stdout-update 15ms (cache hit)
1483 silly packumentCache full:https://registry.npmjs.org/stdout-update set size:152512 disposed:false
1484 silly fetch manifest @node-llama-cpp/linux-x64@3.16.2
1485 silly packumentCache full:https://registry.npmjs.org/@node-llama-cpp%2flinux-x64 cache-miss
1486 http cache https://registry.npmjs.org/async-retry 23ms (cache hit)
1487 silly packumentCache full:https://registry.npmjs.org/async-retry set size:51916 disposed:false
1488 silly fetch manifest @node-llama-cpp/win-arm64@3.16.2
1489 silly packumentCache full:https://registry.npmjs.org/@node-llama-cpp%2fwin-arm64 cache-miss
1490 http cache https://registry.npmjs.org/lifecycle-utils 19ms (cache hit)
1491 silly packumentCache full:https://registry.npmjs.org/lifecycle-utils set size:88491 disposed:false
1492 silly fetch manifest @node-llama-cpp/linux-arm64@3.16.2
1493 silly packumentCache full:https://registry.npmjs.org/@node-llama-cpp%2flinux-arm64 cache-miss
1494 http cache https://registry.npmjs.org/validate-npm-package-name 14ms (cache hit)
1495 silly packumentCache full:https://registry.npmjs.org/validate-npm-package-name set size:48201 disposed:false
1496 silly fetch manifest @node-llama-cpp/linux-armv7l@3.16.2
1497 silly packumentCache full:https://registry.npmjs.org/@node-llama-cpp%2flinux-armv7l cache-miss
1498 http cache https://registry.npmjs.org/is-unicode-supported 22ms (cache hit)
1499 silly packumentCache full:https://registry.npmjs.org/is-unicode-supported set size:19461 disposed:false
1500 silly fetch manifest @node-llama-cpp/win-x64-cuda@3.16.2
1501 silly packumentCache full:https://registry.npmjs.org/@node-llama-cpp%2fwin-x64-cuda cache-miss
1502 http cache https://registry.npmjs.org/@node-llama-cpp%2fmac-x64 18ms (cache hit)
1503 silly packumentCache full:https://registry.npmjs.org/@node-llama-cpp%2fmac-x64 set size:71234 disposed:false
1504 silly fetch manifest @node-llama-cpp/linux-x64-cuda@3.16.2
1505 silly packumentCache full:https://registry.npmjs.org/@node-llama-cpp%2flinux-x64-cuda cache-miss
1506 http cache https://registry.npmjs.org/@huggingface%2fjinja 25ms (cache hit)
1507 silly packumentCache full:https://registry.npmjs.org/@huggingface%2fjinja set size:69589 disposed:false
1508 silly fetch manifest @node-llama-cpp/win-x64-vulkan@3.16.2
1509 silly packumentCache full:https://registry.npmjs.org/@node-llama-cpp%2fwin-x64-vulkan cache-miss
1510 http cache https://registry.npmjs.org/@node-llama-cpp%2fwin-x64 19ms (cache hit)
1511 silly packumentCache full:https://registry.npmjs.org/@node-llama-cpp%2fwin-x64 set size:71315 disposed:false
1512 silly fetch manifest @node-llama-cpp/mac-arm64-metal@3.16.2
1513 silly packumentCache full:https://registry.npmjs.org/@node-llama-cpp%2fmac-arm64-metal cache-miss
1514 http cache https://registry.npmjs.org/@node-llama-cpp%2fwin-arm64 17ms (cache hit)
1515 silly packumentCache full:https://registry.npmjs.org/@node-llama-cpp%2fwin-arm64 set size:72185 disposed:false
1516 silly fetch manifest @node-llama-cpp/linux-x64-vulkan@3.16.2
1517 silly packumentCache full:https://registry.npmjs.org/@node-llama-cpp%2flinux-x64-vulkan cache-miss
1518 http cache https://registry.npmjs.org/@node-llama-cpp%2flinux-x64 21ms (cache hit)
1519 silly packumentCache full:https://registry.npmjs.org/@node-llama-cpp%2flinux-x64 set size:73963 disposed:false
1520 silly fetch manifest @node-llama-cpp/win-x64-cuda-ext@3.16.2
1521 silly packumentCache full:https://registry.npmjs.org/@node-llama-cpp%2fwin-x64-cuda-ext cache-miss
1522 http cache https://registry.npmjs.org/@node-llama-cpp%2flinux-arm64 18ms (cache hit)
1523 silly packumentCache full:https://registry.npmjs.org/@node-llama-cpp%2flinux-arm64 set size:74874 disposed:false
1524 silly fetch manifest @node-llama-cpp/linux-x64-cuda-ext@3.16.2
1525 silly packumentCache full:https://registry.npmjs.org/@node-llama-cpp%2flinux-x64-cuda-ext cache-miss
1526 http cache https://registry.npmjs.org/@node-llama-cpp%2flinux-armv7l 18ms (cache hit)
1527 silly packumentCache full:https://registry.npmjs.org/@node-llama-cpp%2flinux-armv7l set size:75062 disposed:false
1528 silly fetch manifest node-readable-to-web-readable-stream@^0.4.2
1529 silly packumentCache full:https://registry.npmjs.org/node-readable-to-web-readable-stream cache-miss
1530 http cache https://registry.npmjs.org/@node-llama-cpp%2fwin-x64-cuda 14ms (cache hit)
1531 silly packumentCache full:https://registry.npmjs.org/@node-llama-cpp%2fwin-x64-cuda set size:92937 disposed:false
1532 silly fetch manifest sqlite-vec-linux-x64@0.1.7-alpha.2
1533 silly packumentCache full:https://registry.npmjs.org/sqlite-vec-linux-x64 cache-miss
1534 http cache https://registry.npmjs.org/@node-llama-cpp%2fwin-x64-vulkan 12ms (cache hit)
1535 silly packumentCache full:https://registry.npmjs.org/@node-llama-cpp%2fwin-x64-vulkan set size:73830 disposed:false
1536 silly fetch manifest sqlite-vec-darwin-x64@0.1.7-alpha.2
1537 silly packumentCache full:https://registry.npmjs.org/sqlite-vec-darwin-x64 cache-miss
1538 http cache https://registry.npmjs.org/@node-llama-cpp%2flinux-x64-cuda 14ms (cache hit)
1539 silly packumentCache full:https://registry.npmjs.org/@node-llama-cpp%2flinux-x64-cuda set size:94323 disposed:false
1540 silly fetch manifest sqlite-vec-linux-arm64@0.1.7-alpha.2
1541 silly packumentCache full:https://registry.npmjs.org/sqlite-vec-linux-arm64 cache-miss
1542 http cache https://registry.npmjs.org/@node-llama-cpp%2flinux-x64-vulkan 13ms (cache hit)
1543 silly packumentCache full:https://registry.npmjs.org/@node-llama-cpp%2flinux-x64-vulkan set size:74930 disposed:false
1544 silly fetch manifest sqlite-vec-windows-x64@0.1.7-alpha.2
1545 silly packumentCache full:https://registry.npmjs.org/sqlite-vec-windows-x64 cache-miss
1546 http cache https://registry.npmjs.org/@node-llama-cpp%2fmac-arm64-metal 15ms (cache hit)
1547 silly packumentCache full:https://registry.npmjs.org/@node-llama-cpp%2fmac-arm64-metal set size:74379 disposed:false
1548 silly fetch manifest sqlite-vec-darwin-arm64@0.1.7-alpha.2
1549 silly packumentCache full:https://registry.npmjs.org/sqlite-vec-darwin-arm64 cache-miss
1550 http cache https://registry.npmjs.org/@node-llama-cpp%2fwin-x64-cuda-ext 13ms (cache hit)
1551 silly packumentCache full:https://registry.npmjs.org/@node-llama-cpp%2fwin-x64-cuda-ext set size:31621 disposed:false
1552 silly fetch manifest ansi-regex@^6.2.2
1553 silly packumentCache full:https://registry.npmjs.org/ansi-regex cache-miss
1554 http cache https://registry.npmjs.org/@node-llama-cpp%2flinux-x64-cuda-ext 13ms (cache hit)
1555 silly packumentCache full:https://registry.npmjs.org/@node-llama-cpp%2flinux-x64-cuda-ext set size:32089 disposed:false
1556 silly fetch manifest @isaacs/fs-minipass@^4.0.0
1557 silly packumentCache full:https://registry.npmjs.org/@isaacs%2ffs-minipass cache-miss
1558 http cache https://registry.npmjs.org/sqlite-vec-linux-x64 10ms (cache hit)
1559 silly packumentCache full:https://registry.npmjs.org/sqlite-vec-linux-x64 set size:103776 disposed:false
1560 silly fetch manifest chownr@^3.0.0
1561 silly packumentCache full:https://registry.npmjs.org/chownr cache-miss
1562 http cache https://registry.npmjs.org/sqlite-vec-linux-arm64 9ms (cache hit)
1563 silly packumentCache full:https://registry.npmjs.org/sqlite-vec-linux-arm64 set size:6132 disposed:false
1564 silly fetch manifest minipass@^7.1.2
1565 silly packumentCache full:https://registry.npmjs.org/minipass cache-miss
1566 http cache https://registry.npmjs.org/node-readable-to-web-readable-stream 13ms (cache hit)
1567 silly packumentCache full:https://registry.npmjs.org/node-readable-to-web-readable-stream set size:26065 disposed:false
1568 silly fetch manifest minizlib@^3.1.0
1569 silly packumentCache full:https://registry.npmjs.org/minizlib cache-miss
1570 http cache https://registry.npmjs.org/sqlite-vec-windows-x64 11ms (cache hit)
1571 silly packumentCache full:https://registry.npmjs.org/sqlite-vec-windows-x64 set size:103083 disposed:false
1572 silly fetch manifest yallist@^5.0.0
1573 silly packumentCache full:https://registry.npmjs.org/yallist cache-miss
1574 http cache https://registry.npmjs.org/sqlite-vec-darwin-arm64 11ms (cache hit)
1575 silly packumentCache full:https://registry.npmjs.org/sqlite-vec-darwin-arm64 set size:105289 disposed:false
1576 http cache https://registry.npmjs.org/sqlite-vec-darwin-x64 13ms (cache hit)
1577 silly packumentCache full:https://registry.npmjs.org/sqlite-vec-darwin-x64 set size:104282 disposed:false
1578 http cache https://registry.npmjs.org/ansi-regex 13ms (cache hit)
1579 silly packumentCache full:https://registry.npmjs.org/ansi-regex set size:43572 disposed:false
1580 http cache https://registry.npmjs.org/@isaacs%2ffs-minipass 13ms (cache hit)
1581 silly packumentCache full:https://registry.npmjs.org/@isaacs%2ffs-minipass set size:7912 disposed:false
1582 http cache https://registry.npmjs.org/yallist 8ms (cache hit)
1583 silly packumentCache full:https://registry.npmjs.org/yallist set size:34610 disposed:false
1584 http cache https://registry.npmjs.org/chownr 11ms (cache hit)
1585 silly packumentCache full:https://registry.npmjs.org/chownr set size:22157 disposed:false
1586 http cache https://registry.npmjs.org/minipass 11ms (cache hit)
1587 silly packumentCache full:https://registry.npmjs.org/minipass set size:276925 disposed:false
1588 http cache https://registry.npmjs.org/minizlib 12ms (cache hit)
1589 silly packumentCache full:https://registry.npmjs.org/minizlib set size:62862 disposed:false
1590 silly fetch manifest aws-crt@>=1.0.0
1591 silly packumentCache full:https://registry.npmjs.org/aws-crt cache-miss
1592 http cache https://registry.npmjs.org/aws-crt 11ms (cache hit)
1593 silly packumentCache full:https://registry.npmjs.org/aws-crt set size:474108 disposed:false
1594 silly placeDep node_modules/openclaw @aws-crypto/sha256-browser@5.2.0 OK for: @aws-sdk/client-bedrock@3.1000.0 want: 5.2.0
1595 silly placeDep node_modules/openclaw @aws-crypto/sha256-js@5.2.0 OK for: @aws-sdk/client-bedrock@3.1000.0 want: 5.2.0
1596 silly placeDep node_modules/openclaw @aws-sdk/core@3.973.15 OK for: @aws-sdk/client-bedrock@3.1000.0 want: ^3.973.15
1597 silly placeDep node_modules/openclaw @aws-sdk/credential-provider-node@3.972.14 OK for: @aws-sdk/client-bedrock@3.1000.0 want: ^3.972.14
1598 silly placeDep node_modules/openclaw @aws-sdk/middleware-host-header@3.972.6 OK for: @aws-sdk/client-bedrock@3.1000.0 want: ^3.972.6
1599 silly placeDep node_modules/openclaw @aws-sdk/middleware-logger@3.972.6 OK for: @aws-sdk/client-bedrock@3.1000.0 want: ^3.972.6
1600 silly placeDep node_modules/openclaw @aws-sdk/middleware-recursion-detection@3.972.6 OK for: @aws-sdk/client-bedrock@3.1000.0 want: ^3.972.6
1601 silly placeDep node_modules/openclaw @aws-sdk/middleware-user-agent@3.972.15 OK for: @aws-sdk/client-bedrock@3.1000.0 want: ^3.972.15
1602 silly placeDep node_modules/openclaw @aws-sdk/region-config-resolver@3.972.6 OK for: @aws-sdk/client-bedrock@3.1000.0 want: ^3.972.6
1603 silly placeDep node_modules/openclaw @aws-sdk/token-providers@3.1000.0 OK for: @aws-sdk/client-bedrock@3.1000.0 want: 3.1000.0
1604 silly placeDep node_modules/openclaw @aws-sdk/types@3.973.4 OK for: @aws-sdk/client-bedrock@3.1000.0 want: ^3.973.4
1605 silly placeDep node_modules/openclaw @aws-sdk/util-endpoints@3.996.3 OK for: @aws-sdk/client-bedrock@3.1000.0 want: ^3.996.3
1606 silly placeDep node_modules/openclaw @aws-sdk/util-user-agent-browser@3.972.6 OK for: @aws-sdk/client-bedrock@3.1000.0 want: ^3.972.6
1607 silly placeDep node_modules/openclaw @aws-sdk/util-user-agent-node@3.973.0 OK for: @aws-sdk/client-bedrock@3.1000.0 want: ^3.973.0
1608 silly placeDep node_modules/openclaw @smithy/config-resolver@4.4.9 OK for: @aws-sdk/client-bedrock@3.1000.0 want: ^4.4.9
1609 silly placeDep node_modules/openclaw @smithy/core@3.23.6 OK for: @aws-sdk/client-bedrock@3.1000.0 want: ^3.23.6
1610 silly placeDep node_modules/openclaw @smithy/fetch-http-handler@5.3.11 OK for: @aws-sdk/client-bedrock@3.1000.0 want: ^5.3.11
1611 silly placeDep node_modules/openclaw @smithy/hash-node@4.2.10 OK for: @aws-sdk/client-bedrock@3.1000.0 want: ^4.2.10
1612 silly placeDep node_modules/openclaw @smithy/invalid-dependency@4.2.10 OK for: @aws-sdk/client-bedrock@3.1000.0 want: ^4.2.10
1613 silly placeDep node_modules/openclaw @smithy/middleware-content-length@4.2.10 OK for: @aws-sdk/client-bedrock@3.1000.0 want: ^4.2.10
1614 silly placeDep node_modules/openclaw @smithy/middleware-endpoint@4.4.20 OK for: @aws-sdk/client-bedrock@3.1000.0 want: ^4.4.20
1615 silly placeDep node_modules/openclaw @smithy/middleware-retry@4.4.37 OK for: @aws-sdk/client-bedrock@3.1000.0 want: ^4.4.37
1616 silly placeDep node_modules/openclaw @smithy/middleware-serde@4.2.11 OK for: @aws-sdk/client-bedrock@3.1000.0 want: ^4.2.11
1617 silly placeDep node_modules/openclaw @smithy/middleware-stack@4.2.10 OK for: @aws-sdk/client-bedrock@3.1000.0 want: ^4.2.10
1618 silly placeDep node_modules/openclaw @smithy/node-config-provider@4.3.10 OK for: @aws-sdk/client-bedrock@3.1000.0 want: ^4.3.10
1619 silly placeDep node_modules/openclaw @smithy/node-http-handler@4.4.12 OK for: @aws-sdk/client-bedrock@3.1000.0 want: ^4.4.12
1620 silly placeDep node_modules/openclaw @smithy/protocol-http@5.3.10 OK for: @aws-sdk/client-bedrock@3.1000.0 want: ^5.3.10
1621 silly placeDep node_modules/openclaw @smithy/smithy-client@4.12.0 OK for: @aws-sdk/client-bedrock@3.1000.0 want: ^4.12.0
1622 silly placeDep node_modules/openclaw @smithy/types@4.13.0 OK for: @aws-sdk/client-bedrock@3.1000.0 want: ^4.13.0
1623 silly placeDep node_modules/openclaw @smithy/url-parser@4.2.10 OK for: @aws-sdk/client-bedrock@3.1000.0 want: ^4.2.10
1624 silly placeDep node_modules/openclaw @smithy/util-base64@4.3.1 OK for: @aws-sdk/client-bedrock@3.1000.0 want: ^4.3.1
1625 silly placeDep node_modules/openclaw @smithy/util-body-length-browser@4.2.1 OK for: @aws-sdk/client-bedrock@3.1000.0 want: ^4.2.1
1626 silly placeDep node_modules/openclaw @smithy/util-body-length-node@4.2.2 OK for: @aws-sdk/client-bedrock@3.1000.0 want: ^4.2.2
1627 silly placeDep node_modules/openclaw @smithy/util-defaults-mode-browser@4.3.36 OK for: @aws-sdk/client-bedrock@3.1000.0 want: ^4.3.36
1628 silly placeDep node_modules/openclaw @smithy/util-defaults-mode-node@4.2.39 OK for: @aws-sdk/client-bedrock@3.1000.0 want: ^4.2.39
1629 silly placeDep node_modules/openclaw @smithy/util-endpoints@3.3.1 OK for: @aws-sdk/client-bedrock@3.1000.0 want: ^3.3.1
1630 silly placeDep node_modules/openclaw @smithy/util-middleware@4.2.10 OK for: @aws-sdk/client-bedrock@3.1000.0 want: ^4.2.10
1631 silly placeDep node_modules/openclaw @smithy/util-retry@4.2.10 OK for: @aws-sdk/client-bedrock@3.1000.0 want: ^4.2.10
1632 silly placeDep node_modules/openclaw @smithy/util-utf8@4.2.1 OK for: @aws-sdk/client-bedrock@3.1000.0 want: ^4.2.1
1633 silly placeDep node_modules/openclaw tslib@2.8.1 OK for: @aws-sdk/client-bedrock@3.1000.0 want: ^2.6.2
1634 silly fetch manifest @aws-sdk/types@^3.222.0
1635 silly packumentCache full:https://registry.npmjs.org/@aws-sdk%2ftypes cache-hit
1636 silly fetch manifest @aws-crypto/util@^5.2.0
1637 silly packumentCache full:https://registry.npmjs.org/@aws-crypto%2futil cache-miss
1638 silly fetch manifest @smithy/util-utf8@^2.0.0
1639 silly packumentCache full:https://registry.npmjs.org/@smithy%2futil-utf8 cache-hit
1640 silly fetch manifest @aws-crypto/sha256-js@^5.2.0
1641 silly packumentCache full:https://registry.npmjs.org/@aws-crypto%2fsha256-js cache-hit
1642 silly fetch manifest @aws-sdk/util-locate-window@^3.0.0
1643 silly packumentCache full:https://registry.npmjs.org/@aws-sdk%2futil-locate-window cache-miss
1644 silly fetch manifest @aws-crypto/supports-web-crypto@^5.2.0
1645 silly packumentCache full:https://registry.npmjs.org/@aws-crypto%2fsupports-web-crypto cache-miss
1646 silly fetch manifest @aws-sdk/types@^3.222.0
1647 silly packumentCache full:https://registry.npmjs.org/@aws-sdk%2ftypes cache-hit
1648 silly fetch manifest @aws-crypto/util@^5.2.0
1649 silly packumentCache full:https://registry.npmjs.org/@aws-crypto%2futil cache-miss
1650 silly fetch manifest @aws-sdk/xml-builder@^3.972.8
1651 silly packumentCache full:https://registry.npmjs.org/@aws-sdk%2fxml-builder cache-miss
1652 silly fetch manifest @smithy/property-provider@^4.2.10
1653 silly packumentCache full:https://registry.npmjs.org/@smithy%2fproperty-provider cache-miss
1654 silly fetch manifest @smithy/signature-v4@^5.3.10
1655 silly packumentCache full:https://registry.npmjs.org/@smithy%2fsignature-v4 cache-miss
1656 silly fetch manifest @aws-sdk/credential-provider-env@^3.972.13
1657 silly packumentCache full:https://registry.npmjs.org/@aws-sdk%2fcredential-provider-env cache-miss
1658 silly fetch manifest @aws-sdk/credential-provider-http@^3.972.15
1659 silly packumentCache full:https://registry.npmjs.org/@aws-sdk%2fcredential-provider-http cache-miss
1660 http cache https://registry.npmjs.org/@aws-crypto%2futil 8ms (cache hit)
1661 silly packumentCache full:https://registry.npmjs.org/@aws-crypto%2futil set size:30876 disposed:false
1662 silly fetch manifest @aws-sdk/credential-provider-ini@^3.972.13
1663 silly packumentCache full:https://registry.npmjs.org/@aws-sdk%2fcredential-provider-ini cache-miss
1664 http cache https://registry.npmjs.org/@aws-sdk%2futil-locate-window 9ms (cache hit)
1665 silly packumentCache full:https://registry.npmjs.org/@aws-sdk%2futil-locate-window set size:218534 disposed:false
1666 silly fetch manifest @aws-sdk/credential-provider-process@^3.972.13
1667 silly packumentCache full:https://registry.npmjs.org/@aws-sdk%2fcredential-provider-process cache-miss
1668 http cache https://registry.npmjs.org/@aws-sdk%2fxml-builder 9ms (cache hit)
1669 silly packumentCache full:https://registry.npmjs.org/@aws-sdk%2fxml-builder set size:307502 disposed:false
1670 silly fetch manifest @aws-sdk/credential-provider-sso@^3.972.13
1671 silly packumentCache full:https://registry.npmjs.org/@aws-sdk%2fcredential-provider-sso cache-miss
1672 http cache https://registry.npmjs.org/@smithy%2fproperty-provider 10ms (cache hit)
1673 silly packumentCache full:https://registry.npmjs.org/@smithy%2fproperty-provider set size:186218 disposed:false
1674 silly fetch manifest @aws-sdk/credential-provider-web-identity@^3.972.13
1675 silly packumentCache full:https://registry.npmjs.org/@aws-sdk%2fcredential-provider-web-identity cache-miss
1676 http cache https://registry.npmjs.org/@aws-crypto%2fsupports-web-crypto 12ms (cache hit)
1677 silly packumentCache full:https://registry.npmjs.org/@aws-crypto%2fsupports-web-crypto set size:41745 disposed:false
1678 silly fetch manifest @smithy/credential-provider-imds@^4.2.10
1679 silly packumentCache full:https://registry.npmjs.org/@smithy%2fcredential-provider-imds cache-miss
1680 http cache https://registry.npmjs.org/@aws-crypto%2futil 12ms (cache hit)
1681 silly packumentCache full:https://registry.npmjs.org/@aws-crypto%2futil set size:30876 disposed:false
1682 silly packumentCache full:https://registry.npmjs.org/@aws-crypto%2futil dispose
1683 silly fetch manifest @smithy/shared-ini-file-loader@^4.4.5
1684 silly packumentCache full:https://registry.npmjs.org/@smithy%2fshared-ini-file-loader cache-miss
1685 http cache https://registry.npmjs.org/@smithy%2fsignature-v4 12ms (cache hit)
1686 silly packumentCache full:https://registry.npmjs.org/@smithy%2fsignature-v4 set size:216346 disposed:false
1687 silly fetch manifest @aws/lambda-invoke-store@^0.2.2
1688 silly packumentCache full:https://registry.npmjs.org/@aws%2flambda-invoke-store cache-miss
1689 http cache https://registry.npmjs.org/@aws-sdk%2fcredential-provider-http 14ms (cache hit)
1690 silly packumentCache full:https://registry.npmjs.org/@aws-sdk%2fcredential-provider-http set size:475861 disposed:false
1691 silly fetch manifest @aws-sdk/nested-clients@^3.996.3
1692 silly packumentCache full:https://registry.npmjs.org/@aws-sdk%2fnested-clients cache-miss
1693 http cache https://registry.npmjs.org/@aws-sdk%2fcredential-provider-env 17ms (cache hit)
1694 silly packumentCache full:https://registry.npmjs.org/@aws-sdk%2fcredential-provider-env set size:811305 disposed:false
1695 silly fetch manifest @smithy/shared-ini-file-loader@^4.4.5
1696 silly packumentCache full:https://registry.npmjs.org/@smithy%2fshared-ini-file-loader cache-miss
1697 http cache https://registry.npmjs.org/@aws-sdk%2fcredential-provider-ini 19ms (cache hit)
1698 silly packumentCache full:https://registry.npmjs.org/@aws-sdk%2fcredential-provider-ini set size:1672956 disposed:false
1699 silly fetch manifest bowser@^2.11.0
1700 silly packumentCache full:https://registry.npmjs.org/bowser cache-miss
1701 http cache https://registry.npmjs.org/@aws-sdk%2fcredential-provider-sso 22ms (cache hit)
1702 silly packumentCache full:https://registry.npmjs.org/@aws-sdk%2fcredential-provider-sso set size:1429846 disposed:false
1703 silly fetch manifest @smithy/util-config-provider@^4.2.1
1704 silly packumentCache full:https://registry.npmjs.org/@smithy%2futil-config-provider cache-miss
1705 http cache https://registry.npmjs.org/@aws-sdk%2fcredential-provider-process 29ms (cache hit)
1706 silly packumentCache full:https://registry.npmjs.org/@aws-sdk%2fcredential-provider-process set size:887721 disposed:false
1707 silly fetch manifest @smithy/util-stream@^4.5.15
1708 silly packumentCache full:https://registry.npmjs.org/@smithy%2futil-stream cache-miss
1709 http cache https://registry.npmjs.org/@smithy%2fcredential-provider-imds 29ms (cache hit)
1710 silly packumentCache full:https://registry.npmjs.org/@smithy%2fcredential-provider-imds set size:235737 disposed:false
1711 silly fetch manifest @smithy/uuid@^1.1.1
1712 silly packumentCache full:https://registry.npmjs.org/@smithy%2fuuid cache-miss
1713 http cache https://registry.npmjs.org/@aws-sdk%2fcredential-provider-web-identity 31ms (cache hit)
1714 silly packumentCache full:https://registry.npmjs.org/@aws-sdk%2fcredential-provider-web-identity set size:867773 disposed:false
1715 silly fetch manifest @smithy/querystring-builder@^4.2.10
1716 silly packumentCache full:https://registry.npmjs.org/@smithy%2fquerystring-builder cache-miss
1717 http cache https://registry.npmjs.org/@smithy%2fshared-ini-file-loader 34ms (cache hit)
1718 silly packumentCache full:https://registry.npmjs.org/@smithy%2fshared-ini-file-loader set size:232466 disposed:false
1719 silly fetch manifest @smithy/util-buffer-from@^4.2.1
1720 silly packumentCache full:https://registry.npmjs.org/@smithy%2futil-buffer-from cache-miss
1721 http cache https://registry.npmjs.org/@aws-sdk%2fnested-clients 31ms (cache hit)
1722 silly packumentCache full:https://registry.npmjs.org/@aws-sdk%2fnested-clients set size:618990 disposed:false
1723 silly fetch manifest @smithy/service-error-classification@^4.2.10
1724 silly packumentCache full:https://registry.npmjs.org/@smithy%2fservice-error-classification cache-miss
1725 http cache https://registry.npmjs.org/@aws%2flambda-invoke-store 37ms (cache hit)
1726 silly packumentCache full:https://registry.npmjs.org/@aws%2flambda-invoke-store set size:35903 disposed:false
1727 silly fetch manifest @smithy/uuid@^1.1.1
1728 silly packumentCache full:https://registry.npmjs.org/@smithy%2fuuid cache-miss
1729 http cache https://registry.npmjs.org/@smithy%2fshared-ini-file-loader 32ms (cache hit)
1730 silly packumentCache full:https://registry.npmjs.org/@smithy%2fshared-ini-file-loader set size:232466 disposed:false
1731 silly packumentCache full:https://registry.npmjs.org/@smithy%2fshared-ini-file-loader dispose
1732 silly fetch manifest @smithy/abort-controller@^4.2.10
1733 silly packumentCache full:https://registry.npmjs.org/@smithy%2fabort-controller cache-miss
1734 http cache https://registry.npmjs.org/bowser 26ms (cache hit)
1735 silly packumentCache full:https://registry.npmjs.org/bowser set size:197673 disposed:false
1736 silly fetch manifest @smithy/querystring-builder@^4.2.10
1737 silly packumentCache full:https://registry.npmjs.org/@smithy%2fquerystring-builder cache-miss
1738 http cache https://registry.npmjs.org/@smithy%2fuuid 18ms (cache hit)
1739 silly packumentCache full:https://registry.npmjs.org/@smithy%2fuuid set size:10090 disposed:false
1740 silly fetch manifest @smithy/util-stream@^4.5.15
1741 silly packumentCache full:https://registry.npmjs.org/@smithy%2futil-stream cache-miss
1742 http cache https://registry.npmjs.org/@smithy%2fquerystring-builder 14ms (cache hit)
1743 silly packumentCache full:https://registry.npmjs.org/@smithy%2fquerystring-builder set size:182157 disposed:false
1744 silly fetch manifest @smithy/querystring-parser@^4.2.10
1745 silly packumentCache full:https://registry.npmjs.org/@smithy%2fquerystring-parser cache-miss
1746 http cache https://registry.npmjs.org/@smithy%2futil-config-provider 24ms (cache hit)
1747 silly packumentCache full:https://registry.npmjs.org/@smithy%2futil-config-provider set size:41038 disposed:false
1748 silly fetch manifest @smithy/util-buffer-from@^4.2.1
1749 silly packumentCache full:https://registry.npmjs.org/@smithy%2futil-buffer-from cache-miss
1750 http cache https://registry.npmjs.org/@smithy%2futil-stream 21ms (cache hit)
1751 silly packumentCache full:https://registry.npmjs.org/@smithy%2futil-stream set size:416650 disposed:false
1752 silly fetch manifest @smithy/service-error-classification@^4.2.10
1753 silly packumentCache full:https://registry.npmjs.org/@smithy%2fservice-error-classification cache-miss
1754 http cache https://registry.npmjs.org/@smithy%2fuuid 13ms (cache hit)
1755 silly packumentCache full:https://registry.npmjs.org/@smithy%2fuuid set size:10090 disposed:false
1756 silly packumentCache full:https://registry.npmjs.org/@smithy%2fuuid dispose
1757 silly fetch manifest @smithy/util-buffer-from@^4.2.1
1758 silly packumentCache full:https://registry.npmjs.org/@smithy%2futil-buffer-from cache-miss
1759 http cache https://registry.npmjs.org/@smithy%2fabort-controller 11ms (cache hit)
1760 silly packumentCache full:https://registry.npmjs.org/@smithy%2fabort-controller set size:168950 disposed:false
1761 http cache https://registry.npmjs.org/@smithy%2fservice-error-classification 14ms (cache hit)
1762 silly packumentCache full:https://registry.npmjs.org/@smithy%2fservice-error-classification set size:172529 disposed:false
1763 http cache https://registry.npmjs.org/@smithy%2futil-buffer-from 19ms (cache hit)
1764 silly packumentCache full:https://registry.npmjs.org/@smithy%2futil-buffer-from set size:41115 disposed:false
1765 http cache https://registry.npmjs.org/@smithy%2fquerystring-builder 10ms (cache hit)
1766 silly packumentCache full:https://registry.npmjs.org/@smithy%2fquerystring-builder set size:182157 disposed:false
1767 silly packumentCache full:https://registry.npmjs.org/@smithy%2fquerystring-builder dispose
1768 http cache https://registry.npmjs.org/@smithy%2futil-stream 11ms (cache hit)
1769 silly packumentCache full:https://registry.npmjs.org/@smithy%2futil-stream set size:416650 disposed:false
1770 silly packumentCache full:https://registry.npmjs.org/@smithy%2futil-stream dispose
1771 http cache https://registry.npmjs.org/@smithy%2fservice-error-classification 9ms (cache hit)
1772 silly packumentCache full:https://registry.npmjs.org/@smithy%2fservice-error-classification set size:172529 disposed:false
1773 silly packumentCache full:https://registry.npmjs.org/@smithy%2fservice-error-classification dispose
1774 http cache https://registry.npmjs.org/@smithy%2futil-buffer-from 11ms (cache hit)
1775 silly packumentCache full:https://registry.npmjs.org/@smithy%2futil-buffer-from set size:41115 disposed:false
1776 silly packumentCache full:https://registry.npmjs.org/@smithy%2futil-buffer-from dispose
1777 http cache https://registry.npmjs.org/@smithy%2fquerystring-parser 13ms (cache hit)
1778 silly packumentCache full:https://registry.npmjs.org/@smithy%2fquerystring-parser set size:180696 disposed:false
1779 http cache https://registry.npmjs.org/@smithy%2futil-buffer-from 9ms (cache hit)
1780 silly packumentCache full:https://registry.npmjs.org/@smithy%2futil-buffer-from set size:41115 disposed:true
1781 silly packumentCache full:https://registry.npmjs.org/@smithy%2futil-buffer-from dispose
1782 silly placeDep node_modules/openclaw @aws-crypto/supports-web-crypto@5.2.0 OK for: @aws-crypto/sha256-browser@5.2.0 want: ^5.2.0
1783 silly placeDep node_modules/openclaw @aws-crypto/util@5.2.0 OK for: @aws-crypto/sha256-browser@5.2.0 want: ^5.2.0
1784 silly placeDep node_modules/openclaw @aws-sdk/util-locate-window@3.965.4 OK for: @aws-crypto/sha256-browser@5.2.0 want: ^3.0.0
1785 silly placeDep node_modules/openclaw/node_modules/@aws-crypto/sha256-browser @smithy/util-utf8@2.3.0 OK for: @aws-crypto/sha256-browser@5.2.0 want: ^2.0.0
1786 silly fetch manifest @smithy/util-buffer-from@^2.2.0
1787 silly packumentCache full:https://registry.npmjs.org/@smithy%2futil-buffer-from cache-hit
1788 silly placeDep node_modules/openclaw/node_modules/@aws-crypto/util @smithy/util-utf8@2.3.0 OK for: @aws-crypto/util@5.2.0 want: ^2.0.0
1789 silly placeDep node_modules/openclaw @aws-sdk/xml-builder@3.972.8 OK for: @aws-sdk/core@3.973.15 want: ^3.972.8
1790 silly placeDep node_modules/openclaw @smithy/property-provider@4.2.10 OK for: @aws-sdk/core@3.973.15 want: ^4.2.10
1791 silly placeDep node_modules/openclaw @smithy/signature-v4@5.3.10 OK for: @aws-sdk/core@3.973.15 want: ^5.3.10
1792 silly fetch manifest fast-xml-parser@5.3.6
1793 silly packumentCache full:https://registry.npmjs.org/fast-xml-parser cache-miss
1794 silly fetch manifest @smithy/is-array-buffer@^4.2.1
1795 silly packumentCache full:https://registry.npmjs.org/@smithy%2fis-array-buffer cache-miss
1796 silly fetch manifest @smithy/util-hex-encoding@^4.2.1
1797 silly packumentCache full:https://registry.npmjs.org/@smithy%2futil-hex-encoding cache-miss
1798 silly fetch manifest @smithy/util-uri-escape@^4.2.1
1799 silly packumentCache full:https://registry.npmjs.org/@smithy%2futil-uri-escape cache-miss
1800 http cache https://registry.npmjs.org/@smithy%2fis-array-buffer 2ms (cache hit)
1801 silly packumentCache full:https://registry.npmjs.org/@smithy%2fis-array-buffer set size:37570 disposed:false
1802 http cache https://registry.npmjs.org/@smithy%2futil-hex-encoding 3ms (cache hit)
1803 silly packumentCache full:https://registry.npmjs.org/@smithy%2futil-hex-encoding set size:37700 disposed:false
1804 http cache https://registry.npmjs.org/@smithy%2futil-uri-escape 3ms (cache hit)
1805 silly packumentCache full:https://registry.npmjs.org/@smithy%2futil-uri-escape set size:40225 disposed:false
1806 http cache https://registry.npmjs.org/fast-xml-parser 4ms (cache hit)
1807 silly packumentCache full:https://registry.npmjs.org/fast-xml-parser set size:535807 disposed:false
1808 silly placeDep node_modules/openclaw @aws-sdk/credential-provider-env@3.972.13 OK for: @aws-sdk/credential-provider-node@3.972.14 want: ^3.972.13
1809 silly placeDep node_modules/openclaw @aws-sdk/credential-provider-http@3.972.15 OK for: @aws-sdk/credential-provider-node@3.972.14 want: ^3.972.15
1810 silly placeDep node_modules/openclaw @aws-sdk/credential-provider-ini@3.972.13 OK for: @aws-sdk/credential-provider-node@3.972.14 want: ^3.972.13
1811 silly placeDep node_modules/openclaw @aws-sdk/credential-provider-process@3.972.13 OK for: @aws-sdk/credential-provider-node@3.972.14 want: ^3.972.13
1812 silly placeDep node_modules/openclaw @aws-sdk/credential-provider-sso@3.972.13 OK for: @aws-sdk/credential-provider-node@3.972.14 want: ^3.972.13
1813 silly placeDep node_modules/openclaw @aws-sdk/credential-provider-web-identity@3.972.13 OK for: @aws-sdk/credential-provider-node@3.972.14 want: ^3.972.13
1814 silly placeDep node_modules/openclaw @smithy/credential-provider-imds@4.2.10 OK for: @aws-sdk/credential-provider-node@3.972.14 want: ^4.2.10
1815 silly placeDep node_modules/openclaw @smithy/shared-ini-file-loader@4.4.5 OK for: @aws-sdk/credential-provider-node@3.972.14 want: ^4.4.5
1816 silly fetch manifest @aws-sdk/credential-provider-login@^3.972.13
1817 silly packumentCache full:https://registry.npmjs.org/@aws-sdk%2fcredential-provider-login cache-miss
1818 silly fetch manifest @aws-sdk/token-providers@3.999.0
1819 silly packumentCache full:https://registry.npmjs.org/@aws-sdk%2ftoken-providers cache-miss
1820 http cache https://registry.npmjs.org/@aws-sdk%2ftoken-providers 4ms (cache hit)
1821 silly packumentCache full:https://registry.npmjs.org/@aws-sdk%2ftoken-providers set size:1046641 disposed:false
1822 http cache https://registry.npmjs.org/@aws-sdk%2fcredential-provider-login 8ms (cache hit)
1823 silly packumentCache full:https://registry.npmjs.org/@aws-sdk%2fcredential-provider-login set size:106162 disposed:false
1824 silly placeDep node_modules/openclaw @smithy/util-stream@4.5.15 OK for: @aws-sdk/credential-provider-http@3.972.15 want: ^4.5.15
1825 silly placeDep node_modules/openclaw @aws-sdk/credential-provider-login@3.972.13 OK for: @aws-sdk/credential-provider-ini@3.972.13 want: ^3.972.13
1826 silly placeDep node_modules/openclaw @aws-sdk/nested-clients@3.996.3 OK for: @aws-sdk/credential-provider-ini@3.972.13 want: ^3.996.3
1827 silly placeDep node_modules/openclaw/node_modules/@aws-sdk/credential-provider-sso @aws-sdk/token-providers@3.999.0 OK for: @aws-sdk/credential-provider-sso@3.972.13 want: 3.999.0
1828 silly placeDep node_modules/openclaw @aws/lambda-invoke-store@0.2.3 OK for: @aws-sdk/middleware-recursion-detection@3.972.6 want: ^0.2.2
1829 silly placeDep node_modules/openclaw bowser@2.14.1 OK for: @aws-sdk/util-user-agent-browser@3.972.6 want: ^2.11.0
1830 silly placeDep node_modules/openclaw fast-xml-parser@5.3.6 OK for: @aws-sdk/xml-builder@3.972.8 want: 5.3.6
1831 silly fetch manifest strnum@^2.1.2
1832 silly packumentCache full:https://registry.npmjs.org/strnum cache-miss
1833 http cache https://registry.npmjs.org/strnum 2ms (cache hit)
1834 silly packumentCache full:https://registry.npmjs.org/strnum set size:36552 disposed:false
1835 silly fetch manifest hono@^4
1836 silly packumentCache full:https://registry.npmjs.org/hono cache-miss
1837 http cache https://registry.npmjs.org/hono 8ms (cache hit)
1838 silly packumentCache full:https://registry.npmjs.org/hono set size:5409518 disposed:false
1839 silly placeDep node_modules/openclaw @cloudflare/workers-types@4.20260120.0 OK for: @buape/carbon@0.0.0-beta-20260216184201 want: 4.20260120.0
1840 silly placeDep node_modules/openclaw @hono/node-server@1.19.9 OK for: @buape/carbon@0.0.0-beta-20260216184201 want: 1.19.9
1841 silly placeDep node_modules/openclaw hono@4.12.3 OK for: @hono/node-server@1.19.9 want: ^4
1842 silly placeDep node_modules/openclaw @types/bun@1.3.9 OK for: @buape/carbon@0.0.0-beta-20260216184201 want: 1.3.9
1843 silly placeDep node_modules/openclaw @types/node@25.3.3 OK for: @buape/carbon@0.0.0-beta-20260216184201 want: ^25.0.9
1844 silly placeDep node_modules/openclaw @types/ws@8.18.1 OK for: @buape/carbon@0.0.0-beta-20260216184201 want: 8.18.1
1845 silly placeDep node_modules/openclaw/node_modules/@buape/carbon discord-api-types@0.38.37 OK for: @buape/carbon@0.0.0-beta-20260216184201 want: 0.38.37
1846 silly fetch manifest bun-types@1.3.9
1847 silly packumentCache full:https://registry.npmjs.org/bun-types cache-miss
1848 silly fetch manifest undici-types@~7.18.0
1849 silly packumentCache full:https://registry.npmjs.org/undici-types cache-miss
1850 http cache https://registry.npmjs.org/undici-types 8ms (cache hit)
1851 silly packumentCache full:https://registry.npmjs.org/undici-types set size:171546 disposed:false
1852 http cache https://registry.npmjs.org/bun-types 12ms (cache hit)
1853 silly packumentCache full:https://registry.npmjs.org/bun-types set size:2297243 disposed:false
1854 silly placeDep node_modules/openclaw @clack/core@1.0.1 OK for: @clack/prompts@1.0.1 want: 1.0.1
1855 silly placeDep node_modules/openclaw picocolors@1.1.1 OK for: @clack/prompts@1.0.1 want: ^1.0.0
1856 silly placeDep node_modules/openclaw sisteransi@1.0.5 OK for: @clack/prompts@1.0.1 want: ^1.0.5
1857 silly placeDep node_modules/openclaw @discordjs/node-pre-gyp@0.4.5 OK for: @discordjs/opus@0.10.0 want: ^0.4.5
1858 silly placeDep node_modules/openclaw node-addon-api@8.6.0 OK for: @discordjs/opus@0.10.0 want: ^8.1.0
1859 silly fetch manifest detect-libc@^2.0.0
1860 silly packumentCache full:https://registry.npmjs.org/detect-libc cache-hit
1861 silly fetch manifest https-proxy-agent@^5.0.0
1862 silly packumentCache full:https://registry.npmjs.org/https-proxy-agent cache-hit
1863 silly fetch manifest make-dir@^3.1.0
1864 silly packumentCache full:https://registry.npmjs.org/make-dir cache-miss
1865 silly fetch manifest node-fetch@^2.6.7
1866 silly packumentCache full:https://registry.npmjs.org/node-fetch cache-hit
1867 silly fetch manifest nopt@^5.0.0
1868 silly packumentCache full:https://registry.npmjs.org/nopt cache-miss
1869 silly fetch manifest npmlog@^5.0.1
1870 silly packumentCache full:https://registry.npmjs.org/npmlog cache-miss
1871 silly fetch manifest rimraf@^3.0.2
1872 silly packumentCache full:https://registry.npmjs.org/rimraf cache-hit
1873 silly fetch manifest semver@^7.3.5
1874 silly packumentCache full:https://registry.npmjs.org/semver cache-hit
1875 silly fetch manifest tar@^6.1.11
1876 silly packumentCache full:https://registry.npmjs.org/tar cache-hit
1877 http cache https://registry.npmjs.org/nopt 4ms (cache hit)
1878 silly packumentCache full:https://registry.npmjs.org/nopt set size:71592 disposed:false
1879 http cache https://registry.npmjs.org/make-dir 5ms (cache hit)
1880 silly packumentCache full:https://registry.npmjs.org/make-dir set size:34889 disposed:false
1881 http cache https://registry.npmjs.org/npmlog 5ms (cache hit)
1882 silly packumentCache full:https://registry.npmjs.org/npmlog set size:68119 disposed:false
1883 silly fetch manifest encoding@^0.1.0
1884 silly packumentCache full:https://registry.npmjs.org/encoding cache-miss
1885 http cache https://registry.npmjs.org/encoding 3ms (cache hit)
1886 silly packumentCache full:https://registry.npmjs.org/encoding set size:17833 disposed:false
1887 silly placeDep node_modules/openclaw detect-libc@2.1.2 OK for: @discordjs/node-pre-gyp@0.4.5 want: ^2.0.0
1888 silly placeDep node_modules/openclaw/node_modules/@discordjs/node-pre-gyp https-proxy-agent@5.0.1 OK for: @discordjs/node-pre-gyp@0.4.5 want: ^5.0.0
1889 silly placeDep node_modules/openclaw make-dir@3.1.0 OK for: @discordjs/node-pre-gyp@0.4.5 want: ^3.1.0
1890 silly placeDep node_modules/openclaw node-fetch@2.7.0 OK for: @discordjs/node-pre-gyp@0.4.5 want: ^2.6.7
1891 silly placeDep node_modules/openclaw nopt@5.0.0 OK for: @discordjs/node-pre-gyp@0.4.5 want: ^5.0.0
1892 silly placeDep node_modules/openclaw npmlog@5.0.1 OK for: @discordjs/node-pre-gyp@0.4.5 want: ^5.0.1
1893 silly placeDep node_modules/openclaw rimraf@3.0.2 OK for: @discordjs/node-pre-gyp@0.4.5 want: ^3.0.2
1894 silly placeDep node_modules/openclaw semver@7.7.4 OK for: @discordjs/node-pre-gyp@0.4.5 want: ^7.3.5
1895 silly placeDep node_modules/openclaw/node_modules/@discordjs/node-pre-gyp tar@6.2.1 OK for: @discordjs/node-pre-gyp@0.4.5 want: ^6.1.11
1896 silly fetch manifest agent-base@6
1897 silly packumentCache full:https://registry.npmjs.org/agent-base cache-hit
1898 silly fetch manifest semver@^6.0.0
1899 silly packumentCache full:https://registry.npmjs.org/semver cache-hit
1900 silly fetch manifest whatwg-url@^5.0.0
1901 silly packumentCache full:https://registry.npmjs.org/whatwg-url cache-miss
1902 silly fetch manifest abbrev@1
1903 silly packumentCache full:https://registry.npmjs.org/abbrev cache-miss
1904 silly fetch manifest gauge@^3.0.0
1905 silly packumentCache full:https://registry.npmjs.org/gauge cache-miss
1906 silly fetch manifest set-blocking@^2.0.0
1907 silly packumentCache full:https://registry.npmjs.org/set-blocking cache-miss
1908 silly fetch manifest are-we-there-yet@^2.0.0
1909 silly packumentCache full:https://registry.npmjs.org/are-we-there-yet cache-miss
1910 silly fetch manifest console-control-strings@^1.1.0
1911 silly packumentCache full:https://registry.npmjs.org/console-control-strings cache-miss
1912 silly fetch manifest glob@^7.1.3
1913 silly packumentCache full:https://registry.npmjs.org/glob cache-hit
1914 silly fetch manifest chownr@^2.0.0
1915 silly packumentCache full:https://registry.npmjs.org/chownr cache-hit
1916 silly fetch manifest mkdirp@^1.0.3
1917 silly packumentCache full:https://registry.npmjs.org/mkdirp cache-miss
1918 silly fetch manifest yallist@^4.0.0
1919 silly packumentCache full:https://registry.npmjs.org/yallist cache-hit
1920 silly fetch manifest minipass@^5.0.0
1921 silly packumentCache full:https://registry.npmjs.org/minipass cache-hit
1922 silly fetch manifest minizlib@^2.1.1
1923 silly packumentCache full:https://registry.npmjs.org/minizlib cache-hit
1924 silly fetch manifest fs-minipass@^2.0.0
1925 silly packumentCache full:https://registry.npmjs.org/fs-minipass cache-miss
1926 http cache https://registry.npmjs.org/set-blocking 8ms (cache hit)
1927 silly packumentCache full:https://registry.npmjs.org/set-blocking set size:5763 disposed:false
1928 http cache https://registry.npmjs.org/are-we-there-yet 9ms (cache hit)
1929 silly packumentCache full:https://registry.npmjs.org/are-we-there-yet set size:52315 disposed:false
1930 http cache https://registry.npmjs.org/gauge 9ms (cache hit)
1931 silly packumentCache full:https://registry.npmjs.org/gauge set size:101042 disposed:false
1932 http cache https://registry.npmjs.org/fs-minipass 8ms (cache hit)
1933 silly packumentCache full:https://registry.npmjs.org/fs-minipass set size:44606 disposed:false
1934 http cache https://registry.npmjs.org/abbrev 10ms (cache hit)
1935 silly packumentCache full:https://registry.npmjs.org/abbrev set size:21777 disposed:false
1936 http cache https://registry.npmjs.org/mkdirp 10ms (cache hit)
1937 silly packumentCache full:https://registry.npmjs.org/mkdirp set size:116455 disposed:false
1938 http cache https://registry.npmjs.org/whatwg-url 12ms (cache hit)
1939 silly packumentCache full:https://registry.npmjs.org/whatwg-url set size:170765 disposed:false
1940 http cache https://registry.npmjs.org/console-control-strings 13ms (cache hit)
1941 silly packumentCache full:https://registry.npmjs.org/console-control-strings set size:9235 disposed:false
1942 silly fetch manifest @discordjs/opus@>=0.8.0 <1.0.0
1943 silly packumentCache full:https://registry.npmjs.org/@discordjs%2fopus cache-hit
1944 silly fetch manifest ffmpeg-static@^5.0.2 || ^4.2.7 || ^3.0.0 || ^2.4.0
1945 silly packumentCache full:https://registry.npmjs.org/ffmpeg-static cache-miss
1946 http cache https://registry.npmjs.org/ffmpeg-static 2ms (cache hit)
1947 silly packumentCache full:https://registry.npmjs.org/ffmpeg-static set size:101147 disposed:false
1948 silly fetch manifest node-opus@^0.3.3
1949 silly packumentCache full:https://registry.npmjs.org/node-opus cache-miss
1950 http cache https://registry.npmjs.org/node-opus 4ms (cache hit)
1951 silly packumentCache full:https://registry.npmjs.org/node-opus set size:54788 disposed:false
1952 silly fetch manifest opusscript@^0.0.8
1953 silly packumentCache full:https://registry.npmjs.org/opusscript cache-hit
1954 silly placeDep node_modules/openclaw/node_modules/@discordjs/voice prism-media@1.3.5 OK for: @discordjs/voice@0.19.0 want: ^1.3.5
1955 silly placeDep node_modules/openclaw/node_modules/@discordjs/voice opusscript@0.0.8 OK for: prism-media@1.3.5 want: ^0.0.8
1956 silly placeDep node_modules/openclaw abort-controller@3.0.0 OK for: @grammyjs/runner@2.0.3 want: ^3.0.0
1957 silly fetch manifest event-target-shim@^5.0.0
1958 silly packumentCache full:https://registry.npmjs.org/event-target-shim cache-miss
1959 http cache https://registry.npmjs.org/event-target-shim 4ms (cache hit)
1960 silly packumentCache full:https://registry.npmjs.org/event-target-shim set size:103601 disposed:false
1961 silly placeDep node_modules/openclaw bottleneck@2.19.5 OK for: @grammyjs/transformer-throttler@1.2.1 want: ^2.0.0
1962 silly placeDep node_modules/openclaw debug@4.4.3 OK for: @homebridge/ciao@1.3.5 want: ^4.4.3
1963 silly placeDep node_modules/openclaw fast-deep-equal@3.1.3 OK for: @homebridge/ciao@1.3.5 want: ^3.1.3
1964 silly placeDep node_modules/openclaw source-map-support@0.5.21 OK for: @homebridge/ciao@1.3.5 want: ^0.5.21
1965 silly fetch manifest ms@^2.1.3
1966 silly packumentCache full:https://registry.npmjs.org/ms cache-miss
1967 silly fetch manifest buffer-from@^1.0.0
1968 silly packumentCache full:https://registry.npmjs.org/buffer-from cache-miss
1969 silly fetch manifest source-map@^0.6.0
1970 silly packumentCache full:https://registry.npmjs.org/source-map cache-miss
1971 http cache https://registry.npmjs.org/buffer-from 4ms (cache hit)
1972 silly packumentCache full:https://registry.npmjs.org/buffer-from set size:15463 disposed:false
1973 http cache https://registry.npmjs.org/ms 4ms (cache hit)
1974 silly packumentCache full:https://registry.npmjs.org/ms set size:92208 disposed:false
1975 http cache https://registry.npmjs.org/source-map 5ms (cache hit)
1976 silly packumentCache full:https://registry.npmjs.org/source-map set size:226141 disposed:false
1977 silly placeDep node_modules/openclaw axios@1.13.6 OK for: @larksuiteoapi/node-sdk@1.59.0 want: ~1.13.3
1978 silly placeDep node_modules/openclaw lodash.identity@3.0.0 OK for: @larksuiteoapi/node-sdk@1.59.0 want: ^3.0.0
1979 silly placeDep node_modules/openclaw lodash.merge@4.6.2 OK for: @larksuiteoapi/node-sdk@1.59.0 want: ^4.6.2
1980 silly placeDep node_modules/openclaw lodash.pickby@4.6.0 OK for: @larksuiteoapi/node-sdk@1.59.0 want: ^4.6.0
1981 silly placeDep node_modules/openclaw protobufjs@7.5.4 OK for: @larksuiteoapi/node-sdk@1.59.0 want: ^7.2.6
1982 silly placeDep node_modules/openclaw qs@6.15.0 OK for: @larksuiteoapi/node-sdk@1.59.0 want: ^6.14.2
1983 silly fetch manifest follow-redirects@^1.15.11
1984 silly packumentCache full:https://registry.npmjs.org/follow-redirects cache-miss
1985 silly fetch manifest form-data@^4.0.5
1986 silly packumentCache full:https://registry.npmjs.org/form-data cache-hit
1987 silly fetch manifest proxy-from-env@^1.1.0
1988 silly packumentCache full:https://registry.npmjs.org/proxy-from-env cache-miss
1989 silly fetch manifest @protobufjs/path@^1.1.2
1990 silly packumentCache full:https://registry.npmjs.org/@protobufjs%2fpath cache-miss
1991 silly fetch manifest @protobufjs/pool@^1.1.0
1992 silly packumentCache full:https://registry.npmjs.org/@protobufjs%2fpool cache-miss
1993 silly fetch manifest @protobufjs/utf8@^1.1.0
1994 silly packumentCache full:https://registry.npmjs.org/@protobufjs%2futf8 cache-miss
1995 silly fetch manifest @protobufjs/fetch@^1.1.0
1996 silly packumentCache full:https://registry.npmjs.org/@protobufjs%2ffetch cache-miss
1997 silly fetch manifest @protobufjs/float@^1.0.2
1998 silly packumentCache full:https://registry.npmjs.org/@protobufjs%2ffloat cache-miss
1999 silly fetch manifest @protobufjs/base64@^1.1.2
2000 silly packumentCache full:https://registry.npmjs.org/@protobufjs%2fbase64 cache-miss
2001 silly fetch manifest @protobufjs/codegen@^2.0.4
2002 silly packumentCache full:https://registry.npmjs.org/@protobufjs%2fcodegen cache-miss
2003 http cache https://registry.npmjs.org/@protobufjs%2ffloat 6ms (cache hit)
2004 silly packumentCache full:https://registry.npmjs.org/@protobufjs%2ffloat set size:9957 disposed:false
2005 silly fetch manifest @protobufjs/inquire@^1.1.0
2006 silly packumentCache full:https://registry.npmjs.org/@protobufjs%2finquire cache-miss
2007 http cache https://registry.npmjs.org/@protobufjs%2ffetch 6ms (cache hit)
2008 silly packumentCache full:https://registry.npmjs.org/@protobufjs%2ffetch set size:10099 disposed:false
2009 silly fetch manifest @protobufjs/aspromise@^1.1.2
2010 silly packumentCache full:https://registry.npmjs.org/@protobufjs%2faspromise cache-miss
2011 http cache https://registry.npmjs.org/@protobufjs%2fpath 7ms (cache hit)
2012 silly packumentCache full:https://registry.npmjs.org/@protobufjs%2fpath set size:10241 disposed:false
2013 silly fetch manifest @protobufjs/eventemitter@^1.1.0
2014 silly packumentCache full:https://registry.npmjs.org/@protobufjs%2feventemitter cache-miss
2015 http cache https://registry.npmjs.org/@protobufjs%2futf8 7ms (cache hit)
2016 silly packumentCache full:https://registry.npmjs.org/@protobufjs%2futf8 set size:13750 disposed:false
2017 silly fetch manifest side-channel@^1.1.0
2018 silly packumentCache full:https://registry.npmjs.org/side-channel cache-miss
2019 http cache https://registry.npmjs.org/@protobufjs%2fpool 8ms (cache hit)
2020 silly packumentCache full:https://registry.npmjs.org/@protobufjs%2fpool set size:10727 disposed:false
2021 http cache https://registry.npmjs.org/proxy-from-env 8ms (cache hit)
2022 silly packumentCache full:https://registry.npmjs.org/proxy-from-env set size:18911 disposed:false
2023 http cache https://registry.npmjs.org/@protobufjs%2fbase64 8ms (cache hit)
2024 silly packumentCache full:https://registry.npmjs.org/@protobufjs%2fbase64 set size:14176 disposed:false
2025 http cache https://registry.npmjs.org/follow-redirects 8ms (cache hit)
2026 silly packumentCache full:https://registry.npmjs.org/follow-redirects set size:186700 disposed:false
2027 http cache https://registry.npmjs.org/@protobufjs%2fcodegen 8ms (cache hit)
2028 silly packumentCache full:https://registry.npmjs.org/@protobufjs%2fcodegen set size:22005 disposed:false
2029 http cache https://registry.npmjs.org/@protobufjs%2finquire 7ms (cache hit)
2030 silly packumentCache full:https://registry.npmjs.org/@protobufjs%2finquire set size:6983 disposed:false
2031 http cache https://registry.npmjs.org/side-channel 6ms (cache hit)
2032 silly packumentCache full:https://registry.npmjs.org/side-channel set size:24660 disposed:false
2033 http cache https://registry.npmjs.org/@protobufjs%2feventemitter 7ms (cache hit)
2034 silly packumentCache full:https://registry.npmjs.org/@protobufjs%2feventemitter set size:11306 disposed:false
2035 http cache https://registry.npmjs.org/@protobufjs%2faspromise 7ms (cache hit)
2036 silly packumentCache full:https://registry.npmjs.org/@protobufjs%2faspromise set size:11438 disposed:false
2037 silly placeDep node_modules/openclaw/node_modules/@line/bot-sdk @types/node@24.11.0 OK for: @line/bot-sdk@10.6.0 want: ^24.0.0
2038 silly fetch manifest undici-types@~7.16.0
2039 silly packumentCache full:https://registry.npmjs.org/undici-types cache-hit
2040 silly placeDep node_modules/openclaw @lydell/node-pty-darwin-arm64@1.2.0-beta.3 OK for: @lydell/node-pty@1.2.0-beta.3 want: 1.2.0-beta.3
2041 silly placeDep node_modules/openclaw @lydell/node-pty-darwin-x64@1.2.0-beta.3 OK for: @lydell/node-pty@1.2.0-beta.3 want: 1.2.0-beta.3
2042 silly placeDep node_modules/openclaw @lydell/node-pty-linux-arm64@1.2.0-beta.3 OK for: @lydell/node-pty@1.2.0-beta.3 want: 1.2.0-beta.3
2043 silly placeDep node_modules/openclaw @lydell/node-pty-linux-x64@1.2.0-beta.3 OK for: @lydell/node-pty@1.2.0-beta.3 want: 1.2.0-beta.3
2044 silly placeDep node_modules/openclaw @lydell/node-pty-win32-arm64@1.2.0-beta.3 OK for: @lydell/node-pty@1.2.0-beta.3 want: 1.2.0-beta.3
2045 silly placeDep node_modules/openclaw @lydell/node-pty-win32-x64@1.2.0-beta.3 OK for: @lydell/node-pty@1.2.0-beta.3 want: 1.2.0-beta.3
2046 silly fetch manifest ws@^8.18.0
2047 silly packumentCache full:https://registry.npmjs.org/ws cache-hit
2048 silly fetch manifest zod@^3.25 || ^4.0
2049 silly packumentCache full:https://registry.npmjs.org/zod cache-miss
2050 http cache https://registry.npmjs.org/zod 4ms (cache hit)
2051 silly packumentCache full:https://registry.npmjs.org/zod set size:3489329 disposed:false
2052 silly fetch manifest @modelcontextprotocol/sdk@^1.25.2
2053 silly packumentCache full:https://registry.npmjs.org/@modelcontextprotocol%2fsdk cache-miss
2054 http cache https://registry.npmjs.org/@modelcontextprotocol%2fsdk 5ms (cache hit)
2055 silly packumentCache full:https://registry.npmjs.org/@modelcontextprotocol%2fsdk set size:268266 disposed:false
2056 silly fetch manifest @cfworker/json-schema@^4.1.1
2057 silly packumentCache full:https://registry.npmjs.org/@cfworker%2fjson-schema cache-miss
2058 http cache https://registry.npmjs.org/@cfworker%2fjson-schema 4ms (cache hit)
2059 silly packumentCache full:https://registry.npmjs.org/@cfworker%2fjson-schema set size:144207 disposed:false
2060 silly fetch manifest zod@^3.25.0 || ^4.0.0
2061 silly packumentCache full:https://registry.npmjs.org/zod cache-miss
2062 http cache https://registry.npmjs.org/zod 7ms (cache hit)
2063 silly packumentCache full:https://registry.npmjs.org/zod set size:3489329 disposed:false
2064 silly fetch manifest zod@^3.25 || ^4
2065 silly packumentCache full:https://registry.npmjs.org/zod cache-miss
2066 http cache https://registry.npmjs.org/zod 10ms (cache hit)
2067 silly packumentCache full:https://registry.npmjs.org/zod set size:3489329 disposed:false
2068 silly placeDep node_modules/openclaw @anthropic-ai/sdk@0.73.0 OK for: @mariozechner/pi-ai@0.55.3 want: ^0.73.0
2069 silly placeDep node_modules/openclaw @aws-sdk/client-bedrock-runtime@3.1000.0 OK for: @mariozechner/pi-ai@0.55.3 want: ^3.983.0
2070 silly placeDep node_modules/openclaw @google/genai@1.43.0 OK for: @mariozechner/pi-ai@0.55.3 want: ^1.40.0
2071 silly placeDep node_modules/openclaw @mistralai/mistralai@1.10.0 OK for: @mariozechner/pi-ai@0.55.3 want: 1.10.0
2072 silly placeDep node_modules/openclaw ajv-formats@3.0.1 OK for: @mariozechner/pi-ai@0.55.3 want: ^3.0.1
2073 silly placeDep node_modules/openclaw openai@6.10.0 OK for: @mariozechner/pi-ai@0.55.3 want: 6.10.0
2074 silly placeDep node_modules/openclaw partial-json@0.1.7 OK for: @mariozechner/pi-ai@0.55.3 want: ^0.1.7
2075 silly placeDep node_modules/openclaw proxy-agent@6.5.0 OK for: @mariozechner/pi-ai@0.55.3 want: ^6.5.0
2076 silly placeDep node_modules/openclaw zod-to-json-schema@3.25.1 OK for: @mariozechner/pi-ai@0.55.3 want: ^3.24.6
2077 silly fetch manifest json-schema-to-ts@^3.1.1
2078 silly packumentCache full:https://registry.npmjs.org/json-schema-to-ts cache-miss
2079 silly fetch manifest @aws-sdk/eventstream-handler-node@^3.972.9
2080 silly packumentCache full:https://registry.npmjs.org/@aws-sdk%2feventstream-handler-node cache-miss
2081 silly fetch manifest @aws-sdk/middleware-eventstream@^3.972.6
2082 silly packumentCache full:https://registry.npmjs.org/@aws-sdk%2fmiddleware-eventstream cache-miss
2083 silly fetch manifest @aws-sdk/middleware-websocket@^3.972.10
2084 silly packumentCache full:https://registry.npmjs.org/@aws-sdk%2fmiddleware-websocket cache-miss
2085 silly fetch manifest @smithy/eventstream-serde-browser@^4.2.10
2086 silly packumentCache full:https://registry.npmjs.org/@smithy%2feventstream-serde-browser cache-miss
2087 silly fetch manifest @smithy/eventstream-serde-config-resolver@^4.3.10
2088 silly packumentCache full:https://registry.npmjs.org/@smithy%2feventstream-serde-config-resolver cache-miss
2089 silly fetch manifest @smithy/eventstream-serde-node@^4.2.10
2090 silly packumentCache full:https://registry.npmjs.org/@smithy%2feventstream-serde-node cache-miss
2091 silly fetch manifest p-retry@^4.6.2
2092 silly packumentCache full:https://registry.npmjs.org/p-retry cache-hit
2093 silly fetch manifest zod@^3.20.0
2094 silly packumentCache full:https://registry.npmjs.org/zod cache-miss
2095 silly fetch manifest zod-to-json-schema@^3.24.1
2096 silly packumentCache full:https://registry.npmjs.org/zod-to-json-schema cache-hit
2097 silly fetch manifest http-proxy-agent@^7.0.1
2098 silly packumentCache full:https://registry.npmjs.org/http-proxy-agent cache-miss
2099 http cache https://registry.npmjs.org/json-schema-to-ts 6ms (cache hit)
2100 silly packumentCache full:https://registry.npmjs.org/json-schema-to-ts set size:287972 disposed:false
2101 silly fetch manifest lru-cache@^7.14.1
2102 silly packumentCache full:https://registry.npmjs.org/lru-cache cache-hit
2103 silly fetch manifest pac-proxy-agent@^7.1.0
2104 silly packumentCache full:https://registry.npmjs.org/pac-proxy-agent cache-miss
2105 http cache https://registry.npmjs.org/@aws-sdk%2fmiddleware-eventstream 9ms (cache hit)
2106 silly packumentCache full:https://registry.npmjs.org/@aws-sdk%2fmiddleware-eventstream set size:619631 disposed:false
2107 silly fetch manifest socks-proxy-agent@^8.0.5
2108 silly packumentCache full:https://registry.npmjs.org/socks-proxy-agent cache-miss
2109 http cache https://registry.npmjs.org/@smithy%2feventstream-serde-browser 11ms (cache hit)
2110 silly packumentCache full:https://registry.npmjs.org/@smithy%2feventstream-serde-browser set size:194898 disposed:false
2111 http cache https://registry.npmjs.org/@aws-sdk%2feventstream-handler-node 14ms (cache hit)
2112 silly packumentCache full:https://registry.npmjs.org/@aws-sdk%2feventstream-handler-node set size:635372 disposed:false
2113 http cache https://registry.npmjs.org/@smithy%2feventstream-serde-config-resolver 15ms (cache hit)
2114 silly packumentCache full:https://registry.npmjs.org/@smithy%2feventstream-serde-config-resolver set size:189863 disposed:false
2115 http cache https://registry.npmjs.org/http-proxy-agent 15ms (cache hit)
2116 silly packumentCache full:https://registry.npmjs.org/http-proxy-agent set size:50096 disposed:false
2117 http cache https://registry.npmjs.org/@aws-sdk%2fmiddleware-websocket 17ms (cache hit)
2118 silly packumentCache full:https://registry.npmjs.org/@aws-sdk%2fmiddleware-websocket set size:417955 disposed:false
2119 http cache https://registry.npmjs.org/@smithy%2feventstream-serde-node 18ms (cache hit)
2120 silly packumentCache full:https://registry.npmjs.org/@smithy%2feventstream-serde-node set size:191957 disposed:false
2121 http cache https://registry.npmjs.org/zod 22ms (cache hit)
2122 silly packumentCache full:https://registry.npmjs.org/zod set size:3489329 disposed:false
2123 http cache https://registry.npmjs.org/pac-proxy-agent 39ms (cache hit)
2124 silly packumentCache full:https://registry.npmjs.org/pac-proxy-agent set size:59229 disposed:false
2125 http cache https://registry.npmjs.org/socks-proxy-agent 36ms (cache hit)
2126 silly packumentCache full:https://registry.npmjs.org/socks-proxy-agent set size:96838 disposed:false
2127 silly placeDep node_modules/openclaw json-schema-to-ts@3.1.1 OK for: @anthropic-ai/sdk@0.73.0 want: ^3.1.1
2128 silly fetch manifest @babel/runtime@^7.18.3
2129 silly packumentCache full:https://registry.npmjs.org/@babel%2fruntime cache-miss
2130 silly fetch manifest ts-algebra@^2.0.0
2131 silly packumentCache full:https://registry.npmjs.org/ts-algebra cache-miss
2132 http cache https://registry.npmjs.org/ts-algebra 5ms (cache hit)
2133 silly packumentCache full:https://registry.npmjs.org/ts-algebra set size:143978 disposed:false
2134 http cache https://registry.npmjs.org/@babel%2fruntime 8ms (cache hit)
2135 silly packumentCache full:https://registry.npmjs.org/@babel%2fruntime set size:3322062 disposed:false
2136 silly placeDep node_modules/openclaw @aws-sdk/eventstream-handler-node@3.972.9 OK for: @aws-sdk/client-bedrock-runtime@3.1000.0 want: ^3.972.9
2137 silly placeDep node_modules/openclaw @aws-sdk/middleware-eventstream@3.972.6 OK for: @aws-sdk/client-bedrock-runtime@3.1000.0 want: ^3.972.6
2138 silly placeDep node_modules/openclaw @aws-sdk/middleware-websocket@3.972.10 OK for: @aws-sdk/client-bedrock-runtime@3.1000.0 want: ^3.972.10
2139 silly placeDep node_modules/openclaw @smithy/eventstream-serde-browser@4.2.10 OK for: @aws-sdk/client-bedrock-runtime@3.1000.0 want: ^4.2.10
2140 silly placeDep node_modules/openclaw @smithy/eventstream-serde-config-resolver@4.3.10 OK for: @aws-sdk/client-bedrock-runtime@3.1000.0 want: ^4.3.10
2141 silly placeDep node_modules/openclaw @smithy/eventstream-serde-node@4.2.10 OK for: @aws-sdk/client-bedrock-runtime@3.1000.0 want: ^4.2.10
2142 silly fetch manifest @smithy/eventstream-codec@^4.2.10
2143 silly packumentCache full:https://registry.npmjs.org/@smithy%2feventstream-codec cache-miss
2144 silly fetch manifest @aws-sdk/util-format-url@^3.972.6
2145 silly packumentCache full:https://registry.npmjs.org/@aws-sdk%2futil-format-url cache-miss
2146 silly fetch manifest @smithy/eventstream-codec@^4.2.10
2147 silly packumentCache full:https://registry.npmjs.org/@smithy%2feventstream-codec cache-miss
2148 silly fetch manifest @smithy/eventstream-serde-universal@^4.2.10
2149 silly packumentCache full:https://registry.npmjs.org/@smithy%2feventstream-serde-universal cache-miss
2150 silly fetch manifest @smithy/eventstream-serde-universal@^4.2.10
2151 silly packumentCache full:https://registry.npmjs.org/@smithy%2feventstream-serde-universal cache-miss
2152 http cache https://registry.npmjs.org/@aws-sdk%2futil-format-url 4ms (cache hit)
2153 silly packumentCache full:https://registry.npmjs.org/@aws-sdk%2futil-format-url set size:611933 disposed:false
2154 http cache https://registry.npmjs.org/@smithy%2feventstream-codec 6ms (cache hit)
2155 silly packumentCache full:https://registry.npmjs.org/@smithy%2feventstream-codec set size:189526 disposed:false
2156 http cache https://registry.npmjs.org/@smithy%2feventstream-serde-universal 6ms (cache hit)
2157 silly packumentCache full:https://registry.npmjs.org/@smithy%2feventstream-serde-universal set size:197996 disposed:false
2158 http cache https://registry.npmjs.org/@smithy%2feventstream-codec 8ms (cache hit)
2159 silly packumentCache full:https://registry.npmjs.org/@smithy%2feventstream-codec set size:189526 disposed:false
2160 silly packumentCache full:https://registry.npmjs.org/@smithy%2feventstream-codec dispose
2161 http cache https://registry.npmjs.org/@smithy%2feventstream-serde-universal 8ms (cache hit)
2162 silly packumentCache full:https://registry.npmjs.org/@smithy%2feventstream-serde-universal set size:197996 disposed:false
2163 silly packumentCache full:https://registry.npmjs.org/@smithy%2feventstream-serde-universal dispose
2164 silly placeDep node_modules/openclaw @smithy/eventstream-codec@4.2.10 OK for: @aws-sdk/eventstream-handler-node@3.972.9 want: ^4.2.10
2165 silly fetch manifest @aws-crypto/crc32@5.2.0
2166 silly packumentCache full:https://registry.npmjs.org/@aws-crypto%2fcrc32 cache-miss
2167 http cache https://registry.npmjs.org/@aws-crypto%2fcrc32 4ms (cache hit)
2168 silly packumentCache full:https://registry.npmjs.org/@aws-crypto%2fcrc32 set size:54461 disposed:false
2169 silly placeDep node_modules/openclaw @aws-sdk/util-format-url@3.972.6 OK for: @aws-sdk/middleware-websocket@3.972.10 want: ^3.972.6
2170 silly placeDep node_modules/openclaw @smithy/util-hex-encoding@4.2.1 OK for: @aws-sdk/middleware-websocket@3.972.10 want: ^4.2.1
2171 silly placeDep node_modules/openclaw @smithy/querystring-builder@4.2.10 OK for: @aws-sdk/util-format-url@3.972.6 want: ^4.2.10
2172 silly placeDep node_modules/openclaw p-retry@4.6.2 OK for: @google/genai@1.43.0 want: ^4.6.2
2173 silly placeDep node_modules/openclaw @mariozechner/clipboard@0.3.2 OK for: @mariozechner/pi-coding-agent@0.55.3 want: ^0.3.2
2174 silly placeDep node_modules/openclaw @mariozechner/jiti@2.6.5 OK for: @mariozechner/pi-coding-agent@0.55.3 want: ^2.6.2
2175 silly placeDep node_modules/openclaw @silvia-odwyer/photon-node@0.3.4 OK for: @mariozechner/pi-coding-agent@0.55.3 want: ^0.3.4
2176 silly placeDep node_modules/openclaw diff@8.0.3 OK for: @mariozechner/pi-coding-agent@0.55.3 want: ^8.0.2
2177 silly placeDep node_modules/openclaw extract-zip@2.0.1 OK for: @mariozechner/pi-coding-agent@0.55.3 want: ^2.0.1
2178 silly placeDep node_modules/openclaw glob@13.0.6 OK for: @mariozechner/pi-coding-agent@0.55.3 want: ^13.0.1
2179 silly placeDep node_modules/openclaw hosted-git-info@9.0.2 OK for: @mariozechner/pi-coding-agent@0.55.3 want: ^9.0.2
2180 silly placeDep node_modules/openclaw ignore@7.0.5 OK for: @mariozechner/pi-coding-agent@0.55.3 want: ^7.0.5
2181 silly placeDep node_modules/openclaw marked@15.0.12 OK for: @mariozechner/pi-coding-agent@0.55.3 want: ^15.0.12
2182 silly placeDep node_modules/openclaw minimatch@10.2.4 OK for: @mariozechner/pi-coding-agent@0.55.3 want: ^10.2.3
2183 silly placeDep node_modules/openclaw proper-lockfile@4.1.2 OK for: @mariozechner/pi-coding-agent@0.55.3 want: ^4.1.2
2184 silly fetch manifest @mariozechner/clipboard-win32-x64-msvc@0.3.2
2185 silly packumentCache full:https://registry.npmjs.org/@mariozechner%2fclipboard-win32-x64-msvc cache-miss
2186 silly fetch manifest @mariozechner/clipboard-darwin-x64@0.3.2
2187 silly packumentCache full:https://registry.npmjs.org/@mariozechner%2fclipboard-darwin-x64 cache-miss
2188 silly fetch manifest @mariozechner/clipboard-linux-x64-gnu@0.3.2
2189 silly packumentCache full:https://registry.npmjs.org/@mariozechner%2fclipboard-linux-x64-gnu cache-miss
2190 silly fetch manifest @mariozechner/clipboard-darwin-arm64@0.3.2
2191 silly packumentCache full:https://registry.npmjs.org/@mariozechner%2fclipboard-darwin-arm64 cache-miss
2192 silly fetch manifest @mariozechner/clipboard-linux-arm64-gnu@0.3.2
2193 silly packumentCache full:https://registry.npmjs.org/@mariozechner%2fclipboard-linux-arm64-gnu cache-miss
2194 silly fetch manifest @mariozechner/clipboard-linux-arm64-musl@0.3.2
2195 silly packumentCache full:https://registry.npmjs.org/@mariozechner%2fclipboard-linux-arm64-musl cache-miss
2196 silly fetch manifest @mariozechner/clipboard-win32-arm64-msvc@0.3.2
2197 silly packumentCache full:https://registry.npmjs.org/@mariozechner%2fclipboard-win32-arm64-msvc cache-miss
2198 silly fetch manifest @mariozechner/clipboard-darwin-universal@0.3.2
2199 silly packumentCache full:https://registry.npmjs.org/@mariozechner%2fclipboard-darwin-universal cache-miss
2200 silly fetch manifest @mariozechner/clipboard-linux-riscv64-gnu@0.3.2
2201 silly packumentCache full:https://registry.npmjs.org/@mariozechner%2fclipboard-linux-riscv64-gnu cache-miss
2202 http cache https://registry.npmjs.org/@mariozechner%2fclipboard-darwin-arm64 7ms (cache hit)
2203 silly packumentCache full:https://registry.npmjs.org/@mariozechner%2fclipboard-darwin-arm64 set size:4160 disposed:false
2204 silly fetch manifest @mariozechner/clipboard-linux-x64-musl@0.3.2
2205 silly packumentCache full:https://registry.npmjs.org/@mariozechner%2fclipboard-linux-x64-musl cache-miss
2206 http cache https://registry.npmjs.org/@mariozechner%2fclipboard-linux-arm64-musl 8ms (cache hit)
2207 silly packumentCache full:https://registry.npmjs.org/@mariozechner%2fclipboard-linux-arm64-musl set size:2252 disposed:false
2208 silly fetch manifest std-env@^3.10.0
2209 silly packumentCache full:https://registry.npmjs.org/std-env cache-miss
2210 http cache https://registry.npmjs.org/@mariozechner%2fclipboard-linux-arm64-gnu 8ms (cache hit)
2211 silly packumentCache full:https://registry.npmjs.org/@mariozechner%2fclipboard-linux-arm64-gnu set size:4262 disposed:false
2212 silly fetch manifest yoctocolors@^2.1.2
2213 silly packumentCache full:https://registry.npmjs.org/yoctocolors cache-miss
2214 http cache https://registry.npmjs.org/@mariozechner%2fclipboard-darwin-universal 8ms (cache hit)
2215 silly packumentCache full:https://registry.npmjs.org/@mariozechner%2fclipboard-darwin-universal set size:4203 disposed:false
2216 silly fetch manifest get-stream@^5.1.0
2217 silly packumentCache full:https://registry.npmjs.org/get-stream cache-miss
2218 http cache https://registry.npmjs.org/@mariozechner%2fclipboard-linux-riscv64-gnu 9ms (cache hit)
2219 silly packumentCache full:https://registry.npmjs.org/@mariozechner%2fclipboard-linux-riscv64-gnu set size:4307 disposed:false
2220 silly fetch manifest yauzl@^2.10.0
2221 silly packumentCache full:https://registry.npmjs.org/yauzl cache-miss
2222 http cache https://registry.npmjs.org/@mariozechner%2fclipboard-darwin-x64 9ms (cache hit)
2223 silly packumentCache full:https://registry.npmjs.org/@mariozechner%2fclipboard-darwin-x64 set size:4115 disposed:false
2224 silly fetch manifest @types/yauzl@^2.9.1
2225 silly packumentCache full:https://registry.npmjs.org/@types%2fyauzl cache-miss
2226 http cache https://registry.npmjs.org/@mariozechner%2fclipboard-linux-x64-gnu 10ms (cache hit)
2227 silly packumentCache full:https://registry.npmjs.org/@mariozechner%2fclipboard-linux-x64-gnu set size:4220 disposed:false
2228 silly fetch manifest minimatch@^10.2.2
2229 silly packumentCache full:https://registry.npmjs.org/minimatch cache-hit
2230 silly fetch manifest minipass@^7.1.3
2231 silly packumentCache full:https://registry.npmjs.org/minipass cache-hit
2232 silly fetch manifest path-scurry@^2.0.2
2233 silly packumentCache full:https://registry.npmjs.org/path-scurry cache-miss
2234 http cache https://registry.npmjs.org/@mariozechner%2fclipboard-win32-arm64-msvc 11ms (cache hit)
2235 silly packumentCache full:https://registry.npmjs.org/@mariozechner%2fclipboard-win32-arm64-msvc set size:4234 disposed:false
2236 silly fetch manifest brace-expansion@^5.0.2
2237 silly packumentCache full:https://registry.npmjs.org/brace-expansion cache-miss
2238 http cache https://registry.npmjs.org/@mariozechner%2fclipboard-win32-x64-msvc 11ms (cache hit)
2239 silly packumentCache full:https://registry.npmjs.org/@mariozechner%2fclipboard-win32-x64-msvc set size:4193 disposed:false
2240 silly fetch manifest graceful-fs@^4.2.4
2241 silly packumentCache full:https://registry.npmjs.org/graceful-fs cache-miss
2242 http cache https://registry.npmjs.org/@mariozechner%2fclipboard-linux-x64-musl 10ms (cache hit)
2243 silly packumentCache full:https://registry.npmjs.org/@mariozechner%2fclipboard-linux-x64-musl set size:4236 disposed:false
2244 silly fetch manifest retry@^0.12.0
2245 silly packumentCache full:https://registry.npmjs.org/retry cache-hit
2246 silly fetch manifest signal-exit@^3.0.2
2247 silly packumentCache full:https://registry.npmjs.org/signal-exit cache-miss
2248 http cache https://registry.npmjs.org/get-stream 9ms (cache hit)
2249 silly packumentCache full:https://registry.npmjs.org/get-stream set size:57536 disposed:false
2250 http cache https://registry.npmjs.org/std-env 11ms (cache hit)
2251 silly packumentCache full:https://registry.npmjs.org/std-env set size:84246 disposed:false
2252 http cache https://registry.npmjs.org/yoctocolors 12ms (cache hit)
2253 silly packumentCache full:https://registry.npmjs.org/yoctocolors set size:25767 disposed:false
2254 http cache https://registry.npmjs.org/yauzl 13ms (cache hit)
2255 silly packumentCache full:https://registry.npmjs.org/yauzl set size:97051 disposed:false
2256 http cache https://registry.npmjs.org/brace-expansion 12ms (cache hit)
2257 silly packumentCache full:https://registry.npmjs.org/brace-expansion set size:55744 disposed:false
2258 http cache https://registry.npmjs.org/@types%2fyauzl 14ms (cache hit)
2259 silly packumentCache full:https://registry.npmjs.org/@types%2fyauzl set size:14128 disposed:false
2260 http cache https://registry.npmjs.org/path-scurry 13ms (cache hit)
2261 silly packumentCache full:https://registry.npmjs.org/path-scurry set size:117612 disposed:false
2262 http cache https://registry.npmjs.org/graceful-fs 14ms (cache hit)
2263 silly packumentCache full:https://registry.npmjs.org/graceful-fs set size:124285 disposed:false
2264 http cache https://registry.npmjs.org/signal-exit 11ms (cache hit)
2265 silly packumentCache full:https://registry.npmjs.org/signal-exit set size:53489 disposed:false
2266 silly placeDep node_modules/openclaw @mariozechner/clipboard-darwin-arm64@0.3.2 OK for: @mariozechner/clipboard@0.3.2 want: 0.3.2
2267 silly placeDep node_modules/openclaw @mariozechner/clipboard-darwin-universal@0.3.2 OK for: @mariozechner/clipboard@0.3.2 want: 0.3.2
2268 silly placeDep node_modules/openclaw @mariozechner/clipboard-darwin-x64@0.3.2 OK for: @mariozechner/clipboard@0.3.2 want: 0.3.2
2269 silly placeDep node_modules/openclaw @mariozechner/clipboard-linux-arm64-gnu@0.3.2 OK for: @mariozechner/clipboard@0.3.2 want: 0.3.2
2270 silly placeDep node_modules/openclaw @mariozechner/clipboard-linux-arm64-musl@0.3.2 OK for: @mariozechner/clipboard@0.3.2 want: 0.3.2
2271 silly placeDep node_modules/openclaw @mariozechner/clipboard-linux-riscv64-gnu@0.3.2 OK for: @mariozechner/clipboard@0.3.2 want: 0.3.2
2272 silly placeDep node_modules/openclaw @mariozechner/clipboard-linux-x64-gnu@0.3.2 OK for: @mariozechner/clipboard@0.3.2 want: 0.3.2
2273 silly placeDep node_modules/openclaw @mariozechner/clipboard-linux-x64-musl@0.3.2 OK for: @mariozechner/clipboard@0.3.2 want: 0.3.2
2274 silly placeDep node_modules/openclaw @mariozechner/clipboard-win32-arm64-msvc@0.3.2 OK for: @mariozechner/clipboard@0.3.2 want: 0.3.2
2275 silly placeDep node_modules/openclaw @mariozechner/clipboard-win32-x64-msvc@0.3.2 OK for: @mariozechner/clipboard@0.3.2 want: 0.3.2
2276 silly placeDep node_modules/openclaw std-env@3.10.0 OK for: @mariozechner/jiti@2.6.5 want: ^3.10.0
2277 silly placeDep node_modules/openclaw yoctocolors@2.1.2 OK for: @mariozechner/jiti@2.6.5 want: ^2.1.2
2278 silly placeDep node_modules/openclaw @types/mime-types@2.1.4 OK for: @mariozechner/pi-tui@0.55.3 want: ^2.1.4
2279 silly placeDep node_modules/openclaw get-east-asian-width@1.5.0 OK for: @mariozechner/pi-tui@0.55.3 want: ^1.3.0
2280 silly placeDep node_modules/openclaw koffi@2.15.1 OK for: @mariozechner/pi-tui@0.55.3 want: ^2.9.0
2281 silly placeDep node_modules/openclaw mime-types@3.0.2 OK for: @mariozechner/pi-tui@0.55.3 want: ^3.0.1
2282 silly fetch manifest mime-db@^1.54.0
2283 silly packumentCache full:https://registry.npmjs.org/mime-db cache-miss
2284 http cache https://registry.npmjs.org/mime-db 3ms (cache hit)
2285 silly packumentCache full:https://registry.npmjs.org/mime-db set size:164953 disposed:false
2286 silly placeDep node_modules/openclaw/node_modules/@mistralai/mistralai zod@3.25.76 OK for: @mistralai/mistralai@1.10.0 want: ^3.20.0
2287 silly placeDep node_modules/openclaw @napi-rs/canvas-android-arm64@0.1.95 OK for: @napi-rs/canvas@0.1.95 want: 0.1.95
2288 silly placeDep node_modules/openclaw @napi-rs/canvas-darwin-arm64@0.1.95 OK for: @napi-rs/canvas@0.1.95 want: 0.1.95
2289 silly placeDep node_modules/openclaw @napi-rs/canvas-darwin-x64@0.1.95 OK for: @napi-rs/canvas@0.1.95 want: 0.1.95
2290 silly placeDep node_modules/openclaw @napi-rs/canvas-linux-arm-gnueabihf@0.1.95 OK for: @napi-rs/canvas@0.1.95 want: 0.1.95
2291 silly placeDep node_modules/openclaw @napi-rs/canvas-linux-arm64-gnu@0.1.95 OK for: @napi-rs/canvas@0.1.95 want: 0.1.95
2292 silly placeDep node_modules/openclaw @napi-rs/canvas-linux-arm64-musl@0.1.95 OK for: @napi-rs/canvas@0.1.95 want: 0.1.95
2293 silly placeDep node_modules/openclaw @napi-rs/canvas-linux-riscv64-gnu@0.1.95 OK for: @napi-rs/canvas@0.1.95 want: 0.1.95
2294 silly placeDep node_modules/openclaw @napi-rs/canvas-linux-x64-gnu@0.1.95 OK for: @napi-rs/canvas@0.1.95 want: 0.1.95
2295 silly placeDep node_modules/openclaw @napi-rs/canvas-linux-x64-musl@0.1.95 OK for: @napi-rs/canvas@0.1.95 want: 0.1.95
2296 silly placeDep node_modules/openclaw @napi-rs/canvas-win32-arm64-msvc@0.1.95 OK for: @napi-rs/canvas@0.1.95 want: 0.1.95
2297 silly placeDep node_modules/openclaw @napi-rs/canvas-win32-x64-msvc@0.1.95 OK for: @napi-rs/canvas@0.1.95 want: 0.1.95
2298 silly placeDep node_modules/openclaw @slack/logger@4.0.0 OK for: @slack/bolt@4.6.0 want: ^4.0.0
2299 silly placeDep node_modules/openclaw @slack/oauth@3.0.4 OK for: @slack/bolt@4.6.0 want: ^3.0.4
2300 silly placeDep node_modules/openclaw @slack/socket-mode@2.0.5 OK for: @slack/bolt@4.6.0 want: ^2.0.5
2301 silly placeDep node_modules/openclaw @slack/types@2.20.0 OK for: @slack/bolt@4.6.0 want: ^2.18.0
2302 silly placeDep node_modules/openclaw path-to-regexp@8.3.0 OK for: @slack/bolt@4.6.0 want: ^8.1.0
2303 silly placeDep node_modules/openclaw raw-body@3.0.2 OK for: @slack/bolt@4.6.0 want: ^3
2304 silly placeDep node_modules/openclaw tsscmp@1.0.6 OK for: @slack/bolt@4.6.0 want: ^1.0.6
2305 silly fetch manifest @types/jsonwebtoken@^9
2306 silly packumentCache full:https://registry.npmjs.org/@types%2fjsonwebtoken cache-miss
2307 silly fetch manifest jsonwebtoken@^9
2308 silly packumentCache full:https://registry.npmjs.org/jsonwebtoken cache-miss
2309 silly fetch manifest eventemitter3@^5
2310 silly packumentCache full:https://registry.npmjs.org/eventemitter3 cache-hit
2311 silly fetch manifest bytes@~3.1.2
2312 silly packumentCache full:https://registry.npmjs.org/bytes cache-hit
2313 silly fetch manifest unpipe@~1.0.0
2314 silly packumentCache full:https://registry.npmjs.org/unpipe cache-miss
2315 silly fetch manifest iconv-lite@~0.7.0
2316 silly packumentCache full:https://registry.npmjs.org/iconv-lite cache-miss
2317 silly fetch manifest http-errors@~2.0.1
2318 silly packumentCache full:https://registry.npmjs.org/http-errors cache-hit
2319 http cache https://registry.npmjs.org/iconv-lite 3ms (cache hit)
2320 silly packumentCache full:https://registry.npmjs.org/iconv-lite set size:120557 disposed:false
2321 http cache https://registry.npmjs.org/@types%2fjsonwebtoken 7ms (cache hit)
2322 silly packumentCache full:https://registry.npmjs.org/@types%2fjsonwebtoken set size:129919 disposed:false
2323 http cache https://registry.npmjs.org/unpipe 7ms (cache hit)
2324 silly packumentCache full:https://registry.npmjs.org/unpipe set size:3609 disposed:false
2325 http cache https://registry.npmjs.org/jsonwebtoken 7ms (cache hit)
2326 silly packumentCache full:https://registry.npmjs.org/jsonwebtoken set size:183671 disposed:false
2327 silly placeDep node_modules/openclaw @types/jsonwebtoken@9.0.10 OK for: @slack/oauth@3.0.4 want: ^9
2328 silly placeDep node_modules/openclaw jsonwebtoken@9.0.3 OK for: @slack/oauth@3.0.4 want: ^9
2329 silly fetch manifest @types/ms@*
2330 silly packumentCache full:https://registry.npmjs.org/@types%2fms cache-miss
2331 silly fetch manifest ms@^2.1.1
2332 silly packumentCache full:https://registry.npmjs.org/ms cache-hit
2333 silly fetch manifest jws@^4.0.1
2334 silly packumentCache full:https://registry.npmjs.org/jws cache-hit
2335 silly fetch manifest lodash.once@^4.0.0
2336 silly packumentCache full:https://registry.npmjs.org/lodash.once cache-miss
2337 silly fetch manifest lodash.includes@^4.3.0
2338 silly packumentCache full:https://registry.npmjs.org/lodash.includes cache-miss
2339 silly fetch manifest lodash.isnumber@^3.0.3
2340 silly packumentCache full:https://registry.npmjs.org/lodash.isnumber cache-miss
2341 silly fetch manifest lodash.isstring@^4.0.1
2342 silly packumentCache full:https://registry.npmjs.org/lodash.isstring cache-miss
2343 silly fetch manifest lodash.isboolean@^3.0.3
2344 silly packumentCache full:https://registry.npmjs.org/lodash.isboolean cache-miss
2345 silly fetch manifest lodash.isinteger@^4.0.4
2346 silly packumentCache full:https://registry.npmjs.org/lodash.isinteger cache-miss
2347 silly fetch manifest lodash.isplainobject@^4.0.6
2348 silly packumentCache full:https://registry.npmjs.org/lodash.isplainobject cache-miss
2349 http cache https://registry.npmjs.org/@types%2fms 6ms (cache hit)
2350 silly packumentCache full:https://registry.npmjs.org/@types%2fms set size:24399 disposed:false
2351 http cache https://registry.npmjs.org/lodash.once 6ms (cache hit)
2352 silly packumentCache full:https://registry.npmjs.org/lodash.once set size:23407 disposed:false
2353 http cache https://registry.npmjs.org/lodash.includes 6ms (cache hit)
2354 silly packumentCache full:https://registry.npmjs.org/lodash.includes set size:27594 disposed:false
2355 http cache https://registry.npmjs.org/lodash.isplainobject 6ms (cache hit)
2356 silly packumentCache full:https://registry.npmjs.org/lodash.isplainobject set size:38531 disposed:false
2357 http cache https://registry.npmjs.org/lodash.isinteger 7ms (cache hit)
2358 silly packumentCache full:https://registry.npmjs.org/lodash.isinteger set size:10827 disposed:false
2359 http cache https://registry.npmjs.org/lodash.isstring 8ms (cache hit)
2360 silly packumentCache full:https://registry.npmjs.org/lodash.isstring set size:21368 disposed:false
2361 http cache https://registry.npmjs.org/lodash.isnumber 8ms (cache hit)
2362 silly packumentCache full:https://registry.npmjs.org/lodash.isnumber set size:21368 disposed:false
2363 http cache https://registry.npmjs.org/lodash.isboolean 8ms (cache hit)
2364 silly packumentCache full:https://registry.npmjs.org/lodash.isboolean set size:21437 disposed:false
2365 silly placeDep node_modules/openclaw eventemitter3@5.0.4 OK for: @slack/socket-mode@2.0.5 want: ^5
2366 silly placeDep node_modules/openclaw @types/retry@0.12.0 OK for: @slack/web-api@7.14.1 want: 0.12.0
2367 silly placeDep node_modules/openclaw form-data@4.0.5 OK for: @slack/web-api@7.14.1 want: ^4.0.4
2368 silly placeDep node_modules/openclaw is-electron@2.2.2 OK for: @slack/web-api@7.14.1 want: 2.2.2
2369 silly placeDep node_modules/openclaw is-stream@2.0.1 OK for: @slack/web-api@7.14.1 want: ^2
2370 silly placeDep node_modules/openclaw p-queue@6.6.2 OK for: @slack/web-api@7.14.1 want: ^6
2371 silly placeDep node_modules/openclaw retry@0.13.1 OK for: @slack/web-api@7.14.1 want: ^0.13.1
2372 silly fetch manifest asynckit@^0.4.0
2373 silly packumentCache full:https://registry.npmjs.org/asynckit cache-miss
2374 silly fetch manifest combined-stream@^1.0.8
2375 silly packumentCache full:https://registry.npmjs.org/combined-stream cache-miss
2376 silly fetch manifest es-set-tostringtag@^2.1.0
2377 silly packumentCache full:https://registry.npmjs.org/es-set-tostringtag cache-miss
2378 silly fetch manifest hasown@^2.0.2
2379 silly packumentCache full:https://registry.npmjs.org/hasown cache-miss
2380 silly fetch manifest mime-types@^2.1.12
2381 silly packumentCache full:https://registry.npmjs.org/mime-types cache-hit
2382 silly fetch manifest p-timeout@^3.2.0
2383 silly packumentCache full:https://registry.npmjs.org/p-timeout cache-miss
2384 silly fetch manifest eventemitter3@^4.0.4
2385 silly packumentCache full:https://registry.npmjs.org/eventemitter3 cache-hit
2386 http cache https://registry.npmjs.org/es-set-tostringtag 5ms (cache hit)
2387 silly packumentCache full:https://registry.npmjs.org/es-set-tostringtag set size:22094 disposed:false
2388 http cache https://registry.npmjs.org/hasown 6ms (cache hit)
2389 silly packumentCache full:https://registry.npmjs.org/hasown set size:12476 disposed:false
2390 http cache https://registry.npmjs.org/asynckit 7ms (cache hit)
2391 silly packumentCache full:https://registry.npmjs.org/asynckit set size:18932 disposed:false
2392 http cache https://registry.npmjs.org/p-timeout 6ms (cache hit)
2393 silly packumentCache full:https://registry.npmjs.org/p-timeout set size:60739 disposed:false
2394 http cache https://registry.npmjs.org/combined-stream 8ms (cache hit)
2395 silly packumentCache full:https://registry.npmjs.org/combined-stream set size:40337 disposed:false
2396 silly placeDep node_modules/openclaw @smithy/util-config-provider@4.2.1 OK for: @smithy/config-resolver@4.4.9 want: ^4.2.1
2397 silly placeDep node_modules/openclaw @smithy/uuid@1.1.1 OK for: @smithy/core@3.23.6 want: ^1.1.1
2398 silly placeDep node_modules/openclaw @aws-crypto/crc32@5.2.0 OK for: @smithy/eventstream-codec@4.2.10 want: 5.2.0
2399 silly placeDep node_modules/openclaw @smithy/eventstream-serde-universal@4.2.10 OK for: @smithy/eventstream-serde-browser@4.2.10 want: ^4.2.10
2400 silly placeDep node_modules/openclaw @smithy/util-buffer-from@4.2.1 OK for: @smithy/hash-node@4.2.10 want: ^4.2.1
2401 silly placeDep node_modules/openclaw @smithy/service-error-classification@4.2.10 OK for: @smithy/middleware-retry@4.4.37 want: ^4.2.10
2402 silly placeDep node_modules/openclaw @smithy/abort-controller@4.2.10 OK for: @smithy/node-http-handler@4.4.12 want: ^4.2.10
2403 silly placeDep node_modules/openclaw @smithy/util-uri-escape@4.2.1 OK for: @smithy/querystring-builder@4.2.10 want: ^4.2.1
2404 silly placeDep node_modules/openclaw @smithy/is-array-buffer@4.2.1 OK for: @smithy/signature-v4@5.3.10 want: ^4.2.1
2405 silly placeDep node_modules/openclaw @smithy/querystring-parser@4.2.10 OK for: @smithy/url-parser@4.2.10 want: ^4.2.10
2406 silly placeDep node_modules/openclaw @snazzah/davey-android-arm-eabi@0.1.10 OK for: @snazzah/davey@0.1.10 want: 0.1.10
2407 silly placeDep node_modules/openclaw @snazzah/davey-android-arm64@0.1.10 OK for: @snazzah/davey@0.1.10 want: 0.1.10
2408 silly placeDep node_modules/openclaw @snazzah/davey-darwin-arm64@0.1.10 OK for: @snazzah/davey@0.1.10 want: 0.1.10
2409 silly placeDep node_modules/openclaw @snazzah/davey-darwin-x64@0.1.10 OK for: @snazzah/davey@0.1.10 want: 0.1.10
2410 silly placeDep node_modules/openclaw @snazzah/davey-freebsd-x64@0.1.10 OK for: @snazzah/davey@0.1.10 want: 0.1.10
2411 silly placeDep node_modules/openclaw @snazzah/davey-linux-arm-gnueabihf@0.1.10 OK for: @snazzah/davey@0.1.10 want: 0.1.10
2412 silly placeDep node_modules/openclaw @snazzah/davey-linux-arm64-gnu@0.1.10 OK for: @snazzah/davey@0.1.10 want: 0.1.10
2413 silly placeDep node_modules/openclaw @snazzah/davey-linux-arm64-musl@0.1.10 OK for: @snazzah/davey@0.1.10 want: 0.1.10
2414 silly placeDep node_modules/openclaw @snazzah/davey-linux-x64-gnu@0.1.10 OK for: @snazzah/davey@0.1.10 want: 0.1.10
2415 silly placeDep node_modules/openclaw @snazzah/davey-linux-x64-musl@0.1.10 OK for: @snazzah/davey@0.1.10 want: 0.1.10
2416 silly placeDep node_modules/openclaw @snazzah/davey-wasm32-wasi@0.1.10 OK for: @snazzah/davey@0.1.10 want: 0.1.10
2417 silly placeDep node_modules/openclaw @snazzah/davey-win32-arm64-msvc@0.1.10 OK for: @snazzah/davey@0.1.10 want: 0.1.10
2418 silly placeDep node_modules/openclaw @snazzah/davey-win32-ia32-msvc@0.1.10 OK for: @snazzah/davey@0.1.10 want: 0.1.10
2419 silly placeDep node_modules/openclaw @snazzah/davey-win32-x64-msvc@0.1.10 OK for: @snazzah/davey@0.1.10 want: 0.1.10
2420 silly fetch manifest @napi-rs/wasm-runtime@^1.1.1
2421 silly packumentCache full:https://registry.npmjs.org/@napi-rs%2fwasm-runtime cache-miss
2422 http cache https://registry.npmjs.org/@napi-rs%2fwasm-runtime 5ms (cache hit)
2423 silly packumentCache full:https://registry.npmjs.org/@napi-rs%2fwasm-runtime set size:63456 disposed:false
2424 silly placeDep node_modules/openclaw @napi-rs/wasm-runtime@1.1.1 OK for: @snazzah/davey-wasm32-wasi@0.1.10 want: ^1.1.1
2425 silly fetch manifest @emnapi/core@^1.7.1
2426 silly packumentCache full:https://registry.npmjs.org/@emnapi%2fcore cache-miss
2427 silly fetch manifest @emnapi/runtime@^1.7.1
2428 silly packumentCache full:https://registry.npmjs.org/@emnapi%2fruntime cache-miss
2429 silly fetch manifest @tybys/wasm-util@^0.10.1
2430 silly packumentCache full:https://registry.npmjs.org/@tybys%2fwasm-util cache-miss
2431 http cache https://registry.npmjs.org/@tybys%2fwasm-util 5ms (cache hit)
2432 silly packumentCache full:https://registry.npmjs.org/@tybys%2fwasm-util set size:55410 disposed:false
2433 http cache https://registry.npmjs.org/@emnapi%2fruntime 5ms (cache hit)
2434 silly packumentCache full:https://registry.npmjs.org/@emnapi%2fruntime set size:99452 disposed:false
2435 http cache https://registry.npmjs.org/@emnapi%2fcore 6ms (cache hit)
2436 silly packumentCache full:https://registry.npmjs.org/@emnapi%2fcore set size:96861 disposed:false
2437 silly placeDep node_modules/openclaw @emnapi/core@1.8.1 OK for: @napi-rs/wasm-runtime@1.1.1 want: ^1.7.1
2438 silly placeDep node_modules/openclaw @emnapi/runtime@1.8.1 OK for: @napi-rs/wasm-runtime@1.1.1 want: ^1.7.1
2439 silly placeDep node_modules/openclaw @tybys/wasm-util@0.10.1 OK for: @napi-rs/wasm-runtime@1.1.1 want: ^0.10.1
2440 silly fetch manifest @emnapi/wasi-threads@1.1.0
2441 silly packumentCache full:https://registry.npmjs.org/@emnapi%2fwasi-threads cache-miss
2442 http cache https://registry.npmjs.org/@emnapi%2fwasi-threads 5ms (cache hit)
2443 silly packumentCache full:https://registry.npmjs.org/@emnapi%2fwasi-threads set size:19454 disposed:false
2444 silly placeDep node_modules/openclaw @emnapi/wasi-threads@1.1.0 OK for: @emnapi/core@1.8.1 want: 1.1.0
2445 silly placeDep node_modules/openclaw bun-types@1.3.9 OK for: @types/bun@1.3.9 want: 1.3.9
2446 silly placeDep node_modules/openclaw @types/body-parser@1.19.6 OK for: @types/express@5.0.6 want: *
2447 silly placeDep node_modules/openclaw @types/express-serve-static-core@5.1.1 OK for: @types/express@5.0.6 want: ^5.0.0
2448 silly placeDep node_modules/openclaw @types/serve-static@2.2.0 OK for: @types/express@5.0.6 want: ^2
2449 silly fetch manifest @types/connect@*
2450 silly packumentCache full:https://registry.npmjs.org/@types%2fconnect cache-miss
2451 silly fetch manifest @types/qs@*
2452 silly packumentCache full:https://registry.npmjs.org/@types%2fqs cache-miss
2453 silly fetch manifest @types/send@*
2454 silly packumentCache full:https://registry.npmjs.org/@types%2fsend cache-miss
2455 silly fetch manifest @types/range-parser@*
2456 silly packumentCache full:https://registry.npmjs.org/@types%2frange-parser cache-miss
2457 silly fetch manifest @types/http-errors@*
2458 silly packumentCache full:https://registry.npmjs.org/@types%2fhttp-errors cache-miss
2459 http cache https://registry.npmjs.org/@types%2frange-parser 3ms (cache hit)
2460 silly packumentCache full:https://registry.npmjs.org/@types%2frange-parser set size:15278 disposed:false
2461 http cache https://registry.npmjs.org/@types%2fqs 3ms (cache hit)
2462 silly packumentCache full:https://registry.npmjs.org/@types%2fqs set size:79370 disposed:false
2463 http cache https://registry.npmjs.org/@types%2fhttp-errors 4ms (cache hit)
2464 silly packumentCache full:https://registry.npmjs.org/@types%2fhttp-errors set size:48994 disposed:false
2465 http cache https://registry.npmjs.org/@types%2fconnect 5ms (cache hit)
2466 silly packumentCache full:https://registry.npmjs.org/@types%2fconnect set size:31512 disposed:false
2467 http cache https://registry.npmjs.org/@types%2fsend 4ms (cache hit)
2468 silly packumentCache full:https://registry.npmjs.org/@types%2fsend set size:29985 disposed:false
2469 silly placeDep node_modules/openclaw @types/connect@3.4.38 OK for: @types/body-parser@1.19.6 want: *
2470 silly placeDep node_modules/openclaw @types/qs@6.14.0 OK for: @types/express-serve-static-core@5.1.1 want: *
2471 silly placeDep node_modules/openclaw @types/range-parser@1.2.7 OK for: @types/express-serve-static-core@5.1.1 want: *
2472 silly placeDep node_modules/openclaw @types/send@1.2.1 OK for: @types/express-serve-static-core@5.1.1 want: *
2473 silly placeDep node_modules/openclaw @types/ms@2.1.0 OK for: @types/jsonwebtoken@9.0.10 want: *
2474 silly placeDep node_modules/openclaw undici-types@7.18.2 OK for: @types/node@25.3.3 want: ~7.18.0
2475 silly placeDep node_modules/openclaw @types/http-errors@2.0.5 OK for: @types/serve-static@2.2.0 want: *
2476 silly placeDep node_modules/openclaw @cacheable/node-cache@1.7.6 OK for: @whiskeysockets/baileys@7.0.0-rc.9 want: ^1.4.0
2477 silly placeDep node_modules/openclaw @hapi/boom@9.1.4 OK for: @whiskeysockets/baileys@7.0.0-rc.9 want: ^9.1.3
2478 silly placeDep node_modules/openclaw async-mutex@0.5.0 OK for: @whiskeysockets/baileys@7.0.0-rc.9 want: ^0.5.0
2479 silly placeDep node_modules/openclaw libsignal@2.0.1 OK for: @whiskeysockets/baileys@7.0.0-rc.9 want: git+https://github.com/whiskeysockets/libsignal-node.git
2480 silly placeDep node_modules/openclaw lru-cache@11.2.6 OK for: @whiskeysockets/baileys@7.0.0-rc.9 want: ^11.1.0
2481 silly placeDep node_modules/openclaw music-metadata@11.12.1 OK for: @whiskeysockets/baileys@7.0.0-rc.9 want: ^11.7.0
2482 silly placeDep node_modules/openclaw/node_modules/@whiskeysockets/baileys p-queue@9.1.0 OK for: @whiskeysockets/baileys@7.0.0-rc.9 want: ^9.0.0
2483 silly placeDep node_modules/openclaw pino@9.14.0 OK for: @whiskeysockets/baileys@7.0.0-rc.9 want: ^9.6
2484 silly fetch manifest keyv@^5.5.5
2485 silly packumentCache full:https://registry.npmjs.org/keyv cache-miss
2486 silly fetch manifest cacheable@^2.3.1
2487 silly packumentCache full:https://registry.npmjs.org/cacheable cache-miss
2488 silly fetch manifest hookified@^1.14.0
2489 silly packumentCache full:https://registry.npmjs.org/hookified cache-miss
2490 silly fetch manifest @hapi/hoek@9.x.x
2491 silly packumentCache full:https://registry.npmjs.org/@hapi%2fhoek cache-miss
2492 silly fetch manifest curve25519-js@^0.0.4
2493 silly packumentCache full:https://registry.npmjs.org/curve25519-js cache-miss
2494 silly fetch manifest protobufjs@6.8.8
2495 silly packumentCache full:https://registry.npmjs.org/protobufjs cache-hit
2496 silly fetch manifest @borewit/text-codec@^0.2.1
2497 silly packumentCache full:https://registry.npmjs.org/@borewit%2ftext-codec cache-miss
2498 silly fetch manifest @tokenizer/token@^0.3.0
2499 silly packumentCache full:https://registry.npmjs.org/@tokenizer%2ftoken cache-miss
2500 silly fetch manifest media-typer@^1.1.0
2501 silly packumentCache full:https://registry.npmjs.org/media-typer cache-miss
2502 silly fetch manifest token-types@^6.1.2
2503 silly packumentCache full:https://registry.npmjs.org/token-types cache-hit
2504 silly fetch manifest uint8array-extras@^1.5.0
2505 silly packumentCache full:https://registry.npmjs.org/uint8array-extras cache-hit
2506 silly fetch manifest win-guid@^0.2.1
2507 silly packumentCache full:https://registry.npmjs.org/win-guid cache-miss
2508 http cache https://registry.npmjs.org/@borewit%2ftext-codec 8ms (cache hit)
2509 silly packumentCache full:https://registry.npmjs.org/@borewit%2ftext-codec set size:14185 disposed:false
2510 silly fetch manifest p-timeout@^7.0.0
2511 silly packumentCache full:https://registry.npmjs.org/p-timeout cache-hit
2512 silly fetch manifest sonic-boom@^4.0.1
2513 silly packumentCache full:https://registry.npmjs.org/sonic-boom cache-miss
2514 http cache https://registry.npmjs.org/@tokenizer%2ftoken 9ms (cache hit)
2515 silly packumentCache full:https://registry.npmjs.org/@tokenizer%2ftoken set size:11833 disposed:false
2516 silly fetch manifest atomic-sleep@^1.0.0
2517 silly packumentCache full:https://registry.npmjs.org/atomic-sleep cache-miss
2518 http cache https://registry.npmjs.org/hookified 10ms (cache hit)
2519 silly packumentCache full:https://registry.npmjs.org/hookified set size:136778 disposed:false
2520 silly fetch manifest real-require@^0.2.0
2521 silly packumentCache full:https://registry.npmjs.org/real-require cache-miss
2522 http cache https://registry.npmjs.org/keyv 11ms (cache hit)
2523 silly packumentCache full:https://registry.npmjs.org/keyv set size:210435 disposed:false
2524 silly fetch manifest thread-stream@^3.0.0
2525 silly packumentCache full:https://registry.npmjs.org/thread-stream cache-miss
2526 http cache https://registry.npmjs.org/cacheable 13ms (cache hit)
2527 silly packumentCache full:https://registry.npmjs.org/cacheable set size:150976 disposed:false
2528 silly fetch manifest @pinojs/redact@^0.4.0
2529 silly packumentCache full:https://registry.npmjs.org/@pinojs%2fredact cache-miss
2530 http cache https://registry.npmjs.org/curve25519-js 14ms (cache hit)
2531 silly packumentCache full:https://registry.npmjs.org/curve25519-js set size:15295 disposed:false
2532 silly fetch manifest process-warning@^5.0.0
2533 silly packumentCache full:https://registry.npmjs.org/process-warning cache-miss
2534 http cache https://registry.npmjs.org/media-typer 13ms (cache hit)
2535 silly packumentCache full:https://registry.npmjs.org/media-typer set size:20873 disposed:false
2536 silly fetch manifest on-exit-leak-free@^2.1.0
2537 silly packumentCache full:https://registry.npmjs.org/on-exit-leak-free cache-miss
2538 http cache https://registry.npmjs.org/win-guid 13ms (cache hit)
2539 silly packumentCache full:https://registry.npmjs.org/win-guid set size:11017 disposed:false
2540 silly fetch manifest pino-std-serializers@^7.0.0
2541 silly packumentCache full:https://registry.npmjs.org/pino-std-serializers cache-miss
2542 http cache https://registry.npmjs.org/@hapi%2fhoek 15ms (cache hit)
2543 silly packumentCache full:https://registry.npmjs.org/@hapi%2fhoek set size:121527 disposed:false
2544 silly fetch manifest safe-stable-stringify@^2.3.1
2545 silly packumentCache full:https://registry.npmjs.org/safe-stable-stringify cache-miss
2546 http cache https://registry.npmjs.org/real-require 10ms (cache hit)
2547 silly packumentCache full:https://registry.npmjs.org/real-require set size:9152 disposed:false
2548 silly fetch manifest quick-format-unescaped@^4.0.3
2549 silly packumentCache full:https://registry.npmjs.org/quick-format-unescaped cache-miss
2550 http cache https://registry.npmjs.org/sonic-boom 13ms (cache hit)
2551 silly packumentCache full:https://registry.npmjs.org/sonic-boom set size:168983 disposed:false
2552 silly fetch manifest pino-abstract-transport@^2.0.0
2553 silly packumentCache full:https://registry.npmjs.org/pino-abstract-transport cache-miss
2554 http cache https://registry.npmjs.org/atomic-sleep 13ms (cache hit)
2555 silly packumentCache full:https://registry.npmjs.org/atomic-sleep set size:5192 disposed:false
2556 http cache https://registry.npmjs.org/@pinojs%2fredact 11ms (cache hit)
2557 silly packumentCache full:https://registry.npmjs.org/@pinojs%2fredact set size:16907 disposed:false
2558 http cache https://registry.npmjs.org/thread-stream 13ms (cache hit)
2559 silly packumentCache full:https://registry.npmjs.org/thread-stream set size:127672 disposed:false
2560 http cache https://registry.npmjs.org/on-exit-leak-free 11ms (cache hit)
2561 silly packumentCache full:https://registry.npmjs.org/on-exit-leak-free set size:18719 disposed:false
2562 http cache https://registry.npmjs.org/pino-std-serializers 11ms (cache hit)
2563 silly packumentCache full:https://registry.npmjs.org/pino-std-serializers set size:96176 disposed:false
2564 http cache https://registry.npmjs.org/process-warning 13ms (cache hit)
2565 silly packumentCache full:https://registry.npmjs.org/process-warning set size:32480 disposed:false
2566 http cache https://registry.npmjs.org/safe-stable-stringify 12ms (cache hit)
2567 silly packumentCache full:https://registry.npmjs.org/safe-stable-stringify set size:45091 disposed:false
2568 http cache https://registry.npmjs.org/quick-format-unescaped 11ms (cache hit)
2569 silly packumentCache full:https://registry.npmjs.org/quick-format-unescaped set size:36121 disposed:false
2570 http cache https://registry.npmjs.org/pino-abstract-transport 10ms (cache hit)
2571 silly packumentCache full:https://registry.npmjs.org/pino-abstract-transport set size:28687 disposed:false
2572 silly placeDep node_modules/openclaw cacheable@2.3.3 OK for: @cacheable/node-cache@1.7.6 want: ^2.3.1
2573 silly placeDep node_modules/openclaw hookified@1.15.1 OK for: @cacheable/node-cache@1.7.6 want: ^1.14.0
2574 silly placeDep node_modules/openclaw keyv@5.6.0 OK for: @cacheable/node-cache@1.7.6 want: ^5.5.5
2575 silly fetch manifest hookified@^1.15.0
2576 silly packumentCache full:https://registry.npmjs.org/hookified cache-hit
2577 silly fetch manifest keyv@^5.6.0
2578 silly packumentCache full:https://registry.npmjs.org/keyv cache-hit
2579 silly fetch manifest qified@^0.6.0
2580 silly packumentCache full:https://registry.npmjs.org/qified cache-miss
2581 silly fetch manifest @cacheable/memory@^2.0.8
2582 silly packumentCache full:https://registry.npmjs.org/@cacheable%2fmemory cache-miss
2583 silly fetch manifest @cacheable/utils@^2.4.0
2584 silly packumentCache full:https://registry.npmjs.org/@cacheable%2futils cache-miss
2585 silly fetch manifest @keyv/serialize@^1.1.1
2586 silly packumentCache full:https://registry.npmjs.org/@keyv%2fserialize cache-miss
2587 http cache https://registry.npmjs.org/@keyv%2fserialize 7ms (cache hit)
2588 silly packumentCache full:https://registry.npmjs.org/@keyv%2fserialize set size:20751 disposed:false
2589 http cache https://registry.npmjs.org/@cacheable%2futils 8ms (cache hit)
2590 silly packumentCache full:https://registry.npmjs.org/@cacheable%2futils set size:58149 disposed:false
2591 http cache https://registry.npmjs.org/@cacheable%2fmemory 8ms (cache hit)
2592 silly packumentCache full:https://registry.npmjs.org/@cacheable%2fmemory set size:49828 disposed:false
2593 http cache https://registry.npmjs.org/qified 8ms (cache hit)
2594 silly packumentCache full:https://registry.npmjs.org/qified set size:52516 disposed:false
2595 silly placeDep node_modules/openclaw @hapi/hoek@9.3.0 OK for: @hapi/boom@9.1.4 want: 9.x.x
2596 silly placeDep node_modules/openclaw event-target-shim@5.0.1 OK for: abort-controller@3.0.0 want: ^5.0.0
2597 silly placeDep node_modules/openclaw fast-uri@3.1.0 OK for: ajv@8.18.0 want: ^3.0.1
2598 silly placeDep node_modules/openclaw json-schema-traverse@1.0.0 OK for: ajv@8.18.0 want: ^1.0.0
2599 silly placeDep node_modules/openclaw require-from-string@2.0.2 OK for: ajv@8.18.0 want: ^2.0.2
2600 silly placeDep node_modules/openclaw follow-redirects@1.15.11 OK for: axios@1.13.6 want: ^1.15.11
2601 silly placeDep node_modules/openclaw proxy-from-env@1.1.0 OK for: axios@1.13.6 want: ^1.1.0
2602 silly placeDep node_modules/openclaw @cacheable/memory@2.0.8 OK for: cacheable@2.3.3 want: ^2.0.8
2603 silly placeDep node_modules/openclaw @cacheable/utils@2.4.0 OK for: cacheable@2.3.3 want: ^2.4.0
2604 silly placeDep node_modules/openclaw qified@0.6.0 OK for: cacheable@2.3.3 want: ^0.6.0
2605 silly fetch manifest @keyv/bigmap@^1.3.1
2606 silly packumentCache full:https://registry.npmjs.org/@keyv%2fbigmap cache-miss
2607 silly fetch manifest hashery@^1.5.0
2608 silly packumentCache full:https://registry.npmjs.org/hashery cache-miss
2609 http cache https://registry.npmjs.org/hashery 4ms (cache hit)
2610 silly packumentCache full:https://registry.npmjs.org/hashery set size:66703 disposed:false
2611 http cache https://registry.npmjs.org/@keyv%2fbigmap 4ms (cache hit)
2612 silly packumentCache full:https://registry.npmjs.org/@keyv%2fbigmap set size:22274 disposed:false
2613 silly placeDep node_modules/openclaw @keyv/bigmap@1.3.1 OK for: @cacheable/memory@2.0.8 want: ^1.3.1
2614 silly fetch manifest hashery@^1.4.0
2615 silly packumentCache full:https://registry.npmjs.org/hashery cache-hit
2616 silly placeDep node_modules/openclaw hashery@1.5.0 OK for: @cacheable/utils@2.4.0 want: ^1.5.0
2617 silly placeDep node_modules/openclaw readdirp@5.0.0 OK for: chokidar@5.0.0 want: ^5.0.0
2618 silly placeDep node_modules/openclaw/node_modules/cli-highlight chalk@4.1.2 OK for: cli-highlight@2.1.11 want: ^4.0.0
2619 silly placeDep node_modules/openclaw highlight.js@10.7.3 OK for: cli-highlight@2.1.11 want: ^10.7.1
2620 silly placeDep node_modules/openclaw mz@2.7.0 OK for: cli-highlight@2.1.11 want: ^2.4.0
2621 silly placeDep node_modules/openclaw parse5@5.1.1 OK for: cli-highlight@2.1.11 want: ^5.1.1
2622 silly placeDep node_modules/openclaw parse5-htmlparser2-tree-adapter@6.0.1 OK for: cli-highlight@2.1.11 want: ^6.0.0
2623 silly placeDep node_modules/openclaw yargs@16.2.0 OK for: cli-highlight@2.1.11 want: ^16.0.0
2624 silly fetch manifest ansi-styles@^4.1.0
2625 silly packumentCache full:https://registry.npmjs.org/ansi-styles cache-miss
2626 silly fetch manifest supports-color@^7.1.0
2627 silly packumentCache full:https://registry.npmjs.org/supports-color cache-miss
2628 silly fetch manifest any-promise@^1.0.0
2629 silly packumentCache full:https://registry.npmjs.org/any-promise cache-miss
2630 silly fetch manifest object-assign@^4.0.1
2631 silly packumentCache full:https://registry.npmjs.org/object-assign cache-miss
2632 silly fetch manifest thenify-all@^1.0.0
2633 silly packumentCache full:https://registry.npmjs.org/thenify-all cache-miss
2634 silly fetch manifest parse5@^6.0.1
2635 silly packumentCache full:https://registry.npmjs.org/parse5 cache-hit
2636 silly fetch manifest y18n@^5.0.5
2637 silly packumentCache full:https://registry.npmjs.org/y18n cache-miss
2638 silly fetch manifest cliui@^7.0.2
2639 silly packumentCache full:https://registry.npmjs.org/cliui cache-miss
2640 silly fetch manifest escalade@^3.1.1
2641 silly packumentCache full:https://registry.npmjs.org/escalade cache-miss
2642 silly fetch manifest string-width@^4.2.0
2643 silly packumentCache full:https://registry.npmjs.org/string-width cache-miss
2644 http cache https://registry.npmjs.org/object-assign 6ms (cache hit)
2645 silly packumentCache full:https://registry.npmjs.org/object-assign set size:28988 disposed:false
2646 silly fetch manifest yargs-parser@^20.2.2
2647 silly packumentCache full:https://registry.npmjs.org/yargs-parser cache-miss
2648 http cache https://registry.npmjs.org/supports-color 7ms (cache hit)
2649 silly packumentCache full:https://registry.npmjs.org/supports-color set size:118680 disposed:false
2650 silly fetch manifest get-caller-file@^2.0.5
2651 silly packumentCache full:https://registry.npmjs.org/get-caller-file cache-miss
2652 http cache https://registry.npmjs.org/escalade 7ms (cache hit)
2653 silly packumentCache full:https://registry.npmjs.org/escalade set size:33724 disposed:false
2654 silly fetch manifest require-directory@^2.1.1
2655 silly packumentCache full:https://registry.npmjs.org/require-directory cache-miss
2656 http cache https://registry.npmjs.org/any-promise 9ms (cache hit)
2657 silly packumentCache full:https://registry.npmjs.org/any-promise set size:20233 disposed:false
2658 http cache https://registry.npmjs.org/string-width 9ms (cache hit)
2659 silly packumentCache full:https://registry.npmjs.org/string-width set size:68305 disposed:false
2660 http cache https://registry.npmjs.org/ansi-styles 10ms (cache hit)
2661 silly packumentCache full:https://registry.npmjs.org/ansi-styles set size:63233 disposed:false
2662 http cache https://registry.npmjs.org/thenify-all 10ms (cache hit)
2663 silly packumentCache full:https://registry.npmjs.org/thenify-all set size:18488 disposed:false
2664 http cache https://registry.npmjs.org/cliui 10ms (cache hit)
2665 silly packumentCache full:https://registry.npmjs.org/cliui set size:69089 disposed:false
2666 http cache https://registry.npmjs.org/y18n 11ms (cache hit)
2667 silly packumentCache full:https://registry.npmjs.org/y18n set size:76155 disposed:false
2668 http cache https://registry.npmjs.org/get-caller-file 8ms (cache hit)
2669 silly packumentCache full:https://registry.npmjs.org/get-caller-file set size:26456 disposed:false
2670 http cache https://registry.npmjs.org/require-directory 8ms (cache hit)
2671 silly packumentCache full:https://registry.npmjs.org/require-directory set size:26866 disposed:false
2672 http cache https://registry.npmjs.org/yargs-parser 10ms (cache hit)
2673 silly packumentCache full:https://registry.npmjs.org/yargs-parser set size:238630 disposed:false
2674 silly placeDep node_modules/openclaw ms@2.1.3 OK for: debug@4.4.3 want: ^2.1.3
2675 silly placeDep node_modules/openclaw accepts@2.0.0 OK for: express@5.2.1 want: ^2.0.0
2676 silly placeDep node_modules/openclaw body-parser@2.2.2 OK for: express@5.2.1 want: ^2.2.1
2677 silly placeDep node_modules/openclaw content-disposition@1.0.1 OK for: express@5.2.1 want: ^1.0.0
2678 silly placeDep node_modules/openclaw content-type@1.0.5 OK for: express@5.2.1 want: ^1.0.5
2679 silly placeDep node_modules/openclaw cookie@0.7.2 OK for: express@5.2.1 want: ^0.7.1
2680 silly placeDep node_modules/openclaw cookie-signature@1.2.2 OK for: express@5.2.1 want: ^1.2.1
2681 silly placeDep node_modules/openclaw depd@2.0.0 OK for: express@5.2.1 want: ^2.0.0
2682 silly placeDep node_modules/openclaw encodeurl@2.0.0 OK for: express@5.2.1 want: ^2.0.0
2683 silly placeDep node_modules/openclaw escape-html@1.0.3 OK for: express@5.2.1 want: ^1.0.3
2684 silly placeDep node_modules/openclaw etag@1.8.1 OK for: express@5.2.1 want: ^1.8.1
2685 silly placeDep node_modules/openclaw finalhandler@2.1.1 OK for: express@5.2.1 want: ^2.1.0
2686 silly placeDep node_modules/openclaw fresh@2.0.0 OK for: express@5.2.1 want: ^2.0.0
2687 silly placeDep node_modules/openclaw http-errors@2.0.1 OK for: express@5.2.1 want: ^2.0.0
2688 silly placeDep node_modules/openclaw merge-descriptors@2.0.0 OK for: express@5.2.1 want: ^2.0.0
2689 silly placeDep node_modules/openclaw on-finished@2.4.1 OK for: express@5.2.1 want: ^2.4.1
2690 silly placeDep node_modules/openclaw once@1.4.0 OK for: express@5.2.1 want: ^1.4.0
2691 silly placeDep node_modules/openclaw parseurl@1.3.3 OK for: express@5.2.1 want: ^1.3.3
2692 silly placeDep node_modules/openclaw proxy-addr@2.0.7 OK for: express@5.2.1 want: ^2.0.7
2693 silly placeDep node_modules/openclaw range-parser@1.2.1 OK for: express@5.2.1 want: ^1.2.1
2694 silly placeDep node_modules/openclaw router@2.2.0 OK for: express@5.2.1 want: ^2.2.0
2695 silly placeDep node_modules/openclaw send@1.2.1 OK for: express@5.2.1 want: ^1.1.0
2696 silly placeDep node_modules/openclaw serve-static@2.2.1 OK for: express@5.2.1 want: ^2.2.0
2697 silly placeDep node_modules/openclaw statuses@2.0.2 OK for: express@5.2.1 want: ^2.0.1
2698 silly placeDep node_modules/openclaw type-is@2.0.1 OK for: express@5.2.1 want: ^2.0.1
2699 silly placeDep node_modules/openclaw vary@1.1.2 OK for: express@5.2.1 want: ^1.1.2
2700 silly fetch manifest negotiator@^1.0.0
2701 silly packumentCache full:https://registry.npmjs.org/negotiator cache-miss
2702 silly fetch manifest iconv-lite@^0.7.0
2703 silly packumentCache full:https://registry.npmjs.org/iconv-lite cache-hit
2704 silly fetch manifest inherits@~2.0.4
2705 silly packumentCache full:https://registry.npmjs.org/inherits cache-miss
2706 silly fetch manifest setprototypeof@~1.2.0
2707 silly packumentCache full:https://registry.npmjs.org/setprototypeof cache-miss
2708 silly fetch manifest statuses@~2.0.2
2709 silly packumentCache full:https://registry.npmjs.org/statuses cache-hit
2710 silly fetch manifest toidentifier@~1.0.1
2711 silly packumentCache full:https://registry.npmjs.org/toidentifier cache-miss
2712 silly fetch manifest ee-first@1.1.1
2713 silly packumentCache full:https://registry.npmjs.org/ee-first cache-miss
2714 silly fetch manifest wrappy@1
2715 silly packumentCache full:https://registry.npmjs.org/wrappy cache-miss
2716 silly fetch manifest forwarded@0.2.0
2717 silly packumentCache full:https://registry.npmjs.org/forwarded cache-miss
2718 silly fetch manifest ipaddr.js@1.9.1
2719 silly packumentCache full:https://registry.npmjs.org/ipaddr.js cache-hit
2720 silly fetch manifest is-promise@^4.0.0
2721 silly packumentCache full:https://registry.npmjs.org/is-promise cache-miss
2722 silly fetch manifest statuses@^2.0.2
2723 silly packumentCache full:https://registry.npmjs.org/statuses cache-hit
2724 http cache https://registry.npmjs.org/setprototypeof 4ms (cache hit)
2725 silly packumentCache full:https://registry.npmjs.org/setprototypeof set size:14532 disposed:false
2726 http cache https://registry.npmjs.org/forwarded 5ms (cache hit)
2727 silly packumentCache full:https://registry.npmjs.org/forwarded set size:11229 disposed:false
2728 http cache https://registry.npmjs.org/inherits 5ms (cache hit)
2729 silly packumentCache full:https://registry.npmjs.org/inherits set size:12925 disposed:false
2730 http cache https://registry.npmjs.org/ee-first 5ms (cache hit)
2731 silly packumentCache full:https://registry.npmjs.org/ee-first set size:15327 disposed:false
2732 http cache https://registry.npmjs.org/toidentifier 5ms (cache hit)
2733 silly packumentCache full:https://registry.npmjs.org/toidentifier set size:12006 disposed:false
2734 http cache https://registry.npmjs.org/is-promise 5ms (cache hit)
2735 silly packumentCache full:https://registry.npmjs.org/is-promise set size:18599 disposed:false
2736 http cache https://registry.npmjs.org/wrappy 6ms (cache hit)
2737 silly packumentCache full:https://registry.npmjs.org/wrappy set size:7682 disposed:false
2738 http cache https://registry.npmjs.org/negotiator 9ms (cache hit)
2739 silly packumentCache full:https://registry.npmjs.org/negotiator set size:48046 disposed:false
2740 silly placeDep node_modules/openclaw negotiator@1.0.0 OK for: accepts@2.0.0 want: ^1.0.0
2741 silly placeDep node_modules/openclaw bytes@3.1.2 OK for: body-parser@2.2.2 want: ^3.1.2
2742 silly placeDep node_modules/openclaw iconv-lite@0.7.2 OK for: body-parser@2.2.2 want: ^0.7.0
2743 silly fetch manifest safer-buffer@>= 2.1.2 < 3.0.0
2744 silly packumentCache full:https://registry.npmjs.org/safer-buffer cache-miss
2745 http cache https://registry.npmjs.org/safer-buffer 5ms (cache hit)
2746 silly packumentCache full:https://registry.npmjs.org/safer-buffer set size:18521 disposed:false
2747 silly placeDep node_modules/openclaw @types/yauzl@2.10.3 OK for: extract-zip@2.0.1 want: ^2.9.1
2748 silly placeDep node_modules/openclaw get-stream@5.2.0 OK for: extract-zip@2.0.1 want: ^5.1.0
2749 silly placeDep node_modules/openclaw yauzl@2.10.0 OK for: extract-zip@2.0.1 want: ^2.10.0
2750 silly fetch manifest pump@^3.0.0
2751 silly packumentCache full:https://registry.npmjs.org/pump cache-miss
2752 silly fetch manifest fd-slicer@~1.1.0
2753 silly packumentCache full:https://registry.npmjs.org/fd-slicer cache-miss
2754 silly fetch manifest buffer-crc32@~0.2.3
2755 silly packumentCache full:https://registry.npmjs.org/buffer-crc32 cache-miss
2756 http cache https://registry.npmjs.org/pump 4ms (cache hit)
2757 silly packumentCache full:https://registry.npmjs.org/pump set size:41178 disposed:false
2758 http cache https://registry.npmjs.org/buffer-crc32 5ms (cache hit)
2759 silly packumentCache full:https://registry.npmjs.org/buffer-crc32 set size:58100 disposed:false
2760 http cache https://registry.npmjs.org/fd-slicer 5ms (cache hit)
2761 silly packumentCache full:https://registry.npmjs.org/fd-slicer set size:25525 disposed:false
2762 silly placeDep node_modules/openclaw strnum@2.2.0 OK for: fast-xml-parser@5.3.6 want: ^2.1.2
2763 silly placeDep node_modules/openclaw @tokenizer/inflate@0.4.1 OK for: file-type@21.3.0 want: ^0.4.1
2764 silly placeDep node_modules/openclaw strtok3@10.3.4 OK for: file-type@21.3.0 want: ^10.3.4
2765 silly placeDep node_modules/openclaw token-types@6.1.2 OK for: file-type@21.3.0 want: ^6.1.1
2766 silly placeDep node_modules/openclaw uint8array-extras@1.5.0 OK for: file-type@21.3.0 want: ^1.4.0
2767 silly fetch manifest ieee754@^1.2.1
2768 silly packumentCache full:https://registry.npmjs.org/ieee754 cache-miss
2769 http cache https://registry.npmjs.org/ieee754 4ms (cache hit)
2770 silly packumentCache full:https://registry.npmjs.org/ieee754 set size:34910 disposed:false
2771 silly placeDep node_modules/openclaw asynckit@0.4.0 OK for: form-data@4.0.5 want: ^0.4.0
2772 silly placeDep node_modules/openclaw combined-stream@1.0.8 OK for: form-data@4.0.5 want: ^1.0.8
2773 silly placeDep node_modules/openclaw es-set-tostringtag@2.1.0 OK for: form-data@4.0.5 want: ^2.1.0
2774 silly placeDep node_modules/openclaw hasown@2.0.2 OK for: form-data@4.0.5 want: ^2.0.2
2775 silly placeDep node_modules/openclaw/node_modules/form-data mime-types@2.1.35 OK for: form-data@4.0.5 want: ^2.1.12
2776 silly fetch manifest delayed-stream@~1.0.0
2777 silly packumentCache full:https://registry.npmjs.org/delayed-stream cache-miss
2778 silly fetch manifest es-errors@^1.3.0
2779 silly packumentCache full:https://registry.npmjs.org/es-errors cache-miss
2780 silly fetch manifest get-intrinsic@^1.2.6
2781 silly packumentCache full:https://registry.npmjs.org/get-intrinsic cache-miss
2782 silly fetch manifest has-tostringtag@^1.0.2
2783 silly packumentCache full:https://registry.npmjs.org/has-tostringtag cache-miss
2784 silly fetch manifest function-bind@^1.1.2
2785 silly packumentCache full:https://registry.npmjs.org/function-bind cache-miss
2786 silly fetch manifest mime-db@1.52.0
2787 silly packumentCache full:https://registry.npmjs.org/mime-db cache-hit
2788 http cache https://registry.npmjs.org/es-errors 5ms (cache hit)
2789 silly packumentCache full:https://registry.npmjs.org/es-errors set size:16918 disposed:false
2790 http cache https://registry.npmjs.org/function-bind 5ms (cache hit)
2791 silly packumentCache full:https://registry.npmjs.org/function-bind set size:15733 disposed:false
2792 http cache https://registry.npmjs.org/get-intrinsic 6ms (cache hit)
2793 silly packumentCache full:https://registry.npmjs.org/get-intrinsic set size:60985 disposed:false
2794 http cache https://registry.npmjs.org/has-tostringtag 6ms (cache hit)
2795 silly packumentCache full:https://registry.npmjs.org/has-tostringtag set size:13945 disposed:false
2796 http cache https://registry.npmjs.org/delayed-stream 9ms (cache hit)
2797 silly packumentCache full:https://registry.npmjs.org/delayed-stream set size:15820 disposed:false
2798 silly placeDep node_modules/openclaw delayed-stream@1.0.0 OK for: combined-stream@1.0.8 want: ~1.0.0
2799 silly placeDep node_modules/openclaw es-errors@1.3.0 OK for: es-set-tostringtag@2.1.0 want: ^1.3.0
2800 silly placeDep node_modules/openclaw get-intrinsic@1.3.0 OK for: es-set-tostringtag@2.1.0 want: ^1.2.6
2801 silly placeDep node_modules/openclaw has-tostringtag@1.0.2 OK for: es-set-tostringtag@2.1.0 want: ^1.0.2
2802 silly fetch manifest gopd@^1.2.0
2803 silly packumentCache full:https://registry.npmjs.org/gopd cache-miss
2804 silly fetch manifest get-proto@^1.0.1
2805 silly packumentCache full:https://registry.npmjs.org/get-proto cache-miss
2806 silly fetch manifest has-symbols@^1.1.0
2807 silly packumentCache full:https://registry.npmjs.org/has-symbols cache-miss
2808 silly fetch manifest es-object-atoms@^1.1.1
2809 silly packumentCache full:https://registry.npmjs.org/es-object-atoms cache-miss
2810 silly fetch manifest math-intrinsics@^1.1.0
2811 silly packumentCache full:https://registry.npmjs.org/math-intrinsics cache-miss
2812 silly fetch manifest es-define-property@^1.0.1
2813 silly packumentCache full:https://registry.npmjs.org/es-define-property cache-miss
2814 silly fetch manifest call-bind-apply-helpers@^1.0.2
2815 silly packumentCache full:https://registry.npmjs.org/call-bind-apply-helpers cache-miss
2816 silly fetch manifest has-symbols@^1.0.3
2817 silly packumentCache full:https://registry.npmjs.org/has-symbols cache-miss
2818 http cache https://registry.npmjs.org/has-symbols 10ms (cache hit)
2819 silly packumentCache full:https://registry.npmjs.org/has-symbols set size:21550 disposed:false
2820 http cache https://registry.npmjs.org/es-object-atoms 10ms (cache hit)
2821 silly packumentCache full:https://registry.npmjs.org/es-object-atoms set size:15304 disposed:false
2822 http cache https://registry.npmjs.org/math-intrinsics 11ms (cache hit)
2823 silly packumentCache full:https://registry.npmjs.org/math-intrinsics set size:9265 disposed:false
2824 http cache https://registry.npmjs.org/es-define-property 11ms (cache hit)
2825 silly packumentCache full:https://registry.npmjs.org/es-define-property set size:8542 disposed:false
2826 http cache https://registry.npmjs.org/call-bind-apply-helpers 11ms (cache hit)
2827 silly packumentCache full:https://registry.npmjs.org/call-bind-apply-helpers set size:12744 disposed:false
2828 http cache https://registry.npmjs.org/get-proto 11ms (cache hit)
2829 silly packumentCache full:https://registry.npmjs.org/get-proto set size:8300 disposed:false
2830 http cache https://registry.npmjs.org/has-symbols 11ms (cache hit)
2831 silly packumentCache full:https://registry.npmjs.org/has-symbols set size:21550 disposed:false
2832 silly packumentCache full:https://registry.npmjs.org/has-symbols dispose
2833 http cache https://registry.npmjs.org/gopd 13ms (cache hit)
2834 silly packumentCache full:https://registry.npmjs.org/gopd set size:11458 disposed:false
2835 silly placeDep node_modules/openclaw extend@3.0.2 OK for: gaxios@7.1.3 want: ^3.0.2
2836 silly placeDep node_modules/openclaw/node_modules/gaxios node-fetch@3.3.2 OK for: gaxios@7.1.3 want: ^3.3.2
2837 silly placeDep node_modules/openclaw/node_modules/gaxios rimraf@5.0.10 OK for: gaxios@7.1.3 want: ^5.0.1
2838 silly fetch manifest data-uri-to-buffer@^4.0.0
2839 silly packumentCache full:https://registry.npmjs.org/data-uri-to-buffer cache-miss
2840 silly fetch manifest fetch-blob@^3.1.4
2841 silly packumentCache full:https://registry.npmjs.org/fetch-blob cache-miss
2842 silly fetch manifest formdata-polyfill@^4.0.10
2843 silly packumentCache full:https://registry.npmjs.org/formdata-polyfill cache-miss
2844 silly fetch manifest glob@^10.3.7
2845 silly packumentCache full:https://registry.npmjs.org/glob cache-hit
2846 http cache https://registry.npmjs.org/formdata-polyfill 4ms (cache hit)
2847 silly packumentCache full:https://registry.npmjs.org/formdata-polyfill set size:94446 disposed:false
2848 http cache https://registry.npmjs.org/fetch-blob 6ms (cache hit)
2849 silly packumentCache full:https://registry.npmjs.org/fetch-blob set size:73704 disposed:false
2850 http cache https://registry.npmjs.org/data-uri-to-buffer 6ms (cache hit)
2851 silly packumentCache full:https://registry.npmjs.org/data-uri-to-buffer set size:43253 disposed:false
2852 silly placeDep node_modules/openclaw call-bind-apply-helpers@1.0.2 OK for: get-intrinsic@1.3.0 want: ^1.0.2
2853 silly placeDep node_modules/openclaw es-define-property@1.0.1 OK for: get-intrinsic@1.3.0 want: ^1.0.1
2854 silly placeDep node_modules/openclaw es-object-atoms@1.1.1 OK for: get-intrinsic@1.3.0 want: ^1.1.1
2855 silly placeDep node_modules/openclaw function-bind@1.1.2 OK for: get-intrinsic@1.3.0 want: ^1.1.2
2856 silly placeDep node_modules/openclaw get-proto@1.0.1 OK for: get-intrinsic@1.3.0 want: ^1.0.1
2857 silly placeDep node_modules/openclaw gopd@1.2.0 OK for: get-intrinsic@1.3.0 want: ^1.2.0
2858 silly placeDep node_modules/openclaw has-symbols@1.1.0 OK for: get-intrinsic@1.3.0 want: ^1.1.0
2859 silly placeDep node_modules/openclaw math-intrinsics@1.1.0 OK for: get-intrinsic@1.3.0 want: ^1.1.0
2860 silly fetch manifest dunder-proto@^1.0.1
2861 silly packumentCache full:https://registry.npmjs.org/dunder-proto cache-miss
2862 http cache https://registry.npmjs.org/dunder-proto 4ms (cache hit)
2863 silly packumentCache full:https://registry.npmjs.org/dunder-proto set size:8256 disposed:false
2864 silly placeDep node_modules/openclaw dunder-proto@1.0.1 OK for: get-proto@1.0.1 want: ^1.0.1
2865 silly placeDep node_modules/openclaw pump@3.0.4 OK for: get-stream@5.2.0 want: ^3.0.0
2866 silly fetch manifest end-of-stream@^1.1.0
2867 silly packumentCache full:https://registry.npmjs.org/end-of-stream cache-miss
2868 http cache https://registry.npmjs.org/end-of-stream 1ms (cache hit)
2869 silly packumentCache full:https://registry.npmjs.org/end-of-stream set size:27842 disposed:false
2870 silly placeDep node_modules/openclaw minipass@7.1.3 OK for: glob@13.0.6 want: ^7.1.3
2871 silly placeDep node_modules/openclaw path-scurry@2.0.2 OK for: glob@13.0.6 want: ^2.0.2
2872 silly placeDep node_modules/openclaw base64-js@1.5.1 OK for: google-auth-library@10.6.1 want: ^1.3.0
2873 silly placeDep node_modules/openclaw ecdsa-sig-formatter@1.0.11 OK for: google-auth-library@10.6.1 want: ^1.0.11
2874 silly placeDep node_modules/openclaw gcp-metadata@8.1.2 OK for: google-auth-library@10.6.1 want: 8.1.2
2875 silly placeDep node_modules/openclaw google-logging-utils@1.1.3 OK for: google-auth-library@10.6.1 want: 1.1.3
2876 silly placeDep node_modules/openclaw jws@4.0.1 OK for: google-auth-library@10.6.1 want: ^4.0.0
2877 silly fetch manifest safe-buffer@^5.0.1
2878 silly packumentCache full:https://registry.npmjs.org/safe-buffer cache-miss
2879 silly fetch manifest google-logging-utils@^1.0.0
2880 silly packumentCache full:https://registry.npmjs.org/google-logging-utils cache-hit
2881 silly fetch manifest json-bigint@^1.0.0
2882 silly packumentCache full:https://registry.npmjs.org/json-bigint cache-miss
2883 silly fetch manifest jwa@^2.0.1
2884 silly packumentCache full:https://registry.npmjs.org/jwa cache-miss
2885 silly fetch manifest safe-buffer@^5.0.1
2886 silly packumentCache full:https://registry.npmjs.org/safe-buffer cache-miss
2887 http cache https://registry.npmjs.org/jwa 3ms (cache hit)
2888 silly packumentCache full:https://registry.npmjs.org/jwa set size:39956 disposed:false
2889 http cache https://registry.npmjs.org/json-bigint 4ms (cache hit)
2890 silly packumentCache full:https://registry.npmjs.org/json-bigint set size:36963 disposed:false
2891 http cache https://registry.npmjs.org/safe-buffer 5ms (cache hit)
2892 silly packumentCache full:https://registry.npmjs.org/safe-buffer set size:41183 disposed:false
2893 http cache https://registry.npmjs.org/safe-buffer 4ms (cache hit)
2894 silly packumentCache full:https://registry.npmjs.org/safe-buffer set size:41183 disposed:false
2895 silly packumentCache full:https://registry.npmjs.org/safe-buffer dispose
2896 silly placeDep node_modules/openclaw safe-buffer@5.2.1 OK for: ecdsa-sig-formatter@1.0.11 want: ^5.0.1
2897 silly placeDep node_modules/openclaw json-bigint@1.0.0 OK for: gcp-metadata@8.1.2 want: ^1.0.0
2898 silly fetch manifest bignumber.js@^9.0.0
2899 silly packumentCache full:https://registry.npmjs.org/bignumber.js cache-miss
2900 http cache https://registry.npmjs.org/bignumber.js 4ms (cache hit)
2901 silly packumentCache full:https://registry.npmjs.org/bignumber.js set size:132050 disposed:false
2902 silly placeDep node_modules/openclaw @grammyjs/types@3.25.0 OK for: grammy@1.41.1 want: 3.25.0
2903 silly placeDep node_modules/openclaw inherits@2.0.4 OK for: http-errors@2.0.1 want: ~2.0.4
2904 silly placeDep node_modules/openclaw setprototypeof@1.2.0 OK for: http-errors@2.0.1 want: ~1.2.0
2905 silly placeDep node_modules/openclaw toidentifier@1.0.1 OK for: http-errors@2.0.1 want: ~1.0.1
2906 silly placeDep node_modules/openclaw agent-base@7.1.4 OK for: https-proxy-agent@7.0.6 want: ^7.1.2
2907 silly placeDep node_modules/openclaw safer-buffer@2.1.2 OK for: iconv-lite@0.7.2 want: >= 2.1.2 < 3.0.0
2908 silly placeDep node_modules/openclaw bignumber.js@9.3.1 OK for: json-bigint@1.0.0 want: ^9.0.0
2909 silly placeDep node_modules/openclaw @babel/runtime@7.28.6 OK for: json-schema-to-ts@3.1.1 want: ^7.18.3
2910 silly placeDep node_modules/openclaw ts-algebra@2.0.0 OK for: json-schema-to-ts@3.1.1 want: ^2.0.0
2911 silly placeDep node_modules/openclaw lodash.includes@4.3.0 OK for: jsonwebtoken@9.0.3 want: ^4.3.0
2912 silly placeDep node_modules/openclaw lodash.isboolean@3.0.3 OK for: jsonwebtoken@9.0.3 want: ^3.0.3
2913 silly placeDep node_modules/openclaw lodash.isinteger@4.0.4 OK for: jsonwebtoken@9.0.3 want: ^4.0.4
2914 silly placeDep node_modules/openclaw lodash.isnumber@3.0.3 OK for: jsonwebtoken@9.0.3 want: ^3.0.3
2915 silly placeDep node_modules/openclaw lodash.isplainobject@4.0.6 OK for: jsonwebtoken@9.0.3 want: ^4.0.6
2916 silly placeDep node_modules/openclaw lodash.isstring@4.0.1 OK for: jsonwebtoken@9.0.3 want: ^4.0.1
2917 silly placeDep node_modules/openclaw lodash.once@4.1.1 OK for: jsonwebtoken@9.0.3 want: ^4.0.0
2918 silly placeDep node_modules/openclaw lie@3.3.0 OK for: jszip@3.10.1 want: ~3.3.0
2919 silly placeDep node_modules/openclaw pako@1.0.11 OK for: jszip@3.10.1 want: ~1.0.2
2920 silly placeDep node_modules/openclaw readable-stream@2.3.8 OK for: jszip@3.10.1 want: ~2.3.6
2921 silly placeDep node_modules/openclaw setimmediate@1.0.5 OK for: jszip@3.10.1 want: ^1.0.5
2922 silly fetch manifest immediate@~3.0.5
2923 silly packumentCache full:https://registry.npmjs.org/immediate cache-miss
2924 silly fetch manifest isarray@~1.0.0
2925 silly packumentCache full:https://registry.npmjs.org/isarray cache-miss
2926 silly fetch manifest safe-buffer@~5.1.1
2927 silly packumentCache full:https://registry.npmjs.org/safe-buffer cache-hit
2928 silly fetch manifest core-util-is@~1.0.0
2929 silly packumentCache full:https://registry.npmjs.org/core-util-is cache-miss
2930 silly fetch manifest string_decoder@~1.1.1
2931 silly packumentCache full:https://registry.npmjs.org/string_decoder cache-miss
2932 silly fetch manifest util-deprecate@~1.0.1
2933 silly packumentCache full:https://registry.npmjs.org/util-deprecate cache-miss
2934 silly fetch manifest process-nextick-args@~2.0.0
2935 silly packumentCache full:https://registry.npmjs.org/process-nextick-args cache-miss
2936 http cache https://registry.npmjs.org/immediate 5ms (cache hit)
2937 silly packumentCache full:https://registry.npmjs.org/immediate set size:66460 disposed:false
2938 http cache https://registry.npmjs.org/util-deprecate 6ms (cache hit)
2939 silly packumentCache full:https://registry.npmjs.org/util-deprecate set size:6674 disposed:false
2940 http cache https://registry.npmjs.org/core-util-is 6ms (cache hit)
2941 silly packumentCache full:https://registry.npmjs.org/core-util-is set size:7163 disposed:false
2942 http cache https://registry.npmjs.org/string_decoder 6ms (cache hit)
2943 silly packumentCache full:https://registry.npmjs.org/string_decoder set size:28441 disposed:false
2944 http cache https://registry.npmjs.org/isarray 7ms (cache hit)
2945 silly packumentCache full:https://registry.npmjs.org/isarray set size:17392 disposed:false
2946 http cache https://registry.npmjs.org/process-nextick-args 6ms (cache hit)
2947 silly packumentCache full:https://registry.npmjs.org/process-nextick-args set size:15428 disposed:false
2948 silly placeDep node_modules/openclaw jwa@2.0.1 OK for: jws@4.0.1 want: ^2.0.1
2949 silly fetch manifest buffer-equal-constant-time@^1.0.1
2950 silly packumentCache full:https://registry.npmjs.org/buffer-equal-constant-time cache-miss
2951 http cache https://registry.npmjs.org/buffer-equal-constant-time 2ms (cache hit)
2952 silly packumentCache full:https://registry.npmjs.org/buffer-equal-constant-time set size:4390 disposed:false
2953 silly placeDep node_modules/openclaw buffer-equal-constant-time@1.0.1 OK for: jwa@2.0.1 want: ^1.0.1
2954 silly placeDep node_modules/openclaw @keyv/serialize@1.1.1 OK for: keyv@5.6.0 want: ^1.1.1
2955 silly placeDep node_modules/openclaw curve25519-js@0.0.4 OK for: @whiskeysockets/libsignal-node@2.0.1 want: ^0.0.4
2956 silly placeDep node_modules/openclaw/node_modules/libsignal protobufjs@6.8.8 OK for: @whiskeysockets/libsignal-node@2.0.1 want: 6.8.8
2957 silly fetch manifest long@^4.0.0
2958 silly packumentCache full:https://registry.npmjs.org/long cache-hit
2959 silly fetch manifest @types/long@^4.0.0
2960 silly packumentCache full:https://registry.npmjs.org/@types%2flong cache-miss
2961 silly fetch manifest @types/node@^10.1.0
2962 silly packumentCache full:https://registry.npmjs.org/@types%2fnode cache-miss
2963 http cache https://registry.npmjs.org/@types%2flong 5ms (cache hit)
2964 silly packumentCache full:https://registry.npmjs.org/@types%2flong set size:28711 disposed:false
2965 http cache https://registry.npmjs.org/@types%2fnode 14ms (cache hit)
2966 silly packumentCache full:https://registry.npmjs.org/@types%2fnode set size:10900244 disposed:false
2967 silly placeDep node_modules/openclaw immediate@3.0.6 OK for: lie@3.3.0 want: ~3.0.5
2968 silly placeDep node_modules/openclaw css-select@5.2.2 OK for: linkedom@0.18.12 want: ^5.1.0
2969 silly placeDep node_modules/openclaw cssom@0.5.0 OK for: linkedom@0.18.12 want: ^0.5.0
2970 silly placeDep node_modules/openclaw html-escaper@3.0.3 OK for: linkedom@0.18.12 want: ^3.0.3
2971 silly placeDep node_modules/openclaw htmlparser2@10.1.0 OK for: linkedom@0.18.12 want: ^10.0.0
2972 silly placeDep node_modules/openclaw uhyphen@0.2.0 OK for: linkedom@0.18.12 want: ^0.2.0
2973 silly fetch manifest boolbase@^1.0.0
2974 silly packumentCache full:https://registry.npmjs.org/boolbase cache-miss
2975 silly fetch manifest css-what@^6.1.0
2976 silly packumentCache full:https://registry.npmjs.org/css-what cache-miss
2977 silly fetch manifest domutils@^3.0.1
2978 silly packumentCache full:https://registry.npmjs.org/domutils cache-miss
2979 silly fetch manifest nth-check@^2.0.1
2980 silly packumentCache full:https://registry.npmjs.org/nth-check cache-miss
2981 silly fetch manifest domhandler@^5.0.2
2982 silly packumentCache full:https://registry.npmjs.org/domhandler cache-miss
2983 silly fetch manifest domutils@^3.2.2
2984 silly packumentCache full:https://registry.npmjs.org/domutils cache-miss
2985 silly fetch manifest entities@^7.0.1
2986 silly packumentCache full:https://registry.npmjs.org/entities cache-hit
2987 silly fetch manifest domhandler@^5.0.3
2988 silly packumentCache full:https://registry.npmjs.org/domhandler cache-miss
2989 silly fetch manifest domelementtype@^2.3.0
2990 silly packumentCache full:https://registry.npmjs.org/domelementtype cache-miss
2991 http cache https://registry.npmjs.org/boolbase 7ms (cache hit)
2992 silly packumentCache full:https://registry.npmjs.org/boolbase set size:2451 disposed:false
2993 http cache https://registry.npmjs.org/domhandler 6ms (cache hit)
2994 silly packumentCache full:https://registry.npmjs.org/domhandler set size:73300 disposed:false
2995 http cache https://registry.npmjs.org/domhandler 8ms (cache hit)
2996 silly packumentCache full:https://registry.npmjs.org/domhandler set size:73300 disposed:false
2997 silly packumentCache full:https://registry.npmjs.org/domhandler dispose
2998 http cache https://registry.npmjs.org/domutils 8ms (cache hit)
2999 silly packumentCache full:https://registry.npmjs.org/domutils set size:102772 disposed:false
3000 http cache https://registry.npmjs.org/domutils 9ms (cache hit)
3001 silly packumentCache full:https://registry.npmjs.org/domutils set size:102772 disposed:false
3002 silly packumentCache full:https://registry.npmjs.org/domutils dispose
3003 http cache https://registry.npmjs.org/css-what 10ms (cache hit)
3004 silly packumentCache full:https://registry.npmjs.org/css-what set size:79769 disposed:false
3005 http cache https://registry.npmjs.org/nth-check 10ms (cache hit)
3006 silly packumentCache full:https://registry.npmjs.org/nth-check set size:22973 disposed:false
3007 http cache https://registry.npmjs.org/domelementtype 13ms (cache hit)
3008 silly packumentCache full:https://registry.npmjs.org/domelementtype set size:30945 disposed:false
3009 silly placeDep node_modules/openclaw boolbase@1.0.0 OK for: css-select@5.2.2 want: ^1.0.0
3010 silly placeDep node_modules/openclaw css-what@6.2.2 OK for: css-select@5.2.2 want: ^6.1.0
3011 silly placeDep node_modules/openclaw domhandler@5.0.3 OK for: css-select@5.2.2 want: ^5.0.2
3012 silly placeDep node_modules/openclaw domutils@3.2.2 OK for: css-select@5.2.2 want: ^3.0.1
3013 silly placeDep node_modules/openclaw nth-check@2.1.1 OK for: css-select@5.2.2 want: ^2.0.1
3014 silly fetch manifest dom-serializer@^2.0.0
3015 silly packumentCache full:https://registry.npmjs.org/dom-serializer cache-miss
3016 http cache https://registry.npmjs.org/dom-serializer 3ms (cache hit)
3017 silly packumentCache full:https://registry.npmjs.org/dom-serializer set size:52161 disposed:false
3018 silly placeDep node_modules/openclaw domelementtype@2.3.0 OK for: domhandler@5.0.3 want: ^2.3.0
3019 silly placeDep node_modules/openclaw dom-serializer@2.0.0 OK for: domutils@3.2.2 want: ^2.0.0
3020 silly fetch manifest entities@^4.2.0
3021 silly packumentCache full:https://registry.npmjs.org/entities cache-hit
3022 silly placeDep node_modules/openclaw entities@4.5.0 OK for: dom-serializer@2.0.0 want: ^4.2.0
3023 silly placeDep node_modules/openclaw/node_modules/htmlparser2 entities@7.0.1 OK for: htmlparser2@10.1.0 want: ^7.0.1
3024 silly placeDep node_modules/openclaw/node_modules/make-dir semver@6.3.1 OK for: make-dir@3.1.0 want: ^6.0.0
3025 silly placeDep node_modules/openclaw argparse@2.0.1 OK for: markdown-it@14.1.1 want: ^2.0.1
3026 silly placeDep node_modules/openclaw linkify-it@5.0.0 OK for: markdown-it@14.1.1 want: ^5.0.0
3027 silly placeDep node_modules/openclaw mdurl@2.0.0 OK for: markdown-it@14.1.1 want: ^2.0.0
3028 silly placeDep node_modules/openclaw punycode.js@2.3.1 OK for: markdown-it@14.1.1 want: ^2.3.1
3029 silly placeDep node_modules/openclaw uc.micro@2.1.0 OK for: markdown-it@14.1.1 want: ^2.1.0
3030 silly fetch manifest uc.micro@^2.0.0
3031 silly packumentCache full:https://registry.npmjs.org/uc.micro cache-hit
3032 silly placeDep node_modules/openclaw mime-db@1.54.0 OK for: mime-types@3.0.2 want: ^1.54.0
3033 silly placeDep node_modules/openclaw brace-expansion@5.0.4 OK for: minimatch@10.2.4 want: ^5.0.2
3034 silly fetch manifest balanced-match@^4.0.2
3035 silly packumentCache full:https://registry.npmjs.org/balanced-match cache-miss
3036 http cache https://registry.npmjs.org/balanced-match 3ms (cache hit)
3037 silly packumentCache full:https://registry.npmjs.org/balanced-match set size:39082 disposed:false
3038 silly placeDep node_modules/openclaw balanced-match@4.0.4 OK for: brace-expansion@5.0.4 want: ^4.0.2
3039 silly placeDep node_modules/openclaw @borewit/text-codec@0.2.1 OK for: music-metadata@11.12.1 want: ^0.2.1
3040 silly placeDep node_modules/openclaw @tokenizer/token@0.3.0 OK for: music-metadata@11.12.1 want: ^0.3.0
3041 silly placeDep node_modules/openclaw media-typer@1.1.0 OK for: music-metadata@11.12.1 want: ^1.1.0
3042 silly placeDep node_modules/openclaw win-guid@0.2.1 OK for: music-metadata@11.12.1 want: ^0.2.1
3043 silly placeDep node_modules/openclaw any-promise@1.3.0 OK for: mz@2.7.0 want: ^1.0.0
3044 silly placeDep node_modules/openclaw object-assign@4.1.1 OK for: mz@2.7.0 want: ^4.0.1
3045 silly placeDep node_modules/openclaw thenify-all@1.6.0 OK for: mz@2.7.0 want: ^1.0.0
3046 silly fetch manifest thenify@>= 3.1.0 < 4
3047 silly packumentCache full:https://registry.npmjs.org/thenify cache-miss
3048 http cache https://registry.npmjs.org/thenify 3ms (cache hit)
3049 silly packumentCache full:https://registry.npmjs.org/thenify set size:21379 disposed:false
3050 silly placeDep node_modules/openclaw/node_modules/node-edge-tts yargs@17.7.2 OK for: node-edge-tts@1.2.10 want: ^17.7.2
3051 silly fetch manifest cliui@^8.0.1
3052 silly packumentCache full:https://registry.npmjs.org/cliui cache-hit
3053 silly fetch manifest string-width@^4.2.3
3054 silly packumentCache full:https://registry.npmjs.org/string-width cache-hit
3055 silly fetch manifest yargs-parser@^21.1.1
3056 silly packumentCache full:https://registry.npmjs.org/yargs-parser cache-hit
3057 silly placeDep node_modules/openclaw whatwg-url@5.0.0 OK for: node-fetch@2.7.0 want: ^5.0.0
3058 silly fetch manifest tr46@~0.0.3
3059 silly packumentCache full:https://registry.npmjs.org/tr46 cache-miss
3060 silly fetch manifest webidl-conversions@^3.0.0
3061 silly packumentCache full:https://registry.npmjs.org/webidl-conversions cache-miss
3062 http cache https://registry.npmjs.org/webidl-conversions 4ms (cache hit)
3063 silly packumentCache full:https://registry.npmjs.org/webidl-conversions set size:46073 disposed:false
3064 http cache https://registry.npmjs.org/tr46 4ms (cache hit)
3065 silly packumentCache full:https://registry.npmjs.org/tr46 set size:47377 disposed:false
3066 silly placeDep node_modules/openclaw @huggingface/jinja@0.5.5 OK for: node-llama-cpp@3.16.2 want: ^0.5.5
3067 silly placeDep node_modules/openclaw @node-llama-cpp/linux-arm64@3.16.2 OK for: node-llama-cpp@3.16.2 want: 3.16.2
3068 silly placeDep node_modules/openclaw @node-llama-cpp/linux-armv7l@3.16.2 OK for: node-llama-cpp@3.16.2 want: 3.16.2
3069 silly placeDep node_modules/openclaw @node-llama-cpp/linux-x64@3.16.2 OK for: node-llama-cpp@3.16.2 want: 3.16.2
3070 silly placeDep node_modules/openclaw @node-llama-cpp/linux-x64-cuda@3.16.2 OK for: node-llama-cpp@3.16.2 want: 3.16.2
3071 silly placeDep node_modules/openclaw @node-llama-cpp/linux-x64-cuda-ext@3.16.2 OK for: node-llama-cpp@3.16.2 want: 3.16.2
3072 silly placeDep node_modules/openclaw @node-llama-cpp/linux-x64-vulkan@3.16.2 OK for: node-llama-cpp@3.16.2 want: 3.16.2
3073 silly placeDep node_modules/openclaw @node-llama-cpp/mac-arm64-metal@3.16.2 OK for: node-llama-cpp@3.16.2 want: 3.16.2
3074 silly placeDep node_modules/openclaw @node-llama-cpp/mac-x64@3.16.2 OK for: node-llama-cpp@3.16.2 want: 3.16.2
3075 silly placeDep node_modules/openclaw @node-llama-cpp/win-arm64@3.16.2 OK for: node-llama-cpp@3.16.2 want: 3.16.2
3076 silly placeDep node_modules/openclaw @node-llama-cpp/win-x64@3.16.2 OK for: node-llama-cpp@3.16.2 want: 3.16.2
3077 silly placeDep node_modules/openclaw @node-llama-cpp/win-x64-cuda@3.16.2 OK for: node-llama-cpp@3.16.2 want: 3.16.2
3078 silly placeDep node_modules/openclaw @node-llama-cpp/win-x64-cuda-ext@3.16.2 OK for: node-llama-cpp@3.16.2 want: 3.16.2
3079 silly placeDep node_modules/openclaw @node-llama-cpp/win-x64-vulkan@3.16.2 OK for: node-llama-cpp@3.16.2 want: 3.16.2
3080 silly placeDep node_modules/openclaw async-retry@1.3.3 OK for: node-llama-cpp@3.16.2 want: ^1.3.3
3081 silly placeDep node_modules/openclaw chmodrp@1.0.2 OK for: node-llama-cpp@3.16.2 want: ^1.0.2
3082 silly placeDep node_modules/openclaw cmake-js@8.0.0 OK for: node-llama-cpp@3.16.2 want: ^8.0.0
3083 silly placeDep node_modules/openclaw cross-spawn@7.0.6 OK for: node-llama-cpp@3.16.2 want: ^7.0.6
3084 silly placeDep node_modules/openclaw env-var@7.5.0 OK for: node-llama-cpp@3.16.2 want: ^7.5.0
3085 silly placeDep node_modules/openclaw filenamify@6.0.0 OK for: node-llama-cpp@3.16.2 want: ^6.0.0
3086 silly placeDep node_modules/openclaw fs-extra@11.3.3 OK for: node-llama-cpp@3.16.2 want: ^11.3.0
3087 silly placeDep node_modules/openclaw ipull@3.9.5 OK for: node-llama-cpp@3.16.2 want: ^3.9.5
3088 silly placeDep node_modules/openclaw is-unicode-supported@2.1.0 OK for: node-llama-cpp@3.16.2 want: ^2.1.0
3089 silly placeDep node_modules/openclaw lifecycle-utils@3.1.1 OK for: node-llama-cpp@3.16.2 want: ^3.1.1
3090 silly placeDep node_modules/openclaw log-symbols@7.0.1 OK for: node-llama-cpp@3.16.2 want: ^7.0.1
3091 silly placeDep node_modules/openclaw nanoid@5.1.6 OK for: node-llama-cpp@3.16.2 want: ^5.1.6
3092 silly placeDep node_modules/openclaw octokit@5.0.5 OK for: node-llama-cpp@3.16.2 want: ^5.0.5
3093 silly placeDep node_modules/openclaw ora@9.3.0 OK for: node-llama-cpp@3.16.2 want: ^9.3.0
3094 silly placeDep node_modules/openclaw pretty-ms@9.3.0 OK for: node-llama-cpp@3.16.2 want: ^9.3.0
3095 silly placeDep node_modules/openclaw simple-git@3.32.3 OK for: node-llama-cpp@3.16.2 want: ^3.31.1
3096 silly placeDep node_modules/openclaw slice-ansi@8.0.0 OK for: node-llama-cpp@3.16.2 want: ^8.0.0
3097 silly placeDep node_modules/openclaw stdout-update@4.0.1 OK for: node-llama-cpp@3.16.2 want: ^4.0.1
3098 silly placeDep node_modules/openclaw validate-npm-package-name@7.0.2 OK for: node-llama-cpp@3.16.2 want: ^7.0.2
3099 silly placeDep node_modules/openclaw which@6.0.1 OK for: node-llama-cpp@3.16.2 want: ^6.0.1
3100 silly placeDep node_modules/openclaw/node_modules/node-llama-cpp yargs@17.7.2 OK for: node-llama-cpp@3.16.2 want: ^17.7.2
3101 silly fetch manifest fs-extra@^11.3.3
3102 silly packumentCache full:https://registry.npmjs.org/fs-extra cache-hit
3103 silly fetch manifest node-api-headers@^1.8.0
3104 silly packumentCache full:https://registry.npmjs.org/node-api-headers cache-miss
3105 silly fetch manifest rc@1.2.8
3106 silly packumentCache full:https://registry.npmjs.org/rc cache-miss
3107 silly fetch manifest url-join@^4.0.1
3108 silly packumentCache full:https://registry.npmjs.org/url-join cache-miss
3109 silly fetch manifest which@^6.0.0
3110 silly packumentCache full:https://registry.npmjs.org/which cache-hit
3111 silly fetch manifest which@^2.0.1
3112 silly packumentCache full:https://registry.npmjs.org/which cache-hit
3113 silly fetch manifest path-key@^3.1.0
3114 silly packumentCache full:https://registry.npmjs.org/path-key cache-miss
3115 silly fetch manifest shebang-command@^2.0.0
3116 silly packumentCache full:https://registry.npmjs.org/shebang-command cache-miss
3117 silly fetch manifest filename-reserved-regex@^3.0.0
3118 silly packumentCache full:https://registry.npmjs.org/filename-reserved-regex cache-miss
3119 silly fetch manifest graceful-fs@^4.2.0
3120 silly packumentCache full:https://registry.npmjs.org/graceful-fs cache-hit
3121 silly fetch manifest jsonfile@^6.0.1
3122 silly packumentCache full:https://registry.npmjs.org/jsonfile cache-miss
3123 silly fetch manifest universalify@^2.0.0
3124 silly packumentCache full:https://registry.npmjs.org/universalify cache-miss
3125 silly fetch manifest @tinyhttp/content-disposition@^2.2.0
3126 silly packumentCache full:https://registry.npmjs.org/@tinyhttp%2fcontent-disposition cache-miss
3127 http cache https://registry.npmjs.org/rc 8ms (cache hit)
3128 silly packumentCache full:https://registry.npmjs.org/rc set size:70417 disposed:false
3129 silly fetch manifest ci-info@^4.0.0
3130 silly packumentCache full:https://registry.npmjs.org/ci-info cache-miss
3131 http cache https://registry.npmjs.org/url-join 9ms (cache hit)
3132 silly packumentCache full:https://registry.npmjs.org/url-join set size:22958 disposed:false
3133 silly fetch manifest cli-spinners@^2.9.2
3134 silly packumentCache full:https://registry.npmjs.org/cli-spinners cache-miss
3135 http cache https://registry.npmjs.org/shebang-command 9ms (cache hit)
3136 silly packumentCache full:https://registry.npmjs.org/shebang-command set size:8525 disposed:false
3137 silly fetch manifest commander@^10.0.0
3138 silly packumentCache full:https://registry.npmjs.org/commander cache-hit
3139 silly fetch manifest is-unicode-supported@^2.0.0
3140 silly packumentCache full:https://registry.npmjs.org/is-unicode-supported cache-hit
3141 silly fetch manifest lifecycle-utils@^2.0.1
3142 silly packumentCache full:https://registry.npmjs.org/lifecycle-utils cache-hit
3143 silly fetch manifest lodash.debounce@^4.0.8
3144 silly packumentCache full:https://registry.npmjs.org/lodash.debounce cache-miss
3145 http cache https://registry.npmjs.org/node-api-headers 11ms (cache hit)
3146 silly packumentCache full:https://registry.npmjs.org/node-api-headers set size:39978 disposed:false
3147 silly fetch manifest lowdb@^7.0.1
3148 silly packumentCache full:https://registry.npmjs.org/lowdb cache-miss
3149 http cache https://registry.npmjs.org/path-key 11ms (cache hit)
3150 silly packumentCache full:https://registry.npmjs.org/path-key set size:16975 disposed:false
3151 silly fetch manifest pretty-bytes@^6.1.0
3152 silly packumentCache full:https://registry.npmjs.org/pretty-bytes cache-miss
3153 http cache https://registry.npmjs.org/universalify 10ms (cache hit)
3154 silly packumentCache full:https://registry.npmjs.org/universalify set size:19431 disposed:false
3155 silly fetch manifest pretty-ms@^8.0.0
3156 silly packumentCache full:https://registry.npmjs.org/pretty-ms cache-hit
3157 silly fetch manifest sleep-promise@^9.1.0
3158 silly packumentCache full:https://registry.npmjs.org/sleep-promise cache-miss
3159 http cache https://registry.npmjs.org/jsonfile 12ms (cache hit)
3160 silly packumentCache full:https://registry.npmjs.org/jsonfile set size:51505 disposed:false
3161 silly fetch manifest slice-ansi@^7.1.0
3162 silly packumentCache full:https://registry.npmjs.org/slice-ansi cache-hit
3163 silly fetch manifest @reflink/reflink@^0.1.16
3164 silly packumentCache full:https://registry.npmjs.org/@reflink%2freflink cache-miss
3165 http cache https://registry.npmjs.org/filename-reserved-regex 14ms (cache hit)
3166 silly packumentCache full:https://registry.npmjs.org/filename-reserved-regex set size:9832 disposed:false
3167 silly fetch manifest @octokit/app@^16.1.2
3168 silly packumentCache full:https://registry.npmjs.org/@octokit%2fapp cache-miss
3169 http cache https://registry.npmjs.org/@tinyhttp%2fcontent-disposition 13ms (cache hit)
3170 silly packumentCache full:https://registry.npmjs.org/@tinyhttp%2fcontent-disposition set size:110052 disposed:false
3171 silly fetch manifest @octokit/core@^7.0.6
3172 silly packumentCache full:https://registry.npmjs.org/@octokit%2fcore cache-miss
3173 http cache https://registry.npmjs.org/cli-spinners 12ms (cache hit)
3174 silly packumentCache full:https://registry.npmjs.org/cli-spinners set size:67473 disposed:false
3175 silly fetch manifest @octokit/oauth-app@^8.0.3
3176 silly packumentCache full:https://registry.npmjs.org/@octokit%2foauth-app cache-miss
3177 http cache https://registry.npmjs.org/ci-info 14ms (cache hit)
3178 silly packumentCache full:https://registry.npmjs.org/ci-info set size:91363 disposed:false
3179 silly fetch manifest @octokit/plugin-paginate-graphql@^6.0.0
3180 silly packumentCache full:https://registry.npmjs.org/@octokit%2fplugin-paginate-graphql cache-miss
3181 http cache https://registry.npmjs.org/sleep-promise 11ms (cache hit)
3182 silly packumentCache full:https://registry.npmjs.org/sleep-promise set size:52821 disposed:false
3183 silly fetch manifest @octokit/plugin-paginate-rest@^14.0.0
3184 silly packumentCache full:https://registry.npmjs.org/@octokit%2fplugin-paginate-rest cache-miss
3185 http cache https://registry.npmjs.org/lodash.debounce 14ms (cache hit)
3186 silly packumentCache full:https://registry.npmjs.org/lodash.debounce set size:44123 disposed:false
3187 silly fetch manifest @octokit/plugin-rest-endpoint-methods@^17.0.0
3188 silly packumentCache full:https://registry.npmjs.org/@octokit%2fplugin-rest-endpoint-methods cache-miss
3189 http cache https://registry.npmjs.org/@reflink%2freflink 10ms (cache hit)
3190 silly packumentCache full:https://registry.npmjs.org/@reflink%2freflink set size:55461 disposed:false
3191 silly fetch manifest @octokit/plugin-retry@^8.0.3
3192 silly packumentCache full:https://registry.npmjs.org/@octokit%2fplugin-retry cache-miss
3193 http cache https://registry.npmjs.org/lowdb 14ms (cache hit)
3194 silly packumentCache full:https://registry.npmjs.org/lowdb set size:183709 disposed:false
3195 silly fetch manifest @octokit/plugin-throttling@^11.0.3
3196 silly packumentCache full:https://registry.npmjs.org/@octokit%2fplugin-throttling cache-miss
3197 http cache https://registry.npmjs.org/@octokit%2fapp 13ms (cache hit)
3198 silly packumentCache full:https://registry.npmjs.org/@octokit%2fapp set size:305555 disposed:false
3199 silly fetch manifest @octokit/request-error@^7.0.2
3200 silly packumentCache full:https://registry.npmjs.org/@octokit%2frequest-error cache-miss
3201 http cache https://registry.npmjs.org/pretty-bytes 19ms (cache hit)
3202 silly packumentCache full:https://registry.npmjs.org/pretty-bytes set size:64558 disposed:false
3203 silly fetch manifest @octokit/types@^16.0.0
3204 silly packumentCache full:https://registry.npmjs.org/@octokit%2ftypes cache-miss
3205 http cache https://registry.npmjs.org/@octokit%2fcore 16ms (cache hit)
3206 silly packumentCache full:https://registry.npmjs.org/@octokit%2fcore set size:274435 disposed:false
3207 silly fetch manifest @octokit/webhooks@^14.0.0
3208 silly packumentCache full:https://registry.npmjs.org/@octokit%2fwebhooks cache-miss
3209 http cache https://registry.npmjs.org/@octokit%2foauth-app 19ms (cache hit)
3210 silly packumentCache full:https://registry.npmjs.org/@octokit%2foauth-app set size:257851 disposed:false
3211 silly fetch manifest cli-cursor@^5.0.0
3212 silly packumentCache full:https://registry.npmjs.org/cli-cursor cache-miss
3213 http cache https://registry.npmjs.org/@octokit%2fplugin-paginate-graphql 20ms (cache hit)
3214 silly packumentCache full:https://registry.npmjs.org/@octokit%2fplugin-paginate-graphql set size:56903 disposed:false
3215 silly fetch manifest cli-spinners@^3.2.0
3216 silly packumentCache full:https://registry.npmjs.org/cli-spinners cache-hit
3217 silly fetch manifest is-interactive@^2.0.0
3218 silly packumentCache full:https://registry.npmjs.org/is-interactive cache-miss
3219 http cache https://registry.npmjs.org/@octokit%2fplugin-retry 19ms (cache hit)
3220 silly packumentCache full:https://registry.npmjs.org/@octokit%2fplugin-retry set size:137843 disposed:false
3221 silly fetch manifest stdin-discarder@^0.3.1
3222 silly packumentCache full:https://registry.npmjs.org/stdin-discarder cache-miss
3223 http cache https://registry.npmjs.org/@octokit%2fplugin-paginate-rest 22ms (cache hit)
3224 silly packumentCache full:https://registry.npmjs.org/@octokit%2fplugin-paginate-rest set size:383183 disposed:false
3225 silly fetch manifest string-width@^8.1.0
3226 silly packumentCache full:https://registry.npmjs.org/string-width cache-hit
3227 silly fetch manifest parse-ms@^4.0.0
3228 silly packumentCache full:https://registry.npmjs.org/parse-ms cache-miss
3229 http cache https://registry.npmjs.org/@octokit%2fplugin-rest-endpoint-methods 23ms (cache hit)
3230 silly packumentCache full:https://registry.npmjs.org/@octokit%2fplugin-rest-endpoint-methods set size:693469 disposed:false
3231 silly fetch manifest @kwsites/file-exists@^1.1.1
3232 silly packumentCache full:https://registry.npmjs.org/@kwsites%2ffile-exists cache-miss
3233 http cache https://registry.npmjs.org/@octokit%2fwebhooks 15ms (cache hit)
3234 silly packumentCache full:https://registry.npmjs.org/@octokit%2fwebhooks set size:905579 disposed:false
3235 silly fetch manifest @kwsites/promise-deferred@^1.1.1
3236 silly packumentCache full:https://registry.npmjs.org/@kwsites%2fpromise-deferred cache-miss
3237 http cache https://registry.npmjs.org/@octokit%2fplugin-throttling 28ms (cache hit)
3238 silly packumentCache full:https://registry.npmjs.org/@octokit%2fplugin-throttling set size:235138 disposed:false
3239 silly fetch manifest ansi-styles@^6.2.3
3240 silly packumentCache full:https://registry.npmjs.org/ansi-styles cache-hit
3241 silly fetch manifest is-fullwidth-code-point@^5.1.0
3242 silly packumentCache full:https://registry.npmjs.org/is-fullwidth-code-point cache-miss
3243 http cache https://registry.npmjs.org/@octokit%2frequest-error 28ms (cache hit)
3244 silly packumentCache full:https://registry.npmjs.org/@octokit%2frequest-error set size:128798 disposed:false
3245 silly fetch manifest ansi-escapes@^6.2.0
3246 silly packumentCache full:https://registry.npmjs.org/ansi-escapes cache-miss
3247 http cache https://registry.npmjs.org/@octokit%2ftypes 29ms (cache hit)
3248 silly packumentCache full:https://registry.npmjs.org/@octokit%2ftypes set size:675487 disposed:false
3249 silly fetch manifest ansi-styles@^6.2.1
3250 silly packumentCache full:https://registry.npmjs.org/ansi-styles cache-hit
3251 silly fetch manifest string-width@^7.1.0
3252 silly packumentCache full:https://registry.npmjs.org/string-width cache-hit
3253 silly fetch manifest isexe@^4.0.0
3254 silly packumentCache full:https://registry.npmjs.org/isexe cache-miss
3255 http cache https://registry.npmjs.org/cli-cursor 24ms (cache hit)
3256 silly packumentCache full:https://registry.npmjs.org/cli-cursor set size:18913 disposed:false
3257 http cache https://registry.npmjs.org/@kwsites%2ffile-exists 18ms (cache hit)
3258 silly packumentCache full:https://registry.npmjs.org/@kwsites%2ffile-exists set size:10491 disposed:false
3259 http cache https://registry.npmjs.org/is-interactive 24ms (cache hit)
3260 silly packumentCache full:https://registry.npmjs.org/is-interactive set size:10692 disposed:false
3261 http cache https://registry.npmjs.org/parse-ms 21ms (cache hit)
3262 silly packumentCache full:https://registry.npmjs.org/parse-ms set size:18020 disposed:false
3263 http cache https://registry.npmjs.org/stdin-discarder 26ms (cache hit)
3264 silly packumentCache full:https://registry.npmjs.org/stdin-discarder set size:13423 disposed:false
3265 http cache https://registry.npmjs.org/@kwsites%2fpromise-deferred 18ms (cache hit)
3266 silly packumentCache full:https://registry.npmjs.org/@kwsites%2fpromise-deferred set size:18336 disposed:false
3267 http cache https://registry.npmjs.org/isexe 7ms (cache hit)
3268 silly packumentCache full:https://registry.npmjs.org/isexe set size:31756 disposed:false
3269 http cache https://registry.npmjs.org/is-fullwidth-code-point 14ms (cache hit)
3270 silly packumentCache full:https://registry.npmjs.org/is-fullwidth-code-point set size:14578 disposed:false
3271 http cache https://registry.npmjs.org/ansi-escapes 13ms (cache hit)
3272 silly packumentCache full:https://registry.npmjs.org/ansi-escapes set size:70915 disposed:false
3273 silly placeDep node_modules/openclaw node-api-headers@1.8.0 OK for: cmake-js@8.0.0 want: ^1.8.0
3274 silly placeDep node_modules/openclaw rc@1.2.8 OK for: cmake-js@8.0.0 want: 1.2.8
3275 silly placeDep node_modules/openclaw url-join@4.0.1 OK for: cmake-js@8.0.0 want: ^4.0.1
3276 silly placeDep node_modules/openclaw/node_modules/cmake-js yargs@17.7.2 OK for: cmake-js@8.0.0 want: ^17.7.2
3277 silly fetch manifest ini@~1.3.0
3278 silly packumentCache full:https://registry.npmjs.org/ini cache-miss
3279 silly fetch manifest minimist@^1.2.0
3280 silly packumentCache full:https://registry.npmjs.org/minimist cache-miss
3281 silly fetch manifest deep-extend@^0.6.0
3282 silly packumentCache full:https://registry.npmjs.org/deep-extend cache-miss
3283 silly fetch manifest strip-json-comments@~2.0.1
3284 silly packumentCache full:https://registry.npmjs.org/strip-json-comments cache-miss
3285 http cache https://registry.npmjs.org/deep-extend 6ms (cache hit)
3286 silly packumentCache full:https://registry.npmjs.org/deep-extend set size:34472 disposed:false
3287 http cache https://registry.npmjs.org/strip-json-comments 7ms (cache hit)
3288 silly packumentCache full:https://registry.npmjs.org/strip-json-comments set size:43569 disposed:false
3289 http cache https://registry.npmjs.org/ini 8ms (cache hit)
3290 silly packumentCache full:https://registry.npmjs.org/ini set size:57019 disposed:false
3291 http cache https://registry.npmjs.org/minimist 9ms (cache hit)
3292 silly packumentCache full:https://registry.npmjs.org/minimist set size:77082 disposed:false
3293 silly placeDep node_modules/openclaw path-key@3.1.1 OK for: cross-spawn@7.0.6 want: ^3.1.0
3294 silly placeDep node_modules/openclaw shebang-command@2.0.0 OK for: cross-spawn@7.0.6 want: ^2.0.0
3295 silly placeDep node_modules/openclaw/node_modules/cross-spawn which@2.0.2 OK for: cross-spawn@7.0.6 want: ^2.0.1
3296 silly fetch manifest shebang-regex@^3.0.0
3297 silly packumentCache full:https://registry.npmjs.org/shebang-regex cache-miss
3298 silly fetch manifest isexe@^2.0.0
3299 silly packumentCache full:https://registry.npmjs.org/isexe cache-hit
3300 http cache https://registry.npmjs.org/shebang-regex 4ms (cache hit)
3301 silly packumentCache full:https://registry.npmjs.org/shebang-regex set size:9763 disposed:false
3302 silly placeDep node_modules/openclaw filename-reserved-regex@3.0.0 OK for: filenamify@6.0.0 want: ^3.0.0
3303 silly placeDep node_modules/openclaw graceful-fs@4.2.11 OK for: fs-extra@11.3.3 want: ^4.2.0
3304 silly placeDep node_modules/openclaw jsonfile@6.2.0 OK for: fs-extra@11.3.3 want: ^6.0.1
3305 silly placeDep node_modules/openclaw universalify@2.0.1 OK for: fs-extra@11.3.3 want: ^2.0.0
3306 silly placeDep node_modules/openclaw @reflink/reflink@0.1.19 OK for: ipull@3.9.5 want: ^0.1.16
3307 silly placeDep node_modules/openclaw @tinyhttp/content-disposition@2.2.4 OK for: ipull@3.9.5 want: ^2.2.0
3308 silly placeDep node_modules/openclaw ci-info@4.4.0 OK for: ipull@3.9.5 want: ^4.0.0
3309 silly placeDep node_modules/openclaw cli-spinners@2.9.2 OK for: ipull@3.9.5 want: ^2.9.2
3310 silly placeDep node_modules/openclaw/node_modules/ipull commander@10.0.1 OK for: ipull@3.9.5 want: ^10.0.0
3311 silly placeDep node_modules/openclaw/node_modules/ipull lifecycle-utils@2.1.0 OK for: ipull@3.9.5 want: ^2.0.1
3312 silly placeDep node_modules/openclaw lodash.debounce@4.0.8 OK for: ipull@3.9.5 want: ^4.0.8
3313 silly placeDep node_modules/openclaw lowdb@7.0.1 OK for: ipull@3.9.5 want: ^7.0.1
3314 silly placeDep node_modules/openclaw pretty-bytes@6.1.1 OK for: ipull@3.9.5 want: ^6.1.0
3315 silly placeDep node_modules/openclaw/node_modules/ipull pretty-ms@8.0.0 OK for: ipull@3.9.5 want: ^8.0.0
3316 silly placeDep node_modules/openclaw sleep-promise@9.1.0 OK for: ipull@3.9.5 want: ^9.1.0
3317 silly placeDep node_modules/openclaw/node_modules/ipull slice-ansi@7.1.2 OK for: ipull@3.9.5 want: ^7.1.0
3318 silly fetch manifest @reflink/reflink-win32-x64-msvc@0.1.19
3319 silly packumentCache full:https://registry.npmjs.org/@reflink%2freflink-win32-x64-msvc cache-miss
3320 silly fetch manifest @reflink/reflink-darwin-x64@0.1.19
3321 silly packumentCache full:https://registry.npmjs.org/@reflink%2freflink-darwin-x64 cache-miss
3322 silly fetch manifest @reflink/reflink-linux-x64-gnu@0.1.19
3323 silly packumentCache full:https://registry.npmjs.org/@reflink%2freflink-linux-x64-gnu cache-miss
3324 silly fetch manifest @reflink/reflink-darwin-arm64@0.1.19
3325 silly packumentCache full:https://registry.npmjs.org/@reflink%2freflink-darwin-arm64 cache-miss
3326 silly fetch manifest @reflink/reflink-linux-arm64-gnu@0.1.19
3327 silly packumentCache full:https://registry.npmjs.org/@reflink%2freflink-linux-arm64-gnu cache-miss
3328 silly fetch manifest @reflink/reflink-linux-arm64-musl@0.1.19
3329 silly packumentCache full:https://registry.npmjs.org/@reflink%2freflink-linux-arm64-musl cache-miss
3330 silly fetch manifest @reflink/reflink-win32-arm64-msvc@0.1.19
3331 silly packumentCache full:https://registry.npmjs.org/@reflink%2freflink-win32-arm64-msvc cache-miss
3332 silly fetch manifest @reflink/reflink-linux-x64-musl@0.1.19
3333 silly packumentCache full:https://registry.npmjs.org/@reflink%2freflink-linux-x64-musl cache-miss
3334 silly fetch manifest steno@^4.0.2
3335 silly packumentCache full:https://registry.npmjs.org/steno cache-miss
3336 http cache https://registry.npmjs.org/@reflink%2freflink-darwin-x64 7ms (cache hit)
3337 silly packumentCache full:https://registry.npmjs.org/@reflink%2freflink-darwin-x64 set size:26296 disposed:false
3338 silly fetch manifest parse-ms@^3.0.0
3339 silly packumentCache full:https://registry.npmjs.org/parse-ms cache-hit
3340 silly fetch manifest is-fullwidth-code-point@^5.0.0
3341 silly packumentCache full:https://registry.npmjs.org/is-fullwidth-code-point cache-hit
3342 http cache https://registry.npmjs.org/@reflink%2freflink-linux-arm64-musl 7ms (cache hit)
3343 silly packumentCache full:https://registry.npmjs.org/@reflink%2freflink-linux-arm64-musl set size:32614 disposed:false
3344 http cache https://registry.npmjs.org/@reflink%2freflink-win32-arm64-msvc 7ms (cache hit)
3345 silly packumentCache full:https://registry.npmjs.org/@reflink%2freflink-win32-arm64-msvc set size:32245 disposed:false
3346 http cache https://registry.npmjs.org/@reflink%2freflink-linux-arm64-gnu 8ms (cache hit)
3347 silly packumentCache full:https://registry.npmjs.org/@reflink%2freflink-linux-arm64-gnu set size:32449 disposed:false
3348 http cache https://registry.npmjs.org/@reflink%2freflink-win32-x64-msvc 9ms (cache hit)
3349 silly packumentCache full:https://registry.npmjs.org/@reflink%2freflink-win32-x64-msvc set size:31873 disposed:false
3350 http cache https://registry.npmjs.org/steno 8ms (cache hit)
3351 silly packumentCache full:https://registry.npmjs.org/steno set size:47413 disposed:false
3352 http cache https://registry.npmjs.org/@reflink%2freflink-linux-x64-gnu 8ms (cache hit)
3353 silly packumentCache full:https://registry.npmjs.org/@reflink%2freflink-linux-x64-gnu set size:32091 disposed:false
3354 http cache https://registry.npmjs.org/@reflink%2freflink-linux-x64-musl 9ms (cache hit)
3355 silly packumentCache full:https://registry.npmjs.org/@reflink%2freflink-linux-x64-musl set size:32247 disposed:false
3356 http cache https://registry.npmjs.org/@reflink%2freflink-darwin-arm64 10ms (cache hit)
3357 silly packumentCache full:https://registry.npmjs.org/@reflink%2freflink-darwin-arm64 set size:31586 disposed:false
3358 silly placeDep node_modules/openclaw @reflink/reflink-darwin-arm64@0.1.19 OK for: @reflink/reflink@0.1.19 want: 0.1.19
3359 silly placeDep node_modules/openclaw @reflink/reflink-darwin-x64@0.1.19 OK for: @reflink/reflink@0.1.19 want: 0.1.19
3360 silly placeDep node_modules/openclaw @reflink/reflink-linux-arm64-gnu@0.1.19 OK for: @reflink/reflink@0.1.19 want: 0.1.19
3361 silly placeDep node_modules/openclaw @reflink/reflink-linux-arm64-musl@0.1.19 OK for: @reflink/reflink@0.1.19 want: 0.1.19
3362 silly placeDep node_modules/openclaw @reflink/reflink-linux-x64-gnu@0.1.19 OK for: @reflink/reflink@0.1.19 want: 0.1.19
3363 silly placeDep node_modules/openclaw @reflink/reflink-linux-x64-musl@0.1.19 OK for: @reflink/reflink@0.1.19 want: 0.1.19
3364 silly placeDep node_modules/openclaw @reflink/reflink-win32-arm64-msvc@0.1.19 OK for: @reflink/reflink@0.1.19 want: 0.1.19
3365 silly placeDep node_modules/openclaw @reflink/reflink-win32-x64-msvc@0.1.19 OK for: @reflink/reflink@0.1.19 want: 0.1.19
3366 silly placeDep node_modules/openclaw steno@4.0.2 OK for: lowdb@7.0.1 want: ^4.0.2
3367 silly placeDep node_modules/openclaw abbrev@1.1.1 OK for: nopt@5.0.0 want: 1
3368 silly placeDep node_modules/openclaw are-we-there-yet@2.0.0 OK for: npmlog@5.0.1 want: ^2.0.0
3369 silly placeDep node_modules/openclaw console-control-strings@1.1.0 OK for: npmlog@5.0.1 want: ^1.1.0
3370 silly placeDep node_modules/openclaw gauge@3.0.2 OK for: npmlog@5.0.1 want: ^3.0.0
3371 silly placeDep node_modules/openclaw set-blocking@2.0.0 OK for: npmlog@5.0.1 want: ^2.0.0
3372 silly fetch manifest delegates@^1.0.0
3373 silly packumentCache full:https://registry.npmjs.org/delegates cache-miss
3374 silly fetch manifest readable-stream@^3.6.0
3375 silly packumentCache full:https://registry.npmjs.org/readable-stream cache-hit
3376 silly fetch manifest aproba@^1.0.3 || ^2.0.0
3377 silly packumentCache full:https://registry.npmjs.org/aproba cache-miss
3378 silly fetch manifest strip-ansi@^6.0.1
3379 silly packumentCache full:https://registry.npmjs.org/strip-ansi cache-hit
3380 silly fetch manifest wide-align@^1.1.2
3381 silly packumentCache full:https://registry.npmjs.org/wide-align cache-miss
3382 silly fetch manifest has-unicode@^2.0.1
3383 silly packumentCache full:https://registry.npmjs.org/has-unicode cache-miss
3384 silly fetch manifest signal-exit@^3.0.0
3385 silly packumentCache full:https://registry.npmjs.org/signal-exit cache-hit
3386 silly fetch manifest color-support@^1.1.2
3387 silly packumentCache full:https://registry.npmjs.org/color-support cache-miss
3388 http cache https://registry.npmjs.org/color-support 9ms (cache hit)
3389 silly packumentCache full:https://registry.npmjs.org/color-support set size:13824 disposed:false
3390 http cache https://registry.npmjs.org/delegates 9ms (cache hit)
3391 silly packumentCache full:https://registry.npmjs.org/delegates set size:8916 disposed:false
3392 http cache https://registry.npmjs.org/has-unicode 10ms (cache hit)
3393 silly packumentCache full:https://registry.npmjs.org/has-unicode set size:7567 disposed:false
3394 http cache https://registry.npmjs.org/aproba 10ms (cache hit)
3395 silly packumentCache full:https://registry.npmjs.org/aproba set size:20300 disposed:false
3396 http cache https://registry.npmjs.org/wide-align 10ms (cache hit)
3397 silly packumentCache full:https://registry.npmjs.org/wide-align set size:16598 disposed:false
3398 silly placeDep node_modules/openclaw delegates@1.0.0 OK for: are-we-there-yet@2.0.0 want: ^1.0.0
3399 silly placeDep node_modules/openclaw/node_modules/are-we-there-yet readable-stream@3.6.2 OK for: are-we-there-yet@2.0.0 want: ^3.6.0
3400 silly fetch manifest string_decoder@^1.1.1
3401 silly packumentCache full:https://registry.npmjs.org/string_decoder cache-hit
3402 silly fetch manifest util-deprecate@^1.0.1
3403 silly packumentCache full:https://registry.npmjs.org/util-deprecate cache-hit
3404 silly placeDep node_modules/openclaw aproba@2.1.0 OK for: gauge@3.0.2 want: ^1.0.3 || ^2.0.0
3405 silly placeDep node_modules/openclaw color-support@1.1.3 OK for: gauge@3.0.2 want: ^1.1.2
3406 silly placeDep node_modules/openclaw has-unicode@2.0.1 OK for: gauge@3.0.2 want: ^2.0.1
3407 silly placeDep node_modules/openclaw signal-exit@3.0.7 OK for: gauge@3.0.2 want: ^3.0.0
3408 silly placeDep node_modules/openclaw string-width@4.2.3 OK for: gauge@3.0.2 want: ^4.2.3
3409 silly placeDep node_modules/openclaw/node_modules/gauge strip-ansi@6.0.1 OK for: gauge@3.0.2 want: ^6.0.1
3410 silly placeDep node_modules/openclaw wide-align@1.1.5 OK for: gauge@3.0.2 want: ^1.1.2
3411 silly fetch manifest emoji-regex@^8.0.0
3412 silly packumentCache full:https://registry.npmjs.org/emoji-regex cache-miss
3413 silly fetch manifest is-fullwidth-code-point@^3.0.0
3414 silly packumentCache full:https://registry.npmjs.org/is-fullwidth-code-point cache-hit
3415 silly fetch manifest ansi-regex@^5.0.1
3416 silly packumentCache full:https://registry.npmjs.org/ansi-regex cache-hit
3417 http cache https://registry.npmjs.org/emoji-regex 3ms (cache hit)
3418 silly packumentCache full:https://registry.npmjs.org/emoji-regex set size:89088 disposed:false
3419 silly placeDep node_modules/openclaw @octokit/app@16.1.2 OK for: octokit@5.0.5 want: ^16.1.2
3420 silly placeDep node_modules/openclaw @octokit/core@7.0.6 OK for: octokit@5.0.5 want: ^7.0.6
3421 silly placeDep node_modules/openclaw @octokit/oauth-app@8.0.3 OK for: octokit@5.0.5 want: ^8.0.3
3422 silly placeDep node_modules/openclaw @octokit/plugin-paginate-graphql@6.0.0 OK for: octokit@5.0.5 want: ^6.0.0
3423 silly placeDep node_modules/openclaw @octokit/plugin-paginate-rest@14.0.0 OK for: octokit@5.0.5 want: ^14.0.0
3424 silly placeDep node_modules/openclaw @octokit/plugin-rest-endpoint-methods@17.0.0 OK for: octokit@5.0.5 want: ^17.0.0
3425 silly placeDep node_modules/openclaw @octokit/plugin-retry@8.1.0 OK for: octokit@5.0.5 want: ^8.0.3
3426 silly placeDep node_modules/openclaw @octokit/plugin-throttling@11.0.3 OK for: octokit@5.0.5 want: ^11.0.3
3427 silly placeDep node_modules/openclaw @octokit/request-error@7.1.0 OK for: octokit@5.0.5 want: ^7.0.2
3428 silly placeDep node_modules/openclaw @octokit/types@16.0.0 OK for: octokit@5.0.5 want: ^16.0.0
3429 silly placeDep node_modules/openclaw @octokit/webhooks@14.2.0 OK for: octokit@5.0.5 want: ^14.0.0
3430 silly fetch manifest @octokit/auth-app@^8.1.2
3431 silly packumentCache full:https://registry.npmjs.org/@octokit%2fauth-app cache-miss
3432 silly fetch manifest @octokit/auth-unauthenticated@^7.0.3
3433 silly packumentCache full:https://registry.npmjs.org/@octokit%2fauth-unauthenticated cache-miss
3434 silly fetch manifest @octokit/auth-token@^6.0.0
3435 silly packumentCache full:https://registry.npmjs.org/@octokit%2fauth-token cache-miss
3436 silly fetch manifest @octokit/graphql@^9.0.3
3437 silly packumentCache full:https://registry.npmjs.org/@octokit%2fgraphql cache-miss
3438 silly fetch manifest @octokit/request@^10.0.6
3439 silly packumentCache full:https://registry.npmjs.org/@octokit%2frequest cache-miss
3440 silly fetch manifest before-after-hook@^4.0.0
3441 silly packumentCache full:https://registry.npmjs.org/before-after-hook cache-miss
3442 silly fetch manifest universal-user-agent@^7.0.0
3443 silly packumentCache full:https://registry.npmjs.org/universal-user-agent cache-miss
3444 silly fetch manifest @octokit/auth-oauth-app@^9.0.2
3445 silly packumentCache full:https://registry.npmjs.org/@octokit%2fauth-oauth-app cache-miss
3446 silly fetch manifest @octokit/auth-oauth-user@^6.0.1
3447 silly packumentCache full:https://registry.npmjs.org/@octokit%2fauth-oauth-user cache-miss
3448 http cache https://registry.npmjs.org/@octokit%2fauth-unauthenticated 5ms (cache hit)
3449 silly packumentCache full:https://registry.npmjs.org/@octokit%2fauth-unauthenticated set size:87581 disposed:false
3450 silly fetch manifest @octokit/auth-unauthenticated@^7.0.2
3451 silly packumentCache full:https://registry.npmjs.org/@octokit%2fauth-unauthenticated cache-hit
3452 silly fetch manifest @octokit/oauth-authorization-url@^8.0.0
3453 silly packumentCache full:https://registry.npmjs.org/@octokit%2foauth-authorization-url cache-miss
3454 http cache https://registry.npmjs.org/universal-user-agent 6ms (cache hit)
3455 silly packumentCache full:https://registry.npmjs.org/universal-user-agent set size:44336 disposed:false
3456 silly fetch manifest @octokit/oauth-methods@^6.0.1
3457 silly packumentCache full:https://registry.npmjs.org/@octokit%2foauth-methods cache-miss
3458 http cache https://registry.npmjs.org/@octokit%2frequest 6ms (cache hit)
3459 silly packumentCache full:https://registry.npmjs.org/@octokit%2frequest set size:391172 disposed:false
3460 silly fetch manifest @types/aws-lambda@^8.10.83
3461 silly packumentCache full:https://registry.npmjs.org/@types%2faws-lambda cache-miss
3462 http cache https://registry.npmjs.org/@octokit%2fgraphql 9ms (cache hit)
3463 silly packumentCache full:https://registry.npmjs.org/@octokit%2fgraphql set size:207658 disposed:false
3464 silly fetch manifest @octokit/openapi-types@^27.0.0
3465 silly packumentCache full:https://registry.npmjs.org/@octokit%2fopenapi-types cache-miss
3466 http cache https://registry.npmjs.org/@octokit%2fauth-app 11ms (cache hit)
3467 silly packumentCache full:https://registry.npmjs.org/@octokit%2fauth-app set size:366893 disposed:false
3468 silly fetch manifest @octokit/openapi-webhooks-types@12.1.0
3469 silly packumentCache full:https://registry.npmjs.org/@octokit%2fopenapi-webhooks-types cache-miss
3470 http cache https://registry.npmjs.org/before-after-hook 12ms (cache hit)
3471 silly packumentCache full:https://registry.npmjs.org/before-after-hook set size:82843 disposed:false
3472 silly fetch manifest @octokit/webhooks-methods@^6.0.0
3473 silly packumentCache full:https://registry.npmjs.org/@octokit%2fwebhooks-methods cache-miss
3474 http cache https://registry.npmjs.org/@octokit%2fauth-token 15ms (cache hit)
3475 silly packumentCache full:https://registry.npmjs.org/@octokit%2fauth-token set size:84029 disposed:false
3476 http cache https://registry.npmjs.org/@octokit%2fauth-oauth-user 15ms (cache hit)
3477 silly packumentCache full:https://registry.npmjs.org/@octokit%2fauth-oauth-user set size:130059 disposed:false
3478 http cache https://registry.npmjs.org/@octokit%2fauth-oauth-app 16ms (cache hit)
3479 silly packumentCache full:https://registry.npmjs.org/@octokit%2fauth-oauth-app set size:216230 disposed:false
3480 http cache https://registry.npmjs.org/@octokit%2fopenapi-webhooks-types 10ms (cache hit)
3481 silly packumentCache full:https://registry.npmjs.org/@octokit%2fopenapi-webhooks-types set size:66862 disposed:false
3482 http cache https://registry.npmjs.org/@octokit%2foauth-methods 17ms (cache hit)
3483 silly packumentCache full:https://registry.npmjs.org/@octokit%2foauth-methods set size:140528 disposed:false
3484 http cache https://registry.npmjs.org/@octokit%2fwebhooks-methods 11ms (cache hit)
3485 silly packumentCache full:https://registry.npmjs.org/@octokit%2fwebhooks-methods set size:52275 disposed:false
3486 http cache https://registry.npmjs.org/@octokit%2fopenapi-types 14ms (cache hit)
3487 silly packumentCache full:https://registry.npmjs.org/@octokit%2fopenapi-types set size:395871 disposed:false
3488 http cache https://registry.npmjs.org/@types%2faws-lambda 18ms (cache hit)
3489 silly packumentCache full:https://registry.npmjs.org/@types%2faws-lambda set size:932322 disposed:false
3490 http cache https://registry.npmjs.org/@octokit%2foauth-authorization-url 24ms (cache hit)
3491 silly packumentCache full:https://registry.npmjs.org/@octokit%2foauth-authorization-url set size:67165 disposed:false
3492 silly placeDep node_modules/openclaw @octokit/auth-app@8.2.0 OK for: @octokit/app@16.1.2 want: ^8.1.2
3493 silly placeDep node_modules/openclaw @octokit/auth-unauthenticated@7.0.3 OK for: @octokit/app@16.1.2 want: ^7.0.3
3494 silly fetch manifest @octokit/auth-oauth-app@^9.0.3
3495 silly packumentCache full:https://registry.npmjs.org/@octokit%2fauth-oauth-app cache-hit
3496 silly fetch manifest @octokit/auth-oauth-user@^6.0.2
3497 silly packumentCache full:https://registry.npmjs.org/@octokit%2fauth-oauth-user cache-hit
3498 silly fetch manifest toad-cache@^3.7.0
3499 silly packumentCache full:https://registry.npmjs.org/toad-cache cache-miss
3500 silly fetch manifest universal-github-app-jwt@^2.2.0
3501 silly packumentCache full:https://registry.npmjs.org/universal-github-app-jwt cache-miss
3502 http cache https://registry.npmjs.org/universal-github-app-jwt 5ms (cache hit)
3503 silly packumentCache full:https://registry.npmjs.org/universal-github-app-jwt set size:63745 disposed:false
3504 http cache https://registry.npmjs.org/toad-cache 6ms (cache hit)
3505 silly packumentCache full:https://registry.npmjs.org/toad-cache set size:168116 disposed:false
3506 silly placeDep node_modules/openclaw @octokit/auth-oauth-app@9.0.3 OK for: @octokit/auth-app@8.2.0 want: ^9.0.3
3507 silly placeDep node_modules/openclaw @octokit/auth-oauth-user@6.0.2 OK for: @octokit/auth-app@8.2.0 want: ^6.0.2
3508 silly placeDep node_modules/openclaw @octokit/request@10.0.8 OK for: @octokit/auth-app@8.2.0 want: ^10.0.6
3509 silly placeDep node_modules/openclaw toad-cache@3.7.0 OK for: @octokit/auth-app@8.2.0 want: ^3.7.0
3510 silly placeDep node_modules/openclaw universal-github-app-jwt@2.2.2 OK for: @octokit/auth-app@8.2.0 want: ^2.2.0
3511 silly placeDep node_modules/openclaw universal-user-agent@7.0.3 OK for: @octokit/auth-app@8.2.0 want: ^7.0.0
3512 silly fetch manifest @octokit/auth-oauth-device@^8.0.3
3513 silly packumentCache full:https://registry.npmjs.org/@octokit%2fauth-oauth-device cache-miss
3514 silly fetch manifest @octokit/auth-oauth-device@^8.0.3
3515 silly packumentCache full:https://registry.npmjs.org/@octokit%2fauth-oauth-device cache-miss
3516 silly fetch manifest @octokit/oauth-methods@^6.0.2
3517 silly packumentCache full:https://registry.npmjs.org/@octokit%2foauth-methods cache-hit
3518 silly fetch manifest @octokit/endpoint@^11.0.3
3519 silly packumentCache full:https://registry.npmjs.org/@octokit%2fendpoint cache-miss
3520 silly fetch manifest fast-content-type-parse@^3.0.0
3521 silly packumentCache full:https://registry.npmjs.org/fast-content-type-parse cache-miss
3522 silly fetch manifest json-with-bigint@^3.5.3
3523 silly packumentCache full:https://registry.npmjs.org/json-with-bigint cache-miss
3524 silly fetch manifest universal-user-agent@^7.0.2
3525 silly packumentCache full:https://registry.npmjs.org/universal-user-agent cache-hit
3526 http cache https://registry.npmjs.org/@octokit%2fauth-oauth-device 4ms (cache hit)
3527 silly packumentCache full:https://registry.npmjs.org/@octokit%2fauth-oauth-device set size:118231 disposed:false
3528 http cache https://registry.npmjs.org/@octokit%2fendpoint 4ms (cache hit)
3529 silly packumentCache full:https://registry.npmjs.org/@octokit%2fendpoint set size:305515 disposed:false
3530 http cache https://registry.npmjs.org/@octokit%2fauth-oauth-device 5ms (cache hit)
3531 silly packumentCache full:https://registry.npmjs.org/@octokit%2fauth-oauth-device set size:118231 disposed:false
3532 silly packumentCache full:https://registry.npmjs.org/@octokit%2fauth-oauth-device dispose
3533 http cache https://registry.npmjs.org/fast-content-type-parse 6ms (cache hit)
3534 silly packumentCache full:https://registry.npmjs.org/fast-content-type-parse set size:20504 disposed:false
3535 http cache https://registry.npmjs.org/json-with-bigint 6ms (cache hit)
3536 silly packumentCache full:https://registry.npmjs.org/json-with-bigint set size:53276 disposed:false
3537 silly placeDep node_modules/openclaw @octokit/auth-oauth-device@8.0.3 OK for: @octokit/auth-oauth-app@9.0.3 want: ^8.0.3
3538 silly placeDep node_modules/openclaw @octokit/oauth-methods@6.0.2 OK for: @octokit/auth-oauth-device@8.0.3 want: ^6.0.2
3539 silly placeDep node_modules/openclaw @octokit/auth-token@6.0.0 OK for: @octokit/core@7.0.6 want: ^6.0.0
3540 silly placeDep node_modules/openclaw @octokit/graphql@9.0.3 OK for: @octokit/core@7.0.6 want: ^9.0.3
3541 silly placeDep node_modules/openclaw before-after-hook@4.0.0 OK for: @octokit/core@7.0.6 want: ^4.0.0
3542 silly placeDep node_modules/openclaw @octokit/oauth-authorization-url@8.0.0 OK for: @octokit/oauth-app@8.0.3 want: ^8.0.0
3543 silly placeDep node_modules/openclaw @types/aws-lambda@8.10.161 OK for: @octokit/oauth-app@8.0.3 want: ^8.10.83
3544 silly placeDep node_modules/openclaw @octokit/endpoint@11.0.3 OK for: @octokit/request@10.0.8 want: ^11.0.3
3545 silly placeDep node_modules/openclaw fast-content-type-parse@3.0.0 OK for: @octokit/request@10.0.8 want: ^3.0.0
3546 silly placeDep node_modules/openclaw json-with-bigint@3.5.7 OK for: @octokit/request@10.0.8 want: ^3.5.3
3547 silly placeDep node_modules/openclaw @octokit/openapi-types@27.0.0 OK for: @octokit/types@16.0.0 want: ^27.0.0
3548 silly placeDep node_modules/openclaw @octokit/openapi-webhooks-types@12.1.0 OK for: @octokit/webhooks@14.2.0 want: 12.1.0
3549 silly placeDep node_modules/openclaw @octokit/webhooks-methods@6.0.0 OK for: @octokit/webhooks@14.2.0 want: ^6.0.0
3550 silly placeDep node_modules/openclaw ee-first@1.1.1 OK for: on-finished@2.4.1 want: 1.1.1
3551 silly placeDep node_modules/openclaw wrappy@1.0.2 OK for: once@1.4.0 want: 1
3552 silly placeDep node_modules/openclaw cli-cursor@5.0.0 OK for: ora@9.3.0 want: ^5.0.0
3553 silly placeDep node_modules/openclaw/node_modules/ora cli-spinners@3.4.0 OK for: ora@9.3.0 want: ^3.2.0
3554 silly placeDep node_modules/openclaw is-interactive@2.0.0 OK for: ora@9.3.0 want: ^2.0.0
3555 silly placeDep node_modules/openclaw stdin-discarder@0.3.1 OK for: ora@9.3.0 want: ^0.3.1
3556 silly placeDep node_modules/openclaw/node_modules/ora string-width@8.2.0 OK for: ora@9.3.0 want: ^8.1.0
3557 silly fetch manifest restore-cursor@^5.0.0
3558 silly packumentCache full:https://registry.npmjs.org/restore-cursor cache-miss
3559 http cache https://registry.npmjs.org/restore-cursor 2ms (cache hit)
3560 silly packumentCache full:https://registry.npmjs.org/restore-cursor set size:17895 disposed:false
3561 silly placeDep node_modules/openclaw restore-cursor@5.1.0 OK for: cli-cursor@5.0.0 want: ^5.0.0
3562 silly fetch manifest onetime@^7.0.0
3563 silly packumentCache full:https://registry.npmjs.org/onetime cache-miss
3564 silly fetch manifest signal-exit@^4.1.0
3565 silly packumentCache full:https://registry.npmjs.org/signal-exit cache-hit
3566 http cache https://registry.npmjs.org/onetime 4ms (cache hit)
3567 silly packumentCache full:https://registry.npmjs.org/onetime set size:32314 disposed:false
3568 silly placeDep node_modules/openclaw/node_modules/p-queue eventemitter3@4.0.7 OK for: p-queue@6.6.2 want: ^4.0.4
3569 silly placeDep node_modules/openclaw p-timeout@3.2.0 OK for: p-queue@6.6.2 want: ^3.2.0
3570 silly fetch manifest p-finally@^1.0.0
3571 silly packumentCache full:https://registry.npmjs.org/p-finally cache-miss
3572 http cache https://registry.npmjs.org/p-finally 5ms (cache hit)
3573 silly packumentCache full:https://registry.npmjs.org/p-finally set size:11668 disposed:false
3574 silly placeDep node_modules/openclaw p-finally@1.0.0 OK for: p-timeout@3.2.0 want: ^1.0.0
3575 silly placeDep node_modules/openclaw/node_modules/parse5-htmlparser2-tree-adapter parse5@6.0.1 OK for: parse5-htmlparser2-tree-adapter@6.0.1 want: ^6.0.1
3576 silly placeDep node_modules/openclaw node-readable-to-web-readable-stream@0.4.2 OK for: pdfjs-dist@5.5.207 want: ^0.4.2
3577 silly placeDep node_modules/openclaw @pinojs/redact@0.4.0 OK for: pino@9.14.0 want: ^0.4.0
3578 silly placeDep node_modules/openclaw atomic-sleep@1.0.0 OK for: pino@9.14.0 want: ^1.0.0
3579 silly placeDep node_modules/openclaw on-exit-leak-free@2.1.2 OK for: pino@9.14.0 want: ^2.1.0
3580 silly placeDep node_modules/openclaw pino-abstract-transport@2.0.0 OK for: pino@9.14.0 want: ^2.0.0
3581 silly placeDep node_modules/openclaw pino-std-serializers@7.1.0 OK for: pino@9.14.0 want: ^7.0.0
3582 silly placeDep node_modules/openclaw process-warning@5.0.0 OK for: pino@9.14.0 want: ^5.0.0
3583 silly placeDep node_modules/openclaw quick-format-unescaped@4.0.4 OK for: pino@9.14.0 want: ^4.0.3
3584 silly placeDep node_modules/openclaw real-require@0.2.0 OK for: pino@9.14.0 want: ^0.2.0
3585 silly placeDep node_modules/openclaw safe-stable-stringify@2.5.0 OK for: pino@9.14.0 want: ^2.3.1
3586 silly placeDep node_modules/openclaw sonic-boom@4.2.1 OK for: pino@9.14.0 want: ^4.0.1
3587 silly placeDep node_modules/openclaw thread-stream@3.1.0 OK for: pino@9.14.0 want: ^3.0.0
3588 silly fetch manifest split2@^4.0.0
3589 silly packumentCache full:https://registry.npmjs.org/split2 cache-miss
3590 http cache https://registry.npmjs.org/split2 3ms (cache hit)
3591 silly packumentCache full:https://registry.npmjs.org/split2 set size:47438 disposed:false
3592 silly placeDep node_modules/openclaw split2@4.2.0 OK for: pino-abstract-transport@2.0.0 want: ^4.0.0
3593 silly placeDep node_modules/openclaw parse-ms@4.0.0 OK for: pretty-ms@9.3.0 want: ^4.0.0
3594 silly placeDep node_modules/openclaw/node_modules/proper-lockfile retry@0.12.0 OK for: proper-lockfile@4.1.2 want: ^0.12.0
3595 silly placeDep node_modules/openclaw @protobufjs/aspromise@1.1.2 OK for: protobufjs@7.5.4 want: ^1.1.2
3596 silly placeDep node_modules/openclaw @protobufjs/base64@1.1.2 OK for: protobufjs@7.5.4 want: ^1.1.2
3597 silly placeDep node_modules/openclaw @protobufjs/codegen@2.0.4 OK for: protobufjs@7.5.4 want: ^2.0.4
3598 silly placeDep node_modules/openclaw @protobufjs/eventemitter@1.1.0 OK for: protobufjs@7.5.4 want: ^1.1.0
3599 silly placeDep node_modules/openclaw @protobufjs/fetch@1.1.0 OK for: protobufjs@7.5.4 want: ^1.1.0
3600 silly placeDep node_modules/openclaw @protobufjs/float@1.0.2 OK for: protobufjs@7.5.4 want: ^1.0.2
3601 silly placeDep node_modules/openclaw @protobufjs/inquire@1.1.0 OK for: protobufjs@7.5.4 want: ^1.1.0
3602 silly placeDep node_modules/openclaw @protobufjs/path@1.1.2 OK for: protobufjs@7.5.4 want: ^1.1.2
3603 silly placeDep node_modules/openclaw @protobufjs/pool@1.1.0 OK for: protobufjs@7.5.4 want: ^1.1.0
3604 silly placeDep node_modules/openclaw @protobufjs/utf8@1.1.0 OK for: protobufjs@7.5.4 want: ^1.1.0
3605 silly placeDep node_modules/openclaw forwarded@0.2.0 OK for: proxy-addr@2.0.7 want: 0.2.0
3606 silly placeDep node_modules/openclaw/node_modules/proxy-addr ipaddr.js@1.9.1 OK for: proxy-addr@2.0.7 want: 1.9.1
3607 silly placeDep node_modules/openclaw http-proxy-agent@7.0.2 OK for: proxy-agent@6.5.0 want: ^7.0.1
3608 silly placeDep node_modules/openclaw/node_modules/proxy-agent lru-cache@7.18.3 OK for: proxy-agent@6.5.0 want: ^7.14.1
3609 silly placeDep node_modules/openclaw pac-proxy-agent@7.2.0 OK for: proxy-agent@6.5.0 want: ^7.1.0
3610 silly placeDep node_modules/openclaw socks-proxy-agent@8.0.5 OK for: proxy-agent@6.5.0 want: ^8.0.5
3611 silly fetch manifest @tootallnate/quickjs-emscripten@^0.23.0
3612 silly packumentCache full:https://registry.npmjs.org/@tootallnate%2fquickjs-emscripten cache-miss
3613 silly fetch manifest get-uri@^6.0.1
3614 silly packumentCache full:https://registry.npmjs.org/get-uri cache-miss
3615 silly fetch manifest pac-resolver@^7.0.1
3616 silly packumentCache full:https://registry.npmjs.org/pac-resolver cache-miss
3617 silly fetch manifest socks@^2.8.3
3618 silly packumentCache full:https://registry.npmjs.org/socks cache-miss
3619 http cache https://registry.npmjs.org/@tootallnate%2fquickjs-emscripten 6ms (cache hit)
3620 silly packumentCache full:https://registry.npmjs.org/@tootallnate%2fquickjs-emscripten set size:27622 disposed:false
3621 http cache https://registry.npmjs.org/pac-resolver 7ms (cache hit)
3622 silly packumentCache full:https://registry.npmjs.org/pac-resolver set size:54112 disposed:false
3623 http cache https://registry.npmjs.org/socks 7ms (cache hit)
3624 silly packumentCache full:https://registry.npmjs.org/socks set size:168523 disposed:false
3625 http cache https://registry.npmjs.org/get-uri 8ms (cache hit)
3626 silly packumentCache full:https://registry.npmjs.org/get-uri set size:57591 disposed:false
3627 silly placeDep node_modules/openclaw @tootallnate/quickjs-emscripten@0.23.0 OK for: pac-proxy-agent@7.2.0 want: ^0.23.0
3628 silly placeDep node_modules/openclaw get-uri@6.0.5 OK for: pac-proxy-agent@7.2.0 want: ^6.0.1
3629 silly placeDep node_modules/openclaw pac-resolver@7.0.1 OK for: pac-proxy-agent@7.2.0 want: ^7.0.1
3630 silly fetch manifest basic-ftp@^5.0.2
3631 silly packumentCache full:https://registry.npmjs.org/basic-ftp cache-miss
3632 silly fetch manifest data-uri-to-buffer@^6.0.2
3633 silly packumentCache full:https://registry.npmjs.org/data-uri-to-buffer cache-hit
3634 silly fetch manifest degenerator@^5.0.0
3635 silly packumentCache full:https://registry.npmjs.org/degenerator cache-miss
3636 silly fetch manifest netmask@^2.0.2
3637 silly packumentCache full:https://registry.npmjs.org/netmask cache-miss
3638 http cache https://registry.npmjs.org/degenerator 5ms (cache hit)
3639 silly packumentCache full:https://registry.npmjs.org/degenerator set size:71179 disposed:false
3640 http cache https://registry.npmjs.org/netmask 6ms (cache hit)
3641 silly packumentCache full:https://registry.npmjs.org/netmask set size:21537 disposed:false
3642 http cache https://registry.npmjs.org/basic-ftp 7ms (cache hit)
3643 silly packumentCache full:https://registry.npmjs.org/basic-ftp set size:284768 disposed:false
3644 silly placeDep node_modules/openclaw basic-ftp@5.2.0 OK for: get-uri@6.0.5 want: ^5.0.2
3645 silly placeDep node_modules/openclaw data-uri-to-buffer@6.0.2 OK for: get-uri@6.0.5 want: ^6.0.2
3646 silly placeDep node_modules/openclaw degenerator@5.0.1 OK for: pac-resolver@7.0.1 want: ^5.0.0
3647 silly placeDep node_modules/openclaw netmask@2.0.2 OK for: pac-resolver@7.0.1 want: ^2.0.2
3648 silly fetch manifest ast-types@^0.13.4
3649 silly packumentCache full:https://registry.npmjs.org/ast-types cache-miss
3650 silly fetch manifest escodegen@^2.1.0
3651 silly packumentCache full:https://registry.npmjs.org/escodegen cache-miss
3652 silly fetch manifest esprima@^4.0.1
3653 silly packumentCache full:https://registry.npmjs.org/esprima cache-miss
3654 http cache https://registry.npmjs.org/ast-types 4ms (cache hit)
3655 silly packumentCache full:https://registry.npmjs.org/ast-types set size:443020 disposed:false
3656 http cache https://registry.npmjs.org/escodegen 11ms (cache hit)
3657 silly packumentCache full:https://registry.npmjs.org/escodegen set size:119723 disposed:false
3658 http cache https://registry.npmjs.org/esprima 12ms (cache hit)
3659 silly packumentCache full:https://registry.npmjs.org/esprima set size:118410 disposed:false
3660 silly placeDep node_modules/openclaw ast-types@0.13.4 OK for: degenerator@5.0.1 want: ^0.13.4
3661 silly placeDep node_modules/openclaw escodegen@2.1.0 OK for: degenerator@5.0.1 want: ^2.1.0
3662 silly placeDep node_modules/openclaw esprima@4.0.1 OK for: degenerator@5.0.1 want: ^4.0.1
3663 silly fetch manifest estraverse@^5.2.0
3664 silly packumentCache full:https://registry.npmjs.org/estraverse cache-miss
3665 silly fetch manifest esutils@^2.0.2
3666 silly packumentCache full:https://registry.npmjs.org/esutils cache-miss
3667 silly fetch manifest source-map@~0.6.1
3668 silly packumentCache full:https://registry.npmjs.org/source-map cache-hit
3669 http cache https://registry.npmjs.org/estraverse 5ms (cache hit)
3670 silly packumentCache full:https://registry.npmjs.org/estraverse set size:62412 disposed:false
3671 http cache https://registry.npmjs.org/esutils 5ms (cache hit)
3672 silly packumentCache full:https://registry.npmjs.org/esutils set size:29522 disposed:false
3673 silly placeDep node_modules/openclaw estraverse@5.3.0 OK for: escodegen@2.1.0 want: ^5.2.0
3674 silly placeDep node_modules/openclaw esutils@2.0.3 OK for: escodegen@2.1.0 want: ^2.0.2
3675 silly placeDep node_modules/openclaw source-map@0.6.1 OK for: escodegen@2.1.0 want: ~0.6.1
3676 silly placeDep node_modules/openclaw end-of-stream@1.4.5 OK for: pump@3.0.4 want: ^1.1.0
3677 silly placeDep node_modules/openclaw side-channel@1.1.0 OK for: qs@6.15.0 want: ^1.1.0
3678 silly fetch manifest object-inspect@^1.13.3
3679 silly packumentCache full:https://registry.npmjs.org/object-inspect cache-miss
3680 silly fetch manifest side-channel-list@^1.0.0
3681 silly packumentCache full:https://registry.npmjs.org/side-channel-list cache-miss
3682 silly fetch manifest side-channel-map@^1.0.1
3683 silly packumentCache full:https://registry.npmjs.org/side-channel-map cache-miss
3684 silly fetch manifest side-channel-weakmap@^1.0.2
3685 silly packumentCache full:https://registry.npmjs.org/side-channel-weakmap cache-miss
3686 http cache https://registry.npmjs.org/side-channel-weakmap 3ms (cache hit)
3687 silly packumentCache full:https://registry.npmjs.org/side-channel-weakmap set size:12620 disposed:false
3688 http cache https://registry.npmjs.org/side-channel-map 3ms (cache hit)
3689 silly packumentCache full:https://registry.npmjs.org/side-channel-map set size:9126 disposed:false
3690 http cache https://registry.npmjs.org/side-channel-list 4ms (cache hit)
3691 silly packumentCache full:https://registry.npmjs.org/side-channel-list set size:6005 disposed:false
3692 http cache https://registry.npmjs.org/object-inspect 4ms (cache hit)
3693 silly packumentCache full:https://registry.npmjs.org/object-inspect set size:101912 disposed:false
3694 silly placeDep node_modules/openclaw unpipe@1.0.0 OK for: raw-body@3.0.2 want: ~1.0.0
3695 silly placeDep node_modules/openclaw deep-extend@0.6.0 OK for: rc@1.2.8 want: ^0.6.0
3696 silly placeDep node_modules/openclaw ini@1.3.8 OK for: rc@1.2.8 want: ~1.3.0
3697 silly placeDep node_modules/openclaw minimist@1.2.8 OK for: rc@1.2.8 want: ^1.2.0
3698 silly placeDep node_modules/openclaw strip-json-comments@2.0.1 OK for: rc@1.2.8 want: ~2.0.1
3699 silly placeDep node_modules/openclaw core-util-is@1.0.3 OK for: readable-stream@2.3.8 want: ~1.0.0
3700 silly placeDep node_modules/openclaw isarray@1.0.0 OK for: readable-stream@2.3.8 want: ~1.0.0
3701 silly placeDep node_modules/openclaw process-nextick-args@2.0.1 OK for: readable-stream@2.3.8 want: ~2.0.0
3702 silly placeDep node_modules/openclaw/node_modules/readable-stream safe-buffer@5.1.2 OK for: readable-stream@2.3.8 want: ~5.1.1
3703 silly placeDep node_modules/openclaw string_decoder@1.1.1 OK for: readable-stream@2.3.8 want: ~1.1.1
3704 silly placeDep node_modules/openclaw util-deprecate@1.0.2 OK for: readable-stream@2.3.8 want: ~1.0.1
3705 silly fetch manifest safe-buffer@~5.1.0
3706 silly packumentCache full:https://registry.npmjs.org/safe-buffer cache-hit
3707 silly placeDep node_modules/openclaw onetime@7.0.0 OK for: restore-cursor@5.1.0 want: ^7.0.0
3708 silly placeDep node_modules/openclaw/node_modules/restore-cursor signal-exit@4.1.0 OK for: restore-cursor@5.1.0 want: ^4.1.0
3709 silly fetch manifest mimic-function@^5.0.0
3710 silly packumentCache full:https://registry.npmjs.org/mimic-function cache-miss
3711 http cache https://registry.npmjs.org/mimic-function 2ms (cache hit)
3712 silly packumentCache full:https://registry.npmjs.org/mimic-function set size:6356 disposed:false
3713 silly placeDep node_modules/openclaw mimic-function@5.0.1 OK for: onetime@7.0.0 want: ^5.0.0
3714 silly placeDep node_modules/openclaw/node_modules/rimraf glob@7.2.3 OK for: rimraf@3.0.2 want: ^7.1.3
3715 silly fetch manifest inflight@^1.0.4
3716 silly packumentCache full:https://registry.npmjs.org/inflight cache-miss
3717 silly fetch manifest minimatch@^3.1.1
3718 silly packumentCache full:https://registry.npmjs.org/minimatch cache-hit
3719 silly fetch manifest fs.realpath@^1.0.0
3720 silly packumentCache full:https://registry.npmjs.org/fs.realpath cache-miss
3721 silly fetch manifest path-is-absolute@^1.0.0
3722 silly packumentCache full:https://registry.npmjs.org/path-is-absolute cache-miss
3723 http cache https://registry.npmjs.org/path-is-absolute 3ms (cache hit)
3724 silly packumentCache full:https://registry.npmjs.org/path-is-absolute set size:8253 disposed:false
3725 http cache https://registry.npmjs.org/fs.realpath 3ms (cache hit)
3726 silly packumentCache full:https://registry.npmjs.org/fs.realpath set size:4806 disposed:false
3727 http cache https://registry.npmjs.org/inflight 3ms (cache hit)
3728 silly packumentCache full:https://registry.npmjs.org/inflight set size:13140 disposed:false
3729 silly placeDep node_modules/openclaw is-promise@4.0.0 OK for: router@2.2.0 want: ^4.0.0
3730 silly placeDep node_modules/openclaw @img/colour@1.1.0 OK for: sharp@0.34.5 want: ^1.0.0
3731 silly placeDep node_modules/openclaw @img/sharp-darwin-arm64@0.34.5 OK for: sharp@0.34.5 want: 0.34.5
3732 silly placeDep node_modules/openclaw @img/sharp-darwin-x64@0.34.5 OK for: sharp@0.34.5 want: 0.34.5
3733 silly placeDep node_modules/openclaw @img/sharp-libvips-darwin-arm64@1.2.4 OK for: sharp@0.34.5 want: 1.2.4
3734 silly placeDep node_modules/openclaw @img/sharp-libvips-darwin-x64@1.2.4 OK for: sharp@0.34.5 want: 1.2.4
3735 silly placeDep node_modules/openclaw @img/sharp-libvips-linux-arm@1.2.4 OK for: sharp@0.34.5 want: 1.2.4
3736 silly placeDep node_modules/openclaw @img/sharp-libvips-linux-arm64@1.2.4 OK for: sharp@0.34.5 want: 1.2.4
3737 silly placeDep node_modules/openclaw @img/sharp-libvips-linux-ppc64@1.2.4 OK for: sharp@0.34.5 want: 1.2.4
3738 silly placeDep node_modules/openclaw @img/sharp-libvips-linux-riscv64@1.2.4 OK for: sharp@0.34.5 want: 1.2.4
3739 silly placeDep node_modules/openclaw @img/sharp-libvips-linux-s390x@1.2.4 OK for: sharp@0.34.5 want: 1.2.4
3740 silly placeDep node_modules/openclaw @img/sharp-libvips-linux-x64@1.2.4 OK for: sharp@0.34.5 want: 1.2.4
3741 silly placeDep node_modules/openclaw @img/sharp-libvips-linuxmusl-arm64@1.2.4 OK for: sharp@0.34.5 want: 1.2.4
3742 silly placeDep node_modules/openclaw @img/sharp-libvips-linuxmusl-x64@1.2.4 OK for: sharp@0.34.5 want: 1.2.4
3743 silly placeDep node_modules/openclaw @img/sharp-linux-arm@0.34.5 OK for: sharp@0.34.5 want: 0.34.5
3744 silly placeDep node_modules/openclaw @img/sharp-linux-arm64@0.34.5 OK for: sharp@0.34.5 want: 0.34.5
3745 silly placeDep node_modules/openclaw @img/sharp-linux-ppc64@0.34.5 OK for: sharp@0.34.5 want: 0.34.5
3746 silly placeDep node_modules/openclaw @img/sharp-linux-riscv64@0.34.5 OK for: sharp@0.34.5 want: 0.34.5
3747 silly placeDep node_modules/openclaw @img/sharp-linux-s390x@0.34.5 OK for: sharp@0.34.5 want: 0.34.5
3748 silly placeDep node_modules/openclaw @img/sharp-linux-x64@0.34.5 OK for: sharp@0.34.5 want: 0.34.5
3749 silly placeDep node_modules/openclaw @img/sharp-linuxmusl-arm64@0.34.5 OK for: sharp@0.34.5 want: 0.34.5
3750 silly placeDep node_modules/openclaw @img/sharp-linuxmusl-x64@0.34.5 OK for: sharp@0.34.5 want: 0.34.5
3751 silly placeDep node_modules/openclaw @img/sharp-wasm32@0.34.5 OK for: sharp@0.34.5 want: 0.34.5
3752 silly placeDep node_modules/openclaw @img/sharp-win32-arm64@0.34.5 OK for: sharp@0.34.5 want: 0.34.5
3753 silly placeDep node_modules/openclaw @img/sharp-win32-ia32@0.34.5 OK for: sharp@0.34.5 want: 0.34.5
3754 silly placeDep node_modules/openclaw @img/sharp-win32-x64@0.34.5 OK for: sharp@0.34.5 want: 0.34.5
3755 silly placeDep node_modules/openclaw shebang-regex@3.0.0 OK for: shebang-command@2.0.0 want: ^3.0.0
3756 silly placeDep node_modules/openclaw object-inspect@1.13.4 OK for: side-channel@1.1.0 want: ^1.13.3
3757 silly placeDep node_modules/openclaw side-channel-list@1.0.0 OK for: side-channel@1.1.0 want: ^1.0.0
3758 silly placeDep node_modules/openclaw side-channel-map@1.0.1 OK for: side-channel@1.1.0 want: ^1.0.1
3759 silly placeDep node_modules/openclaw side-channel-weakmap@1.0.2 OK for: side-channel@1.1.0 want: ^1.0.2
3760 silly fetch manifest call-bound@^1.0.2
3761 silly packumentCache full:https://registry.npmjs.org/call-bound cache-miss
3762 silly fetch manifest call-bound@^1.0.2
3763 silly packumentCache full:https://registry.npmjs.org/call-bound cache-miss
3764 http cache https://registry.npmjs.org/call-bound 3ms (cache hit)
3765 silly packumentCache full:https://registry.npmjs.org/call-bound set size:15317 disposed:false
3766 http cache https://registry.npmjs.org/call-bound 3ms (cache hit)
3767 silly packumentCache full:https://registry.npmjs.org/call-bound set size:15317 disposed:false
3768 silly packumentCache full:https://registry.npmjs.org/call-bound dispose
3769 silly placeDep node_modules/openclaw call-bound@1.0.4 OK for: side-channel-map@1.0.1 want: ^1.0.2
3770 silly placeDep node_modules/openclaw @kwsites/file-exists@1.1.1 OK for: simple-git@3.32.3 want: ^1.1.1
3771 silly placeDep node_modules/openclaw @kwsites/promise-deferred@1.1.1 OK for: simple-git@3.32.3 want: ^1.1.1
3772 silly placeDep node_modules/openclaw ansi-styles@6.2.3 OK for: slice-ansi@8.0.0 want: ^6.2.3
3773 silly placeDep node_modules/openclaw is-fullwidth-code-point@5.1.0 OK for: slice-ansi@8.0.0 want: ^5.1.0
3774 silly placeDep node_modules/openclaw socks@2.8.7 OK for: socks-proxy-agent@8.0.5 want: ^2.8.3
3775 silly fetch manifest ip-address@^10.0.1
3776 silly packumentCache full:https://registry.npmjs.org/ip-address cache-miss
3777 silly fetch manifest smart-buffer@^4.2.0
3778 silly packumentCache full:https://registry.npmjs.org/smart-buffer cache-miss
3779 http cache https://registry.npmjs.org/ip-address 3ms (cache hit)
3780 silly packumentCache full:https://registry.npmjs.org/ip-address set size:135050 disposed:false
3781 http cache https://registry.npmjs.org/smart-buffer 4ms (cache hit)
3782 silly packumentCache full:https://registry.npmjs.org/smart-buffer set size:87065 disposed:false
3783 silly placeDep node_modules/openclaw ip-address@10.1.0 OK for: socks@2.8.7 want: ^10.0.1
3784 silly placeDep node_modules/openclaw smart-buffer@4.2.0 OK for: socks@2.8.7 want: ^4.2.0
3785 silly placeDep node_modules/openclaw buffer-from@1.1.2 OK for: source-map-support@0.5.21 want: ^1.0.0
3786 silly placeDep node_modules/openclaw sqlite-vec-darwin-arm64@0.1.7-alpha.2 OK for: sqlite-vec@0.1.7-alpha.2 want: 0.1.7-alpha.2
3787 silly placeDep node_modules/openclaw sqlite-vec-darwin-x64@0.1.7-alpha.2 OK for: sqlite-vec@0.1.7-alpha.2 want: 0.1.7-alpha.2
3788 silly placeDep node_modules/openclaw sqlite-vec-linux-arm64@0.1.7-alpha.2 OK for: sqlite-vec@0.1.7-alpha.2 want: 0.1.7-alpha.2
3789 silly placeDep node_modules/openclaw sqlite-vec-linux-x64@0.1.7-alpha.2 OK for: sqlite-vec@0.1.7-alpha.2 want: 0.1.7-alpha.2
3790 silly placeDep node_modules/openclaw sqlite-vec-windows-x64@0.1.7-alpha.2 OK for: sqlite-vec@0.1.7-alpha.2 want: 0.1.7-alpha.2
3791 silly placeDep node_modules/openclaw ansi-escapes@6.2.1 OK for: stdout-update@4.0.1 want: ^6.2.0
3792 silly placeDep node_modules/openclaw/node_modules/stdout-update string-width@7.2.0 OK for: stdout-update@4.0.1 want: ^7.1.0
3793 silly fetch manifest emoji-regex@^10.3.0
3794 silly packumentCache full:https://registry.npmjs.org/emoji-regex cache-hit
3795 silly placeDep node_modules/openclaw/node_modules/string_decoder safe-buffer@5.1.2 OK for: string_decoder@1.1.1 want: ~5.1.0
3796 silly placeDep node_modules/openclaw emoji-regex@8.0.0 OK for: string-width@4.2.3 want: ^8.0.0
3797 silly placeDep node_modules/openclaw/node_modules/string-width is-fullwidth-code-point@3.0.0 OK for: string-width@4.2.3 want: ^3.0.0
3798 silly placeDep node_modules/openclaw/node_modules/string-width strip-ansi@6.0.1 OK for: string-width@4.2.3 want: ^6.0.1
3799 silly placeDep node_modules/openclaw ansi-regex@6.2.2 OK for: strip-ansi@7.2.0 want: ^6.2.2
3800 silly placeDep node_modules/openclaw @isaacs/fs-minipass@4.0.1 OK for: tar@7.5.9 want: ^4.0.0
3801 silly placeDep node_modules/openclaw chownr@3.0.0 OK for: tar@7.5.9 want: ^3.0.0
3802 silly placeDep node_modules/openclaw minizlib@3.1.0 OK for: tar@7.5.9 want: ^3.1.0
3803 silly placeDep node_modules/openclaw yallist@5.0.0 OK for: tar@7.5.9 want: ^5.0.0
3804 silly placeDep node_modules/openclaw thenify@3.3.1 OK for: thenify-all@1.6.0 want: >= 3.1.0 < 4
3805 silly placeDep node_modules/openclaw ieee754@1.2.1 OK for: token-types@6.1.2 want: ^1.2.1
3806 silly placeDep node_modules/openclaw tr46@0.0.3 OK for: whatwg-url@5.0.0 want: ~0.0.3
3807 silly placeDep node_modules/openclaw webidl-conversions@3.0.1 OK for: whatwg-url@5.0.0 want: ^3.0.0
3808 silly placeDep node_modules/openclaw isexe@4.0.0 OK for: which@6.0.1 want: ^4.0.0
3809 silly placeDep node_modules/openclaw cliui@7.0.4 OK for: yargs@16.2.0 want: ^7.0.2
3810 silly placeDep node_modules/openclaw escalade@3.2.0 OK for: yargs@16.2.0 want: ^3.1.1
3811 silly placeDep node_modules/openclaw get-caller-file@2.0.5 OK for: yargs@16.2.0 want: ^2.0.5
3812 silly placeDep node_modules/openclaw require-directory@2.1.1 OK for: yargs@16.2.0 want: ^2.1.1
3813 silly placeDep node_modules/openclaw y18n@5.0.8 OK for: yargs@16.2.0 want: ^5.0.5
3814 silly placeDep node_modules/openclaw yargs-parser@20.2.9 OK for: yargs@16.2.0 want: ^20.2.2
3815 silly fetch manifest wrap-ansi@^7.0.0
3816 silly packumentCache full:https://registry.npmjs.org/wrap-ansi cache-miss
3817 silly fetch manifest strip-ansi@^6.0.0
3818 silly packumentCache full:https://registry.npmjs.org/strip-ansi cache-hit
3819 http cache https://registry.npmjs.org/wrap-ansi 2ms (cache hit)
3820 silly packumentCache full:https://registry.npmjs.org/wrap-ansi set size:55299 disposed:false
3821 silly placeDep node_modules/openclaw/node_modules/cliui strip-ansi@6.0.1 OK for: cliui@7.0.4 want: ^6.0.0
3822 silly placeDep node_modules/openclaw wrap-ansi@7.0.0 OK for: cliui@7.0.4 want: ^7.0.0
3823 silly fetch manifest ansi-styles@^4.0.0
3824 silly packumentCache full:https://registry.npmjs.org/ansi-styles cache-hit
3825 silly placeDep node_modules/openclaw/node_modules/wrap-ansi ansi-styles@4.3.0 OK for: wrap-ansi@7.0.0 want: ^4.0.0
3826 silly placeDep node_modules/openclaw/node_modules/wrap-ansi strip-ansi@6.0.1 OK for: wrap-ansi@7.0.0 want: ^6.0.0
3827 silly fetch manifest color-convert@^2.0.1
3828 silly packumentCache full:https://registry.npmjs.org/color-convert cache-miss
3829 http cache https://registry.npmjs.org/color-convert 4ms (cache hit)
3830 silly packumentCache full:https://registry.npmjs.org/color-convert set size:72663 disposed:false
3831 silly placeDep node_modules/openclaw buffer-crc32@0.2.13 OK for: yauzl@2.10.0 want: ~0.2.3
3832 silly placeDep node_modules/openclaw fd-slicer@1.1.0 OK for: yauzl@2.10.0 want: ~1.1.0
3833 silly fetch manifest pend@~1.2.0
3834 silly packumentCache full:https://registry.npmjs.org/pend cache-miss
3835 http cache https://registry.npmjs.org/pend 3ms (cache hit)
3836 silly packumentCache full:https://registry.npmjs.org/pend set size:8066 disposed:false
3837 silly placeDep node_modules/openclaw pend@1.2.0 OK for: fd-slicer@1.1.0 want: ~1.2.0
3838 silly placeDep node_modules/openclaw/node_modules/@aws-crypto/sha256-browser @smithy/util-buffer-from@2.2.0 OK for: @smithy/util-utf8@2.3.0 want: ^2.2.0
3839 silly fetch manifest @smithy/is-array-buffer@^2.2.0
3840 silly packumentCache full:https://registry.npmjs.org/@smithy%2fis-array-buffer cache-hit
3841 silly placeDep node_modules/openclaw/node_modules/@aws-crypto/sha256-browser @smithy/is-array-buffer@2.2.0 OK for: @smithy/util-buffer-from@2.2.0 want: ^2.2.0
3842 silly placeDep node_modules/openclaw/node_modules/@aws-crypto/util @smithy/util-buffer-from@2.2.0 OK for: @smithy/util-utf8@2.3.0 want: ^2.2.0
3843 silly placeDep node_modules/openclaw/node_modules/@aws-crypto/util @smithy/is-array-buffer@2.2.0 OK for: @smithy/util-buffer-from@2.2.0 want: ^2.2.0
3844 silly placeDep node_modules/openclaw/node_modules/@discordjs/node-pre-gyp agent-base@6.0.2 OK for: https-proxy-agent@5.0.1 want: 6
3845 silly placeDep node_modules/openclaw/node_modules/@discordjs/node-pre-gyp chownr@2.0.0 OK for: tar@6.2.1 want: ^2.0.0
3846 silly placeDep node_modules/openclaw fs-minipass@2.1.0 OK for: tar@6.2.1 want: ^2.0.0
3847 silly placeDep node_modules/openclaw/node_modules/@discordjs/node-pre-gyp minipass@5.0.0 OK for: tar@6.2.1 want: ^5.0.0
3848 silly placeDep node_modules/openclaw/node_modules/@discordjs/node-pre-gyp minizlib@2.1.2 OK for: tar@6.2.1 want: ^2.1.1
3849 silly placeDep node_modules/openclaw mkdirp@1.0.4 OK for: tar@6.2.1 want: ^1.0.3
3850 silly placeDep node_modules/openclaw/node_modules/@discordjs/node-pre-gyp yallist@4.0.0 OK for: tar@6.2.1 want: ^4.0.0
3851 silly fetch manifest minipass@^3.0.0
3852 silly packumentCache full:https://registry.npmjs.org/minipass cache-hit
3853 silly fetch manifest minipass@^3.0.0
3854 silly packumentCache full:https://registry.npmjs.org/minipass cache-hit
3855 silly placeDep node_modules/openclaw/node_modules/fs-minipass minipass@3.3.6 OK for: fs-minipass@2.1.0 want: ^3.0.0
3856 silly placeDep node_modules/openclaw/node_modules/@discordjs/node-pre-gyp/node_modules/minizlib minipass@3.3.6 OK for: minizlib@2.1.2 want: ^3.0.0
3857 silly placeDep node_modules/openclaw/node_modules/@line/bot-sdk undici-types@7.16.0 OK for: @types/node@24.11.0 want: ~7.16.0
3858 silly placeDep node_modules/openclaw/node_modules/@whiskeysockets/baileys p-timeout@7.0.1 OK for: p-queue@9.1.0 want: ^7.0.0
3859 silly placeDep node_modules/openclaw/node_modules/cli-highlight ansi-styles@4.3.0 OK for: chalk@4.1.2 want: ^4.1.0
3860 silly placeDep node_modules/openclaw supports-color@7.2.0 OK for: chalk@4.1.2 want: ^7.1.0
3861 silly fetch manifest has-flag@^4.0.0
3862 silly packumentCache full:https://registry.npmjs.org/has-flag cache-miss
3863 http cache https://registry.npmjs.org/has-flag 4ms (cache hit)
3864 silly packumentCache full:https://registry.npmjs.org/has-flag set size:15180 disposed:false
3865 silly placeDep node_modules/openclaw has-flag@4.0.0 OK for: supports-color@7.2.0 want: ^4.0.0
3866 silly placeDep node_modules/openclaw color-convert@2.0.1 OK for: ansi-styles@4.3.0 want: ^2.0.1
3867 silly fetch manifest color-name@~1.1.4
3868 silly packumentCache full:https://registry.npmjs.org/color-name cache-miss
3869 http cache https://registry.npmjs.org/color-name 3ms (cache hit)
3870 silly packumentCache full:https://registry.npmjs.org/color-name set size:19467 disposed:false
3871 silly placeDep node_modules/openclaw color-name@1.1.4 OK for: color-convert@2.0.1 want: ~1.1.4
3872 silly placeDep node_modules/openclaw/node_modules/cliui ansi-regex@5.0.1 OK for: strip-ansi@6.0.1 want: ^5.0.1
3873 silly placeDep node_modules/openclaw/node_modules/cmake-js cliui@8.0.1 OK for: yargs@17.7.2 want: ^8.0.1
3874 silly placeDep node_modules/openclaw/node_modules/cmake-js yargs-parser@21.1.1 OK for: yargs@17.7.2 want: ^21.1.1
3875 silly placeDep node_modules/openclaw/node_modules/cmake-js strip-ansi@6.0.1 OK for: cliui@8.0.1 want: ^6.0.1
3876 silly placeDep node_modules/openclaw/node_modules/cmake-js ansi-regex@5.0.1 OK for: strip-ansi@6.0.1 want: ^5.0.1
3877 silly placeDep node_modules/openclaw/node_modules/cross-spawn isexe@2.0.0 OK for: which@2.0.2 want: ^2.0.0
3878 silly placeDep node_modules/openclaw/node_modules/form-data mime-db@1.52.0 OK for: mime-types@2.1.35 want: 1.52.0
3879 silly placeDep node_modules/openclaw/node_modules/fs-minipass yallist@4.0.0 OK for: minipass@3.3.6 want: ^4.0.0
3880 silly placeDep node_modules/openclaw/node_modules/gauge ansi-regex@5.0.1 OK for: strip-ansi@6.0.1 want: ^5.0.1
3881 silly placeDep node_modules/openclaw/node_modules/gaxios data-uri-to-buffer@4.0.1 OK for: node-fetch@3.3.2 want: ^4.0.0
3882 silly placeDep node_modules/openclaw fetch-blob@3.2.0 OK for: node-fetch@3.3.2 want: ^3.1.4
3883 silly placeDep node_modules/openclaw formdata-polyfill@4.0.10 OK for: node-fetch@3.3.2 want: ^4.0.10
3884 silly fetch manifest web-streams-polyfill@^3.0.3
3885 silly packumentCache full:https://registry.npmjs.org/web-streams-polyfill cache-miss
3886 http cache https://registry.npmjs.org/web-streams-polyfill 2ms (cache hit)
3887 silly packumentCache full:https://registry.npmjs.org/web-streams-polyfill set size:136634 disposed:false
3888 silly placeDep node_modules/openclaw web-streams-polyfill@3.3.3 OK for: fetch-blob@3.2.0 want: ^3.0.3
3889 silly placeDep node_modules/openclaw/node_modules/gaxios glob@10.5.0 OK for: rimraf@5.0.10 want: ^10.3.7
3890 silly fetch manifest jackspeak@^3.1.2
3891 silly packumentCache full:https://registry.npmjs.org/jackspeak cache-miss
3892 silly fetch manifest minimatch@^9.0.4
3893 silly packumentCache full:https://registry.npmjs.org/minimatch cache-hit
3894 silly fetch manifest path-scurry@^1.11.1
3895 silly packumentCache full:https://registry.npmjs.org/path-scurry cache-hit
3896 silly fetch manifest foreground-child@^3.1.0
3897 silly packumentCache full:https://registry.npmjs.org/foreground-child cache-miss
3898 silly fetch manifest package-json-from-dist@^1.0.0
3899 silly packumentCache full:https://registry.npmjs.org/package-json-from-dist cache-miss
3900 http cache https://registry.npmjs.org/package-json-from-dist 4ms (cache hit)
3901 silly packumentCache full:https://registry.npmjs.org/package-json-from-dist set size:8854 disposed:false
3902 http cache https://registry.npmjs.org/foreground-child 4ms (cache hit)
3903 silly packumentCache full:https://registry.npmjs.org/foreground-child set size:71503 disposed:false
3904 http cache https://registry.npmjs.org/jackspeak 5ms (cache hit)
3905 silly packumentCache full:https://registry.npmjs.org/jackspeak set size:204267 disposed:false
3906 silly placeDep node_modules/openclaw foreground-child@3.3.1 OK for: glob@10.5.0 want: ^3.1.0
3907 silly placeDep node_modules/openclaw jackspeak@3.4.3 OK for: glob@10.5.0 want: ^3.1.2
3908 silly placeDep node_modules/openclaw/node_modules/gaxios minimatch@9.0.9 OK for: glob@10.5.0 want: ^9.0.4
3909 silly placeDep node_modules/openclaw package-json-from-dist@1.0.1 OK for: glob@10.5.0 want: ^1.0.0
3910 silly placeDep node_modules/openclaw/node_modules/gaxios path-scurry@1.11.1 OK for: glob@10.5.0 want: ^1.11.1
3911 silly fetch manifest signal-exit@^4.0.1
3912 silly packumentCache full:https://registry.npmjs.org/signal-exit cache-hit
3913 silly fetch manifest @isaacs/cliui@^8.0.2
3914 silly packumentCache full:https://registry.npmjs.org/@isaacs%2fcliui cache-miss
3915 silly fetch manifest @pkgjs/parseargs@^0.11.0
3916 silly packumentCache full:https://registry.npmjs.org/@pkgjs%2fparseargs cache-miss
3917 silly fetch manifest brace-expansion@^2.0.2
3918 silly packumentCache full:https://registry.npmjs.org/brace-expansion cache-hit
3919 silly fetch manifest lru-cache@^10.2.0
3920 silly packumentCache full:https://registry.npmjs.org/lru-cache cache-hit
3921 http cache https://registry.npmjs.org/@isaacs%2fcliui 3ms (cache hit)
3922 silly packumentCache full:https://registry.npmjs.org/@isaacs%2fcliui set size:12263 disposed:false
3923 http cache https://registry.npmjs.org/@pkgjs%2fparseargs 3ms (cache hit)
3924 silly packumentCache full:https://registry.npmjs.org/@pkgjs%2fparseargs set size:51085 disposed:false
3925 silly placeDep node_modules/openclaw/node_modules/foreground-child signal-exit@4.1.0 OK for: foreground-child@3.3.1 want: ^4.0.1
3926 silly placeDep node_modules/openclaw @isaacs/cliui@8.0.2 OK for: jackspeak@3.4.3 want: ^8.0.2
3927 silly placeDep node_modules/openclaw @pkgjs/parseargs@0.11.0 OK for: jackspeak@3.4.3 want: ^0.11.0
3928 silly fetch manifest wrap-ansi@^8.1.0
3929 silly packumentCache full:https://registry.npmjs.org/wrap-ansi cache-hit
3930 silly fetch manifest string-width@^5.1.2
3931 silly packumentCache full:https://registry.npmjs.org/string-width cache-hit
3932 silly fetch manifest wrap-ansi-cjs@npm:wrap-ansi@^7.0.0
3933 silly packumentCache full:https://registry.npmjs.org/wrap-ansi cache-hit
3934 silly fetch manifest strip-ansi-cjs@npm:strip-ansi@^6.0.1
3935 silly packumentCache full:https://registry.npmjs.org/strip-ansi cache-hit
3936 silly fetch manifest string-width-cjs@npm:string-width@^4.2.0
3937 silly packumentCache full:https://registry.npmjs.org/string-width cache-hit
3938 silly placeDep node_modules/openclaw/node_modules/@isaacs/cliui string-width@5.1.2 OK for: @isaacs/cliui@8.0.2 want: ^5.1.2
3939 silly placeDep node_modules/openclaw string-width-cjs@4.2.3 OK for: @isaacs/cliui@8.0.2 want: npm:string-width@^4.2.0
3940 silly placeDep node_modules/openclaw strip-ansi-cjs@6.0.1 OK for: @isaacs/cliui@8.0.2 want: npm:strip-ansi@^6.0.1
3941 silly placeDep node_modules/openclaw/node_modules/@isaacs/cliui wrap-ansi@8.1.0 OK for: @isaacs/cliui@8.0.2 want: ^8.1.0
3942 silly placeDep node_modules/openclaw wrap-ansi-cjs@7.0.0 OK for: @isaacs/cliui@8.0.2 want: npm:wrap-ansi@^7.0.0
3943 silly fetch manifest emoji-regex@^9.2.2
3944 silly packumentCache full:https://registry.npmjs.org/emoji-regex cache-hit
3945 silly fetch manifest eastasianwidth@^0.2.0
3946 silly packumentCache full:https://registry.npmjs.org/eastasianwidth cache-miss
3947 http cache https://registry.npmjs.org/eastasianwidth 9ms (cache hit)
3948 silly packumentCache full:https://registry.npmjs.org/eastasianwidth set size:7890 disposed:false
3949 silly placeDep node_modules/openclaw/node_modules/string-width-cjs is-fullwidth-code-point@3.0.0 OK for: string-width@4.2.3 want: ^3.0.0
3950 silly placeDep node_modules/openclaw/node_modules/string-width-cjs strip-ansi@6.0.1 OK for: string-width@4.2.3 want: ^6.0.1
3951 silly placeDep node_modules/openclaw/node_modules/strip-ansi-cjs ansi-regex@5.0.1 OK for: strip-ansi@6.0.1 want: ^5.0.1
3952 silly placeDep node_modules/openclaw/node_modules/wrap-ansi-cjs ansi-styles@4.3.0 OK for: wrap-ansi@7.0.0 want: ^4.0.0
3953 silly placeDep node_modules/openclaw/node_modules/wrap-ansi-cjs strip-ansi@6.0.1 OK for: wrap-ansi@7.0.0 want: ^6.0.0
3954 silly placeDep node_modules/openclaw eastasianwidth@0.2.0 OK for: string-width@5.1.2 want: ^0.2.0
3955 silly placeDep node_modules/openclaw/node_modules/@isaacs/cliui emoji-regex@9.2.2 OK for: string-width@5.1.2 want: ^9.2.2
3956 silly placeDep node_modules/openclaw/node_modules/gaxios brace-expansion@2.0.2 OK for: minimatch@9.0.9 want: ^2.0.2
3957 silly fetch manifest balanced-match@^1.0.0
3958 silly packumentCache full:https://registry.npmjs.org/balanced-match cache-hit
3959 silly placeDep node_modules/openclaw/node_modules/gaxios balanced-match@1.0.2 OK for: brace-expansion@2.0.2 want: ^1.0.0
3960 silly placeDep node_modules/openclaw/node_modules/gaxios lru-cache@10.4.3 OK for: path-scurry@1.11.1 want: ^10.2.0
3961 silly placeDep node_modules/openclaw/node_modules/ipull parse-ms@3.0.0 OK for: pretty-ms@8.0.0 want: ^3.0.0
3962 silly placeDep node_modules/openclaw @types/long@4.0.2 OK for: protobufjs@6.8.8 want: ^4.0.0
3963 silly placeDep node_modules/openclaw/node_modules/libsignal @types/node@10.17.60 OK for: protobufjs@6.8.8 want: ^10.1.0
3964 silly placeDep node_modules/openclaw/node_modules/libsignal long@4.0.0 OK for: protobufjs@6.8.8 want: ^4.0.0
3965 silly placeDep node_modules/openclaw/node_modules/node-edge-tts cliui@8.0.1 OK for: yargs@17.7.2 want: ^8.0.1
3966 silly placeDep node_modules/openclaw/node_modules/node-edge-tts yargs-parser@21.1.1 OK for: yargs@17.7.2 want: ^21.1.1
3967 silly placeDep node_modules/openclaw/node_modules/node-edge-tts strip-ansi@6.0.1 OK for: cliui@8.0.1 want: ^6.0.1
3968 silly placeDep node_modules/openclaw/node_modules/node-edge-tts ansi-regex@5.0.1 OK for: strip-ansi@6.0.1 want: ^5.0.1
3969 silly placeDep node_modules/openclaw/node_modules/node-llama-cpp cliui@8.0.1 OK for: yargs@17.7.2 want: ^8.0.1
3970 silly placeDep node_modules/openclaw/node_modules/node-llama-cpp yargs-parser@21.1.1 OK for: yargs@17.7.2 want: ^21.1.1
3971 silly placeDep node_modules/openclaw/node_modules/node-llama-cpp/node_modules/cliui strip-ansi@6.0.1 OK for: cliui@8.0.1 want: ^6.0.1
3972 silly placeDep node_modules/openclaw fs.realpath@1.0.0 OK for: glob@7.2.3 want: ^1.0.0
3973 silly placeDep node_modules/openclaw inflight@1.0.6 OK for: glob@7.2.3 want: ^1.0.4
3974 silly placeDep node_modules/openclaw/node_modules/rimraf minimatch@3.1.5 OK for: glob@7.2.3 want: ^3.1.1
3975 silly placeDep node_modules/openclaw path-is-absolute@1.0.1 OK for: glob@7.2.3 want: ^1.0.0
3976 silly fetch manifest brace-expansion@^1.1.7
3977 silly packumentCache full:https://registry.npmjs.org/brace-expansion cache-hit
3978 silly placeDep node_modules/openclaw/node_modules/rimraf brace-expansion@1.1.12 OK for: minimatch@3.1.5 want: ^1.1.7
3979 silly fetch manifest concat-map@0.0.1
3980 silly packumentCache full:https://registry.npmjs.org/concat-map cache-miss
3981 http cache https://registry.npmjs.org/concat-map 4ms (cache hit)
3982 silly packumentCache full:https://registry.npmjs.org/concat-map set size:9290 disposed:false
3983 silly placeDep node_modules/openclaw/node_modules/rimraf balanced-match@1.0.2 OK for: brace-expansion@1.1.12 want: ^1.0.0
3984 silly placeDep node_modules/openclaw concat-map@0.0.1 OK for: brace-expansion@1.1.12 want: 0.0.1
3985 silly placeDep node_modules/openclaw/node_modules/stdout-update emoji-regex@10.6.0 OK for: string-width@7.2.0 want: ^10.3.0
3986 silly placeDep node_modules/openclaw/node_modules/string-width-cjs ansi-regex@5.0.1 OK for: strip-ansi@6.0.1 want: ^5.0.1
3987 silly placeDep node_modules/openclaw/node_modules/string-width ansi-regex@5.0.1 OK for: strip-ansi@6.0.1 want: ^5.0.1
3988 silly placeDep node_modules/openclaw/node_modules/wrap-ansi-cjs ansi-regex@5.0.1 OK for: strip-ansi@6.0.1 want: ^5.0.1
3989 silly placeDep node_modules/openclaw/node_modules/wrap-ansi ansi-regex@5.0.1 OK for: strip-ansi@6.0.1 want: ^5.0.1
3990 silly placeDep node_modules/openclaw/node_modules/node-llama-cpp ansi-regex@5.0.1 OK for: strip-ansi@6.0.1 want: ^5.0.1
3991 silly reify mark retired [
3991 silly reify   '/Users/tomasdiez/.nvm/versions/node/v25.7.0/lib/node_modules/openclaw',
3991 silly reify   '/Users/tomasdiez/.nvm/versions/node/v25.7.0/bin/openclaw'
3991 silly reify ]
3992 silly reify moves {
3992 silly reify   '/Users/tomasdiez/.nvm/versions/node/v25.7.0/lib/node_modules/openclaw': '/Users/tomasdiez/.nvm/versions/node/v25.7.0/lib/node_modules/.openclaw-5S7O2M2V',
3992 silly reify   '/Users/tomasdiez/.nvm/versions/node/v25.7.0/bin/openclaw': '/Users/tomasdiez/.nvm/versions/node/v25.7.0/bin/.openclaw-cupRrWjf'
3992 silly reify }
3993 http cache openclaw@https://registry.npmjs.org/openclaw/-/openclaw-2026.3.2.tgz 1ms (cache hit)
3994 http cache @octokit/plugin-rest-endpoint-methods@https://registry.npmjs.org/@octokit/plugin-rest-endpoint-methods/-/plugin-rest-endpoint-methods-17.0.0.tgz 0ms (cache hit)
3995 http cache @types/ws@https://registry.npmjs.org/@types/ws/-/ws-8.18.1.tgz 0ms (cache hit)
3996 http cache p-queue@https://registry.npmjs.org/p-queue/-/p-queue-9.1.0.tgz 0ms (cache hit)
3997 http cache @whiskeysockets/baileys@https://registry.npmjs.org/@whiskeysockets/baileys/-/baileys-7.0.0-rc.9.tgz 0ms (cache hit)
3998 http cache @slack/web-api@https://registry.npmjs.org/@slack/web-api/-/web-api-7.14.1.tgz 0ms (cache hit)
3999 http cache @types/send@https://registry.npmjs.org/@types/send/-/send-1.2.1.tgz 0ms (cache hit)
4000 http cache @types/serve-static@https://registry.npmjs.org/@types/serve-static/-/serve-static-2.2.0.tgz 0ms (cache hit)
4001 http cache @types/retry@https://registry.npmjs.org/@types/retry/-/retry-0.12.0.tgz 0ms (cache hit)
4002 http cache @types/node@https://registry.npmjs.org/@types/node/-/node-25.3.3.tgz 0ms (cache hit)
4003 http cache @types/mime-types@https://registry.npmjs.org/@types/mime-types/-/mime-types-2.1.4.tgz 0ms (cache hit)
4004 http cache @types/range-parser@https://registry.npmjs.org/@types/range-parser/-/range-parser-1.2.7.tgz 0ms (cache hit)
4005 http cache @types/qs@https://registry.npmjs.org/@types/qs/-/qs-6.14.0.tgz 0ms (cache hit)
4006 http cache @types/long@https://registry.npmjs.org/@types/long/-/long-4.0.2.tgz 0ms (cache hit)
4007 http cache @types/ms@https://registry.npmjs.org/@types/ms/-/ms-2.1.0.tgz 0ms (cache hit)
4008 http cache @types/yauzl@https://registry.npmjs.org/@types/yauzl/-/yauzl-2.10.3.tgz 0ms (cache hit)
4009 http cache @types/express@https://registry.npmjs.org/@types/express/-/express-5.0.6.tgz 0ms (cache hit)
4010 http cache @types/express-serve-static-core@https://registry.npmjs.org/@types/express-serve-static-core/-/express-serve-static-core-5.1.1.tgz 0ms (cache hit)
4011 http cache p-timeout@https://registry.npmjs.org/p-timeout/-/p-timeout-7.0.1.tgz 0ms (cache hit)
4012 http cache @types/jsonwebtoken@https://registry.npmjs.org/@types/jsonwebtoken/-/jsonwebtoken-9.0.10.tgz 0ms (cache hit)
4013 http cache @tokenizer/token@https://registry.npmjs.org/@tokenizer/token/-/token-0.3.0.tgz 0ms (cache hit)
4014 http cache @types/http-errors@https://registry.npmjs.org/@types/http-errors/-/http-errors-2.0.5.tgz 0ms (cache hit)
4015 http cache @types/bun@https://registry.npmjs.org/@types/bun/-/bun-1.3.9.tgz 0ms (cache hit)
4016 http cache @types/aws-lambda@https://registry.npmjs.org/@types/aws-lambda/-/aws-lambda-8.10.161.tgz 0ms (cache hit)
4017 http cache @types/connect@https://registry.npmjs.org/@types/connect/-/connect-3.4.38.tgz 0ms (cache hit)
4018 http cache @tootallnate/quickjs-emscripten@https://registry.npmjs.org/@tootallnate/quickjs-emscripten/-/quickjs-emscripten-0.23.0.tgz 0ms (cache hit)
4019 http cache @tinyhttp/content-disposition@https://registry.npmjs.org/@tinyhttp/content-disposition/-/content-disposition-2.2.4.tgz 0ms (cache hit)
4020 http cache @smithy/credential-provider-imds@https://registry.npmjs.org/@smithy/credential-provider-imds/-/credential-provider-imds-4.2.10.tgz 0ms (cache hit)
4021 http cache @tokenizer/inflate@https://registry.npmjs.org/@tokenizer/inflate/-/inflate-0.4.1.tgz 0ms (cache hit)
4022 http cache @types/body-parser@https://registry.npmjs.org/@types/body-parser/-/body-parser-1.19.6.tgz 0ms (cache hit)
4023 http cache @smithy/util-hex-encoding@https://registry.npmjs.org/@smithy/util-hex-encoding/-/util-hex-encoding-4.2.1.tgz 0ms (cache hit)
4024 http cache @snazzah/davey@https://registry.npmjs.org/@snazzah/davey/-/davey-0.1.10.tgz 0ms (cache hit)
4025 http cache @smithy/util-utf8@https://registry.npmjs.org/@smithy/util-utf8/-/util-utf8-4.2.1.tgz 0ms (cache hit)
4026 http cache @smithy/util-stream@https://registry.npmjs.org/@smithy/util-stream/-/util-stream-4.5.15.tgz 0ms (cache hit)
4027 http cache @smithy/uuid@https://registry.npmjs.org/@smithy/uuid/-/uuid-1.1.1.tgz 0ms (cache hit)
4028 http cache @smithy/util-retry@https://registry.npmjs.org/@smithy/util-retry/-/util-retry-4.2.10.tgz 0ms (cache hit)
4029 http cache @smithy/invalid-dependency@https://registry.npmjs.org/@smithy/invalid-dependency/-/invalid-dependency-4.2.10.tgz 0ms (cache hit)
4030 http cache @smithy/util-uri-escape@https://registry.npmjs.org/@smithy/util-uri-escape/-/util-uri-escape-4.2.1.tgz 0ms (cache hit)
4031 http cache @smithy/util-middleware@https://registry.npmjs.org/@smithy/util-middleware/-/util-middleware-4.2.10.tgz 0ms (cache hit)
4032 http cache @smithy/util-config-provider@https://registry.npmjs.org/@smithy/util-config-provider/-/util-config-provider-4.2.1.tgz 0ms (cache hit)
4033 http cache @smithy/util-endpoints@https://registry.npmjs.org/@smithy/util-endpoints/-/util-endpoints-3.3.1.tgz 0ms (cache hit)
4034 http cache @smithy/util-buffer-from@https://registry.npmjs.org/@smithy/util-buffer-from/-/util-buffer-from-4.2.1.tgz 0ms (cache hit)
4035 http cache @smithy/util-body-length-browser@https://registry.npmjs.org/@smithy/util-body-length-browser/-/util-body-length-browser-4.2.1.tgz 0ms (cache hit)
4036 http cache @smithy/smithy-client@https://registry.npmjs.org/@smithy/smithy-client/-/smithy-client-4.12.0.tgz 0ms (cache hit)
4037 http cache @smithy/types@https://registry.npmjs.org/@smithy/types/-/types-4.13.0.tgz 0ms (cache hit)
4038 http cache @smithy/url-parser@https://registry.npmjs.org/@smithy/url-parser/-/url-parser-4.2.10.tgz 0ms (cache hit)
4039 http cache @smithy/util-defaults-mode-browser@https://registry.npmjs.org/@smithy/util-defaults-mode-browser/-/util-defaults-mode-browser-4.3.36.tgz 0ms (cache hit)
4040 http cache @smithy/querystring-builder@https://registry.npmjs.org/@smithy/querystring-builder/-/querystring-builder-4.2.10.tgz 0ms (cache hit)
4041 http cache @snazzah/davey-darwin-arm64@https://registry.npmjs.org/@snazzah/davey-darwin-arm64/-/davey-darwin-arm64-0.1.10.tgz 0ms (cache hit)
4042 http cache @smithy/protocol-http@https://registry.npmjs.org/@smithy/protocol-http/-/protocol-http-5.3.10.tgz 0ms (cache hit)
4043 http cache @smithy/middleware-retry@https://registry.npmjs.org/@smithy/middleware-retry/-/middleware-retry-4.4.37.tgz 0ms (cache hit)
4044 http cache @smithy/util-defaults-mode-node@https://registry.npmjs.org/@smithy/util-defaults-mode-node/-/util-defaults-mode-node-4.2.39.tgz 0ms (cache hit)
4045 http cache @smithy/node-http-handler@https://registry.npmjs.org/@smithy/node-http-handler/-/node-http-handler-4.4.12.tgz 0ms (cache hit)
4046 http cache @smithy/signature-v4@https://registry.npmjs.org/@smithy/signature-v4/-/signature-v4-5.3.10.tgz 0ms (cache hit)
4047 http cache @smithy/property-provider@https://registry.npmjs.org/@smithy/property-provider/-/property-provider-4.2.10.tgz 0ms (cache hit)
4048 http cache @smithy/service-error-classification@https://registry.npmjs.org/@smithy/service-error-classification/-/service-error-classification-4.2.10.tgz 0ms (cache hit)
4049 http cache @smithy/shared-ini-file-loader@https://registry.npmjs.org/@smithy/shared-ini-file-loader/-/shared-ini-file-loader-4.4.5.tgz 0ms (cache hit)
4050 http cache @smithy/middleware-stack@https://registry.npmjs.org/@smithy/middleware-stack/-/middleware-stack-4.2.10.tgz 0ms (cache hit)
4051 http cache @smithy/querystring-parser@https://registry.npmjs.org/@smithy/querystring-parser/-/querystring-parser-4.2.10.tgz 0ms (cache hit)
4052 http cache @smithy/middleware-endpoint@https://registry.npmjs.org/@smithy/middleware-endpoint/-/middleware-endpoint-4.4.20.tgz 0ms (cache hit)
4053 http cache @smithy/middleware-content-length@https://registry.npmjs.org/@smithy/middleware-content-length/-/middleware-content-length-4.2.10.tgz 0ms (cache hit)
4054 http cache @smithy/middleware-serde@https://registry.npmjs.org/@smithy/middleware-serde/-/middleware-serde-4.2.11.tgz 0ms (cache hit)
4055 http cache @smithy/node-config-provider@https://registry.npmjs.org/@smithy/node-config-provider/-/node-config-provider-4.3.10.tgz 0ms (cache hit)
4056 http cache @reflink/reflink@https://registry.npmjs.org/@reflink/reflink/-/reflink-0.1.19.tgz 0ms (cache hit)
4057 http cache @smithy/eventstream-serde-universal@https://registry.npmjs.org/@smithy/eventstream-serde-universal/-/eventstream-serde-universal-4.2.10.tgz 0ms (cache hit)
4058 http cache @smithy/fetch-http-handler@https://registry.npmjs.org/@smithy/fetch-http-handler/-/fetch-http-handler-5.3.11.tgz 0ms (cache hit)
4059 http cache @smithy/hash-node@https://registry.npmjs.org/@smithy/hash-node/-/hash-node-4.2.10.tgz 0ms (cache hit)
4060 http cache @smithy/eventstream-serde-browser@https://registry.npmjs.org/@smithy/eventstream-serde-browser/-/eventstream-serde-browser-4.2.10.tgz 0ms (cache hit)
4061 http cache @smithy/eventstream-codec@https://registry.npmjs.org/@smithy/eventstream-codec/-/eventstream-codec-4.2.10.tgz 0ms (cache hit)
4062 http cache @smithy/core@https://registry.npmjs.org/@smithy/core/-/core-3.23.6.tgz 0ms (cache hit)
4063 http cache @smithy/is-array-buffer@https://registry.npmjs.org/@smithy/is-array-buffer/-/is-array-buffer-4.2.1.tgz 0ms (cache hit)
4064 http cache @smithy/eventstream-serde-config-resolver@https://registry.npmjs.org/@smithy/eventstream-serde-config-resolver/-/eventstream-serde-config-resolver-4.3.10.tgz 0ms (cache hit)
4065 http cache @smithy/eventstream-serde-node@https://registry.npmjs.org/@smithy/eventstream-serde-node/-/eventstream-serde-node-4.2.10.tgz 0ms (cache hit)
4066 http cache @silvia-odwyer/photon-node@https://registry.npmjs.org/@silvia-odwyer/photon-node/-/photon-node-0.3.4.tgz 0ms (cache hit)
4067 http cache @slack/types@https://registry.npmjs.org/@slack/types/-/types-2.20.0.tgz 0ms (cache hit)
4068 http cache @slack/socket-mode@https://registry.npmjs.org/@slack/socket-mode/-/socket-mode-2.0.5.tgz 0ms (cache hit)
4069 http cache @protobufjs/utf8@https://registry.npmjs.org/@protobufjs/utf8/-/utf8-1.1.0.tgz 0ms (cache hit)
4070 http cache @reflink/reflink-darwin-arm64@https://registry.npmjs.org/@reflink/reflink-darwin-arm64/-/reflink-darwin-arm64-0.1.19.tgz 0ms (cache hit)
4071 http cache @slack/oauth@https://registry.npmjs.org/@slack/oauth/-/oauth-3.0.4.tgz 0ms (cache hit)
4072 http cache @slack/logger@https://registry.npmjs.org/@slack/logger/-/logger-4.0.0.tgz 0ms (cache hit)
4073 http cache @sinclair/typebox@https://registry.npmjs.org/@sinclair/typebox/-/typebox-0.34.48.tgz 0ms (cache hit)
4074 http cache @protobufjs/path@https://registry.npmjs.org/@protobufjs/path/-/path-1.1.2.tgz 0ms (cache hit)
4075 http cache @octokit/oauth-authorization-url@https://registry.npmjs.org/@octokit/oauth-authorization-url/-/oauth-authorization-url-8.0.0.tgz 0ms (cache hit)
4076 http cache @smithy/config-resolver@https://registry.npmjs.org/@smithy/config-resolver/-/config-resolver-4.4.9.tgz 0ms (cache hit)
4077 http cache @smithy/util-base64@https://registry.npmjs.org/@smithy/util-base64/-/util-base64-4.3.1.tgz 0ms (cache hit)
4078 http cache @octokit/core@https://registry.npmjs.org/@octokit/core/-/core-7.0.6.tgz 0ms (cache hit)
4079 http cache @smithy/abort-controller@https://registry.npmjs.org/@smithy/abort-controller/-/abort-controller-4.2.10.tgz 0ms (cache hit)
4080 http cache @protobufjs/inquire@https://registry.npmjs.org/@protobufjs/inquire/-/inquire-1.1.0.tgz 0ms (cache hit)
4081 http cache @protobufjs/fetch@https://registry.npmjs.org/@protobufjs/fetch/-/fetch-1.1.0.tgz 0ms (cache hit)
4082 http cache @protobufjs/float@https://registry.npmjs.org/@protobufjs/float/-/float-1.0.2.tgz 0ms (cache hit)
4083 http cache @octokit/webhooks@https://registry.npmjs.org/@octokit/webhooks/-/webhooks-14.2.0.tgz 0ms (cache hit)
4084 http cache @pkgjs/parseargs@https://registry.npmjs.org/@pkgjs/parseargs/-/parseargs-0.11.0.tgz 0ms (cache hit)
4085 http cache @mariozechner/pi-coding-agent@https://registry.npmjs.org/@mariozechner/pi-coding-agent/-/pi-coding-agent-0.55.3.tgz 0ms (cache hit)
4086 http cache @slack/bolt@https://registry.npmjs.org/@slack/bolt/-/bolt-4.6.0.tgz 0ms (cache hit)
4087 http cache @protobufjs/eventemitter@https://registry.npmjs.org/@protobufjs/eventemitter/-/eventemitter-1.1.0.tgz 0ms (cache hit)
4088 http cache @protobufjs/codegen@https://registry.npmjs.org/@protobufjs/codegen/-/codegen-2.0.4.tgz 1ms (cache hit)
4089 http cache @protobufjs/aspromise@https://registry.npmjs.org/@protobufjs/aspromise/-/aspromise-1.1.2.tgz 0ms (cache hit)
4090 http cache @octokit/types@https://registry.npmjs.org/@octokit/types/-/types-16.0.0.tgz 0ms (cache hit)
4091 http cache @octokit/request-error@https://registry.npmjs.org/@octokit/request-error/-/request-error-7.1.0.tgz 0ms (cache hit)
4092 http cache @protobufjs/base64@https://registry.npmjs.org/@protobufjs/base64/-/base64-1.1.2.tgz 0ms (cache hit)
4093 http cache @octokit/webhooks-methods@https://registry.npmjs.org/@octokit/webhooks-methods/-/webhooks-methods-6.0.0.tgz 0ms (cache hit)
4094 http cache @protobufjs/pool@https://registry.npmjs.org/@protobufjs/pool/-/pool-1.1.0.tgz 0ms (cache hit)
4095 http cache @octokit/plugin-paginate-rest@https://registry.npmjs.org/@octokit/plugin-paginate-rest/-/plugin-paginate-rest-14.0.0.tgz 0ms (cache hit)
4096 http cache @pinojs/redact@https://registry.npmjs.org/@pinojs/redact/-/redact-0.4.0.tgz 0ms (cache hit)
4097 http cache @octokit/plugin-throttling@https://registry.npmjs.org/@octokit/plugin-throttling/-/plugin-throttling-11.0.3.tgz 0ms (cache hit)
4098 http cache @octokit/request@https://registry.npmjs.org/@octokit/request/-/request-10.0.8.tgz 0ms (cache hit)
4099 http cache @octokit/plugin-retry@https://registry.npmjs.org/@octokit/plugin-retry/-/plugin-retry-8.1.0.tgz 0ms (cache hit)
4100 http cache @octokit/oauth-methods@https://registry.npmjs.org/@octokit/oauth-methods/-/oauth-methods-6.0.2.tgz 0ms (cache hit)
4101 http cache @octokit/openapi-types@https://registry.npmjs.org/@octokit/openapi-types/-/openapi-types-27.0.0.tgz 0ms (cache hit)
4102 http cache @octokit/openapi-webhooks-types@https://registry.npmjs.org/@octokit/openapi-webhooks-types/-/openapi-webhooks-types-12.1.0.tgz 0ms (cache hit)
4103 http cache @octokit/auth-unauthenticated@https://registry.npmjs.org/@octokit/auth-unauthenticated/-/auth-unauthenticated-7.0.3.tgz 0ms (cache hit)
4104 http cache @octokit/graphql@https://registry.npmjs.org/@octokit/graphql/-/graphql-9.0.3.tgz 0ms (cache hit)
4105 http cache @octokit/endpoint@https://registry.npmjs.org/@octokit/endpoint/-/endpoint-11.0.3.tgz 0ms (cache hit)
4106 http cache @octokit/plugin-paginate-graphql@https://registry.npmjs.org/@octokit/plugin-paginate-graphql/-/plugin-paginate-graphql-6.0.0.tgz 0ms (cache hit)
4107 http cache @octokit/auth-oauth-user@https://registry.npmjs.org/@octokit/auth-oauth-user/-/auth-oauth-user-6.0.2.tgz 0ms (cache hit)
4108 http cache @octokit/oauth-app@https://registry.npmjs.org/@octokit/oauth-app/-/oauth-app-8.0.3.tgz 0ms (cache hit)
4109 http cache @node-llama-cpp/mac-arm64-metal@https://registry.npmjs.org/@node-llama-cpp/mac-arm64-metal/-/mac-arm64-metal-3.16.2.tgz 0ms (cache hit)
4110 http cache @octokit/auth-token@https://registry.npmjs.org/@octokit/auth-token/-/auth-token-6.0.0.tgz 0ms (cache hit)
4111 http cache @octokit/auth-oauth-app@https://registry.npmjs.org/@octokit/auth-oauth-app/-/auth-oauth-app-9.0.3.tgz 0ms (cache hit)
4112 http cache @octokit/auth-oauth-device@https://registry.npmjs.org/@octokit/auth-oauth-device/-/auth-oauth-device-8.0.3.tgz 0ms (cache hit)
4113 http cache @octokit/auth-app@https://registry.npmjs.org/@octokit/auth-app/-/auth-app-8.2.0.tgz 0ms (cache hit)
4114 http cache @octokit/app@https://registry.npmjs.org/@octokit/app/-/app-16.1.2.tgz 0ms (cache hit)
4115 http cache @napi-rs/canvas@https://registry.npmjs.org/@napi-rs/canvas/-/canvas-0.1.95.tgz 0ms (cache hit)
4116 http cache @mozilla/readability@https://registry.npmjs.org/@mozilla/readability/-/readability-0.6.0.tgz 0ms (cache hit)
4117 http cache @grammyjs/runner@https://registry.npmjs.org/@grammyjs/runner/-/runner-2.0.3.tgz 0ms (cache hit)
4118 http cache @smithy/util-body-length-node@https://registry.npmjs.org/@smithy/util-body-length-node/-/util-body-length-node-4.2.2.tgz 0ms (cache hit)
4119 http cache @mistralai/mistralai@https://registry.npmjs.org/@mistralai/mistralai/-/mistralai-1.10.0.tgz 0ms (cache hit)
4120 http cache @napi-rs/canvas-darwin-arm64@https://registry.npmjs.org/@napi-rs/canvas-darwin-arm64/-/canvas-darwin-arm64-0.1.95.tgz 0ms (cache hit)
4121 http cache zod@https://registry.npmjs.org/zod/-/zod-3.25.76.tgz 0ms (cache hit)
4122 http cache @kwsites/promise-deferred@https://registry.npmjs.org/@kwsites/promise-deferred/-/promise-deferred-1.1.1.tgz 0ms (cache hit)
4123 http cache @lydell/node-pty@https://registry.npmjs.org/@lydell/node-pty/-/node-pty-1.2.0-beta.3.tgz 0ms (cache hit)
4124 http cache @mariozechner/jiti@https://registry.npmjs.org/@mariozechner/jiti/-/jiti-2.6.5.tgz 0ms (cache hit)
4125 http cache @mariozechner/pi-agent-core@https://registry.npmjs.org/@mariozechner/pi-agent-core/-/pi-agent-core-0.55.3.tgz 0ms (cache hit)
4126 http cache @mariozechner/pi-tui@https://registry.npmjs.org/@mariozechner/pi-tui/-/pi-tui-0.55.3.tgz 0ms (cache hit)
4127 http cache @lydell/node-pty-darwin-arm64@https://registry.npmjs.org/@lydell/node-pty-darwin-arm64/-/node-pty-darwin-arm64-1.2.0-beta.3.tgz 0ms (cache hit)
4128 http cache @mariozechner/pi-ai@https://registry.npmjs.org/@mariozechner/pi-ai/-/pi-ai-0.55.3.tgz 0ms (cache hit)
4129 http cache @mariozechner/clipboard-darwin-arm64@https://registry.npmjs.org/@mariozechner/clipboard-darwin-arm64/-/clipboard-darwin-arm64-0.3.2.tgz 0ms (cache hit)
4130 http cache @larksuiteoapi/node-sdk@https://registry.npmjs.org/@larksuiteoapi/node-sdk/-/node-sdk-1.59.0.tgz 0ms (cache hit)
4131 http cache @mariozechner/clipboard@https://registry.npmjs.org/@mariozechner/clipboard/-/clipboard-0.3.2.tgz 0ms (cache hit)
4132 http cache @types/node@https://registry.npmjs.org/@types/node/-/node-24.11.0.tgz 0ms (cache hit)
4133 http cache @keyv/bigmap@https://registry.npmjs.org/@keyv/bigmap/-/bigmap-1.3.1.tgz 0ms (cache hit)
4134 http cache undici-types@https://registry.npmjs.org/undici-types/-/undici-types-7.16.0.tgz 0ms (cache hit)
4135 http cache @mariozechner/clipboard-darwin-universal@https://registry.npmjs.org/@mariozechner/clipboard-darwin-universal/-/clipboard-darwin-universal-0.3.2.tgz 0ms (cache hit)
4136 http cache @kwsites/file-exists@https://registry.npmjs.org/@kwsites/file-exists/-/file-exists-1.1.1.tgz 0ms (cache hit)
4137 http cache @img/sharp-darwin-arm64@https://registry.npmjs.org/@img/sharp-darwin-arm64/-/sharp-darwin-arm64-0.34.5.tgz 0ms (cache hit)
4138 http cache @isaacs/fs-minipass@https://registry.npmjs.org/@isaacs/fs-minipass/-/fs-minipass-4.0.1.tgz 0ms (cache hit)
4139 http cache @isaacs/cliui@https://registry.npmjs.org/@isaacs/cliui/-/cliui-8.0.2.tgz 0ms (cache hit)
4140 http cache wrap-ansi@https://registry.npmjs.org/wrap-ansi/-/wrap-ansi-8.1.0.tgz 0ms (cache hit)
4141 http cache @line/bot-sdk@https://registry.npmjs.org/@line/bot-sdk/-/bot-sdk-10.6.0.tgz 0ms (cache hit)
4142 http cache @keyv/serialize@https://registry.npmjs.org/@keyv/serialize/-/serialize-1.1.1.tgz 0ms (cache hit)
4143 http cache string-width@https://registry.npmjs.org/string-width/-/string-width-5.1.2.tgz 0ms (cache hit)
4144 http cache @hono/node-server@https://registry.npmjs.org/@hono/node-server/-/node-server-1.19.9.tgz 0ms (cache hit)
4145 http cache emoji-regex@https://registry.npmjs.org/emoji-regex/-/emoji-regex-9.2.2.tgz 0ms (cache hit)
4146 http cache @huggingface/jinja@https://registry.npmjs.org/@huggingface/jinja/-/jinja-0.5.5.tgz 0ms (cache hit)
4147 http cache @img/colour@https://registry.npmjs.org/@img/colour/-/colour-1.1.0.tgz 0ms (cache hit)
4148 http cache @hapi/hoek@https://registry.npmjs.org/@hapi/hoek/-/hoek-9.3.0.tgz 0ms (cache hit)
4149 http cache @hapi/boom@https://registry.npmjs.org/@hapi/boom/-/boom-9.1.4.tgz 0ms (cache hit)
4150 http cache @discordjs/opus@https://registry.npmjs.org/@discordjs/opus/-/opus-0.10.0.tgz 0ms (cache hit)
4151 http cache minizlib@https://registry.npmjs.org/minizlib/-/minizlib-2.1.2.tgz 0ms (cache hit)
4152 http cache tar@https://registry.npmjs.org/tar/-/tar-6.2.1.tgz 0ms (cache hit)
4153 http cache @emnapi/runtime@https://registry.npmjs.org/@emnapi/runtime/-/runtime-1.8.1.tgz 0ms (cache hit)
4154 http cache yallist@https://registry.npmjs.org/yallist/-/yallist-4.0.0.tgz 0ms (cache hit)
4155 http cache minipass@https://registry.npmjs.org/minipass/-/minipass-3.3.6.tgz 0ms (cache hit)
4156 http cache @discordjs/node-pre-gyp@https://registry.npmjs.org/@discordjs/node-pre-gyp/-/node-pre-gyp-0.4.5.tgz 0ms (cache hit)
4157 http cache chownr@https://registry.npmjs.org/chownr/-/chownr-2.0.0.tgz 0ms (cache hit)
4158 http cache https-proxy-agent@https://registry.npmjs.org/https-proxy-agent/-/https-proxy-agent-5.0.1.tgz 0ms (cache hit)
4159 http cache agent-base@https://registry.npmjs.org/agent-base/-/agent-base-6.0.2.tgz 0ms (cache hit)
4160 http cache minipass@https://registry.npmjs.org/minipass/-/minipass-5.0.0.tgz 0ms (cache hit)
4161 http cache @google/genai@https://registry.npmjs.org/@google/genai/-/genai-1.43.0.tgz 0ms (cache hit)
4162 http cache @homebridge/ciao@https://registry.npmjs.org/@homebridge/ciao/-/ciao-1.3.5.tgz 0ms (cache hit)
4163 http cache @cacheable/utils@https://registry.npmjs.org/@cacheable/utils/-/utils-2.4.0.tgz 0ms (cache hit)
4164 http cache @babel/runtime@https://registry.npmjs.org/@babel/runtime/-/runtime-7.28.6.tgz 0ms (cache hit)
4165 http cache @discordjs/voice@https://registry.npmjs.org/@discordjs/voice/-/voice-0.19.0.tgz 0ms (cache hit)
4166 http cache @cloudflare/workers-types@https://registry.npmjs.org/@cloudflare/workers-types/-/workers-types-4.20260120.0.tgz 0ms (cache hit)
4167 http cache opusscript@https://registry.npmjs.org/opusscript/-/opusscript-0.0.8.tgz 0ms (cache hit)
4168 http cache prism-media@https://registry.npmjs.org/prism-media/-/prism-media-1.3.5.tgz 0ms (cache hit)
4169 http cache @aws-sdk/types@https://registry.npmjs.org/@aws-sdk/types/-/types-3.973.4.tgz 0ms (cache hit)
4170 http cache @grammyjs/types@https://registry.npmjs.org/@grammyjs/types/-/types-3.25.0.tgz 0ms (cache hit)
4171 http cache @cacheable/memory@https://registry.npmjs.org/@cacheable/memory/-/memory-2.0.8.tgz 0ms (cache hit)
4172 http cache @grammyjs/transformer-throttler@https://registry.npmjs.org/@grammyjs/transformer-throttler/-/transformer-throttler-1.2.1.tgz 0ms (cache hit)
4173 http cache @clack/prompts@https://registry.npmjs.org/@clack/prompts/-/prompts-1.0.1.tgz 0ms (cache hit)
4174 http cache @aws-sdk/util-user-agent-browser@https://registry.npmjs.org/@aws-sdk/util-user-agent-browser/-/util-user-agent-browser-3.972.6.tgz 0ms (cache hit)
4175 http cache @cacheable/node-cache@https://registry.npmjs.org/@cacheable/node-cache/-/node-cache-1.7.6.tgz 0ms (cache hit)
4176 http cache @aws-sdk/util-user-agent-node@https://registry.npmjs.org/@aws-sdk/util-user-agent-node/-/util-user-agent-node-3.973.0.tgz 0ms (cache hit)
4177 http cache @clack/core@https://registry.npmjs.org/@clack/core/-/core-1.0.1.tgz 0ms (cache hit)
4178 http cache @borewit/text-codec@https://registry.npmjs.org/@borewit/text-codec/-/text-codec-0.2.1.tgz 0ms (cache hit)
4179 http cache @buape/carbon@https://registry.npmjs.org/@buape/carbon/-/carbon-0.0.0-beta-20260216184201.tgz 0ms (cache hit)
4180 http cache @aws-sdk/nested-clients@https://registry.npmjs.org/@aws-sdk/nested-clients/-/nested-clients-3.996.3.tgz 0ms (cache hit)
4181 http cache @aws-sdk/util-locate-window@https://registry.npmjs.org/@aws-sdk/util-locate-window/-/util-locate-window-3.965.4.tgz 0ms (cache hit)
4182 http cache @aws-sdk/credential-provider-sso@https://registry.npmjs.org/@aws-sdk/credential-provider-sso/-/credential-provider-sso-3.972.13.tgz 0ms (cache hit)
4183 http cache @aws-sdk/credential-provider-login@https://registry.npmjs.org/@aws-sdk/credential-provider-login/-/credential-provider-login-3.972.13.tgz 0ms (cache hit)
4184 http cache @aws-sdk/token-providers@https://registry.npmjs.org/@aws-sdk/token-providers/-/token-providers-3.999.0.tgz 0ms (cache hit)
4185 http cache @aws-sdk/xml-builder@https://registry.npmjs.org/@aws-sdk/xml-builder/-/xml-builder-3.972.8.tgz 0ms (cache hit)
4186 http cache @aws-sdk/util-endpoints@https://registry.npmjs.org/@aws-sdk/util-endpoints/-/util-endpoints-3.996.3.tgz 0ms (cache hit)
4187 http cache @aws-sdk/util-format-url@https://registry.npmjs.org/@aws-sdk/util-format-url/-/util-format-url-3.972.6.tgz 0ms (cache hit)
4188 http cache @aws-sdk/token-providers@https://registry.npmjs.org/@aws-sdk/token-providers/-/token-providers-3.1000.0.tgz 0ms (cache hit)
4189 http cache @aws-sdk/region-config-resolver@https://registry.npmjs.org/@aws-sdk/region-config-resolver/-/region-config-resolver-3.972.6.tgz 0ms (cache hit)
4190 http cache discord-api-types@https://registry.npmjs.org/discord-api-types/-/discord-api-types-0.38.37.tgz 0ms (cache hit)
4191 http cache @aws-sdk/middleware-eventstream@https://registry.npmjs.org/@aws-sdk/middleware-eventstream/-/middleware-eventstream-3.972.6.tgz 0ms (cache hit)
4192 http cache @aws-sdk/middleware-user-agent@https://registry.npmjs.org/@aws-sdk/middleware-user-agent/-/middleware-user-agent-3.972.15.tgz 0ms (cache hit)
4193 http cache @aws-sdk/credential-provider-web-identity@https://registry.npmjs.org/@aws-sdk/credential-provider-web-identity/-/credential-provider-web-identity-3.972.13.tgz 0ms (cache hit)
4194 http cache @aws-sdk/credential-provider-process@https://registry.npmjs.org/@aws-sdk/credential-provider-process/-/credential-provider-process-3.972.13.tgz 0ms (cache hit)
4195 http cache @aws-sdk/middleware-websocket@https://registry.npmjs.org/@aws-sdk/middleware-websocket/-/middleware-websocket-3.972.10.tgz 0ms (cache hit)
4196 http cache @aws-sdk/middleware-recursion-detection@https://registry.npmjs.org/@aws-sdk/middleware-recursion-detection/-/middleware-recursion-detection-3.972.6.tgz 0ms (cache hit)
4197 http cache @aws-sdk/middleware-logger@https://registry.npmjs.org/@aws-sdk/middleware-logger/-/middleware-logger-3.972.6.tgz 0ms (cache hit)
4198 http cache @aws-sdk/middleware-host-header@https://registry.npmjs.org/@aws-sdk/middleware-host-header/-/middleware-host-header-3.972.6.tgz 0ms (cache hit)
4199 http cache @aws-sdk/credential-provider-ini@https://registry.npmjs.org/@aws-sdk/credential-provider-ini/-/credential-provider-ini-3.972.13.tgz 0ms (cache hit)
4200 http cache @aws-sdk/credential-provider-http@https://registry.npmjs.org/@aws-sdk/credential-provider-http/-/credential-provider-http-3.972.15.tgz 0ms (cache hit)
4201 http cache @aws-sdk/credential-provider-node@https://registry.npmjs.org/@aws-sdk/credential-provider-node/-/credential-provider-node-3.972.14.tgz 0ms (cache hit)
4202 http cache set-blocking@https://registry.npmjs.org/set-blocking/-/set-blocking-2.0.0.tgz 0ms (cache hit)
4203 http cache @aws-crypto/supports-web-crypto@https://registry.npmjs.org/@aws-crypto/supports-web-crypto/-/supports-web-crypto-5.2.0.tgz 0ms (cache hit)
4204 http cache @aws-sdk/core@https://registry.npmjs.org/@aws-sdk/core/-/core-3.973.15.tgz 0ms (cache hit)
4205 http cache @aws-sdk/eventstream-handler-node@https://registry.npmjs.org/@aws-sdk/eventstream-handler-node/-/eventstream-handler-node-3.972.9.tgz 0ms (cache hit)
4206 http cache @aws/lambda-invoke-store@https://registry.npmjs.org/@aws/lambda-invoke-store/-/lambda-invoke-store-0.2.3.tgz 0ms (cache hit)
4207 http cache @aws-sdk/credential-provider-env@https://registry.npmjs.org/@aws-sdk/credential-provider-env/-/credential-provider-env-3.972.13.tgz 0ms (cache hit)
4208 http cache @aws-sdk/client-bedrock-runtime@https://registry.npmjs.org/@aws-sdk/client-bedrock-runtime/-/client-bedrock-runtime-3.1000.0.tgz 0ms (cache hit)
4209 http cache slice-ansi@https://registry.npmjs.org/slice-ansi/-/slice-ansi-8.0.0.tgz 0ms (cache hit)
4210 http cache @smithy/util-utf8@https://registry.npmjs.org/@smithy/util-utf8/-/util-utf8-2.3.0.tgz 0ms (cache hit)
4211 http cache @smithy/is-array-buffer@https://registry.npmjs.org/@smithy/is-array-buffer/-/is-array-buffer-2.2.0.tgz 0ms (cache hit)
4212 http cache @smithy/util-buffer-from@https://registry.npmjs.org/@smithy/util-buffer-from/-/util-buffer-from-2.2.0.tgz 0ms (cache hit)
4213 http cache @aws-crypto/util@https://registry.npmjs.org/@aws-crypto/util/-/util-5.2.0.tgz 0ms (cache hit)
4214 http cache @img/sharp-libvips-darwin-arm64@https://registry.npmjs.org/@img/sharp-libvips-darwin-arm64/-/sharp-libvips-darwin-arm64-1.2.4.tgz 0ms (cache hit)
4215 http cache @aws-sdk/client-bedrock@https://registry.npmjs.org/@aws-sdk/client-bedrock/-/client-bedrock-3.1000.0.tgz 0ms (cache hit)
4216 http cache @smithy/util-buffer-from@https://registry.npmjs.org/@smithy/util-buffer-from/-/util-buffer-from-2.2.0.tgz 0ms (cache hit)
4217 http cache @aws-crypto/sha256-browser@https://registry.npmjs.org/@aws-crypto/sha256-browser/-/sha256-browser-5.2.0.tgz 0ms (cache hit)
4218 http cache zod-to-json-schema@https://registry.npmjs.org/zod-to-json-schema/-/zod-to-json-schema-3.25.1.tgz 0ms (cache hit)
4219 http cache @smithy/util-utf8@https://registry.npmjs.org/@smithy/util-utf8/-/util-utf8-2.3.0.tgz 0ms (cache hit)
4220 http cache yoctocolors@https://registry.npmjs.org/yoctocolors/-/yoctocolors-2.1.2.tgz 0ms (cache hit)
4221 http cache @smithy/is-array-buffer@https://registry.npmjs.org/@smithy/is-array-buffer/-/is-array-buffer-2.2.0.tgz 0ms (cache hit)
4222 http cache @aws-crypto/crc32@https://registry.npmjs.org/@aws-crypto/crc32/-/crc32-5.2.0.tgz 0ms (cache hit)
4223 http cache @agentclientprotocol/sdk@https://registry.npmjs.org/@agentclientprotocol/sdk/-/sdk-0.14.1.tgz 0ms (cache hit)
4224 http cache @anthropic-ai/sdk@https://registry.npmjs.org/@anthropic-ai/sdk/-/sdk-0.73.0.tgz 0ms (cache hit)
4225 http cache yallist@https://registry.npmjs.org/yallist/-/yallist-5.0.0.tgz 0ms (cache hit)
4226 http cache yargs@https://registry.npmjs.org/yargs/-/yargs-16.2.0.tgz 0ms (cache hit)
4227 http cache zod@https://registry.npmjs.org/zod/-/zod-4.3.6.tgz 0ms (cache hit)
4228 http cache y18n@https://registry.npmjs.org/y18n/-/y18n-5.0.8.tgz 0ms (cache hit)
4229 http cache yargs-parser@https://registry.npmjs.org/yargs-parser/-/yargs-parser-20.2.9.tgz 0ms (cache hit)
4230 http cache whatwg-url@https://registry.npmjs.org/whatwg-url/-/whatwg-url-5.0.0.tgz 0ms (cache hit)
4231 http cache yauzl@https://registry.npmjs.org/yauzl/-/yauzl-2.10.0.tgz 0ms (cache hit)
4232 http cache wrap-ansi-cjs@https://registry.npmjs.org/wrap-ansi/-/wrap-ansi-7.0.0.tgz 0ms (cache hit)
4233 http cache @aws-crypto/sha256-js@https://registry.npmjs.org/@aws-crypto/sha256-js/-/sha256-js-5.2.0.tgz 0ms (cache hit)
4234 http cache win-guid@https://registry.npmjs.org/win-guid/-/win-guid-0.2.1.tgz 0ms (cache hit)
4235 http cache strip-ansi@https://registry.npmjs.org/strip-ansi/-/strip-ansi-6.0.1.tgz 0ms (cache hit)
4236 http cache ansi-styles@https://registry.npmjs.org/ansi-styles/-/ansi-styles-4.3.0.tgz 0ms (cache hit)
4237 http cache wrap-ansi@https://registry.npmjs.org/wrap-ansi/-/wrap-ansi-7.0.0.tgz 0ms (cache hit)
4238 http cache yaml@https://registry.npmjs.org/yaml/-/yaml-2.8.2.tgz 0ms (cache hit)
4239 http cache strip-ansi@https://registry.npmjs.org/strip-ansi/-/strip-ansi-6.0.1.tgz 0ms (cache hit)
4240 http cache ansi-regex@https://registry.npmjs.org/ansi-regex/-/ansi-regex-5.0.1.tgz 0ms (cache hit)
4241 http cache ansi-styles@https://registry.npmjs.org/ansi-styles/-/ansi-styles-4.3.0.tgz 0ms (cache hit)
4242 http cache ws@https://registry.npmjs.org/ws/-/ws-8.19.0.tgz 0ms (cache hit)
4243 http cache wide-align@https://registry.npmjs.org/wide-align/-/wide-align-1.1.5.tgz 0ms (cache hit)
4244 http cache web-streams-polyfill@https://registry.npmjs.org/web-streams-polyfill/-/web-streams-polyfill-3.3.3.tgz 0ms (cache hit)
4245 http cache url-join@https://registry.npmjs.org/url-join/-/url-join-4.0.1.tgz 0ms (cache hit)
4246 http cache wrappy@https://registry.npmjs.org/wrappy/-/wrappy-1.0.2.tgz 0ms (cache hit)
4247 http cache universalify@https://registry.npmjs.org/universalify/-/universalify-2.0.1.tgz 0ms (cache hit)
4248 http cache validate-npm-package-name@https://registry.npmjs.org/validate-npm-package-name/-/validate-npm-package-name-7.0.2.tgz 0ms (cache hit)
4249 http cache which@https://registry.npmjs.org/which/-/which-6.0.1.tgz 0ms (cache hit)
4250 http cache webidl-conversions@https://registry.npmjs.org/webidl-conversions/-/webidl-conversions-3.0.1.tgz 0ms (cache hit)
4251 http cache vary@https://registry.npmjs.org/vary/-/vary-1.1.2.tgz 0ms (cache hit)
4252 http cache ansi-regex@https://registry.npmjs.org/ansi-regex/-/ansi-regex-5.0.1.tgz 0ms (cache hit)
4253 http cache util-deprecate@https://registry.npmjs.org/util-deprecate/-/util-deprecate-1.0.2.tgz 0ms (cache hit)
4254 http cache uhyphen@https://registry.npmjs.org/uhyphen/-/uhyphen-0.2.0.tgz 0ms (cache hit)
4255 http cache universal-user-agent@https://registry.npmjs.org/universal-user-agent/-/universal-user-agent-7.0.3.tgz 0ms (cache hit)
4256 http cache universal-github-app-jwt@https://registry.npmjs.org/universal-github-app-jwt/-/universal-github-app-jwt-2.2.2.tgz 0ms (cache hit)
4257 http cache undici-types@https://registry.npmjs.org/undici-types/-/undici-types-7.18.2.tgz 0ms (cache hit)
4258 http cache unpipe@https://registry.npmjs.org/unpipe/-/unpipe-1.0.0.tgz 0ms (cache hit)
4259 http cache ts-algebra@https://registry.npmjs.org/ts-algebra/-/ts-algebra-2.0.0.tgz 0ms (cache hit)
4260 http cache thenify-all@https://registry.npmjs.org/thenify-all/-/thenify-all-1.6.0.tgz 0ms (cache hit)
4261 http cache undici@https://registry.npmjs.org/undici/-/undici-7.22.0.tgz 0ms (cache hit)
4262 http cache type-is@https://registry.npmjs.org/type-is/-/type-is-2.0.1.tgz 0ms (cache hit)
4263 http cache toad-cache@https://registry.npmjs.org/toad-cache/-/toad-cache-3.7.0.tgz 0ms (cache hit)
4264 http cache uint8array-extras@https://registry.npmjs.org/uint8array-extras/-/uint8array-extras-1.5.0.tgz 0ms (cache hit)
4265 http cache tsscmp@https://registry.npmjs.org/tsscmp/-/tsscmp-1.0.6.tgz 0ms (cache hit)
4266 http cache strip-json-comments@https://registry.npmjs.org/strip-json-comments/-/strip-json-comments-2.0.1.tgz 0ms (cache hit)
4267 http cache tslog@https://registry.npmjs.org/tslog/-/tslog-4.10.2.tgz 0ms (cache hit)
4268 http cache thenify@https://registry.npmjs.org/thenify/-/thenify-3.3.1.tgz 0ms (cache hit)
4269 http cache uc.micro@https://registry.npmjs.org/uc.micro/-/uc.micro-2.1.0.tgz 0ms (cache hit)
4270 http cache tr46@https://registry.npmjs.org/tr46/-/tr46-0.0.3.tgz 0ms (cache hit)
4271 http cache token-types@https://registry.npmjs.org/token-types/-/token-types-6.1.2.tgz 0ms (cache hit)
4272 http cache toidentifier@https://registry.npmjs.org/toidentifier/-/toidentifier-1.0.1.tgz 0ms (cache hit)
4273 http cache safe-buffer@https://registry.npmjs.org/safe-buffer/-/safe-buffer-5.1.2.tgz 0ms (cache hit)
4274 http cache tar@https://registry.npmjs.org/tar/-/tar-7.5.9.tgz 0ms (cache hit)
4275 http cache string_decoder@https://registry.npmjs.org/string_decoder/-/string_decoder-1.1.1.tgz 0ms (cache hit)
4276 http cache string-width@https://registry.npmjs.org/string-width/-/string-width-4.2.3.tgz 0ms (cache hit)
4277 http cache thread-stream@https://registry.npmjs.org/thread-stream/-/thread-stream-3.1.0.tgz 0ms (cache hit)
4278 http cache supports-color@https://registry.npmjs.org/supports-color/-/supports-color-7.2.0.tgz 0ms (cache hit)
4279 http cache ansi-regex@https://registry.npmjs.org/ansi-regex/-/ansi-regex-5.0.1.tgz 0ms (cache hit)
4280 http cache strtok3@https://registry.npmjs.org/strtok3/-/strtok3-10.3.4.tgz 0ms (cache hit)
4281 http cache strip-ansi@https://registry.npmjs.org/strip-ansi/-/strip-ansi-7.2.0.tgz 0ms (cache hit)
4282 http cache is-fullwidth-code-point@https://registry.npmjs.org/is-fullwidth-code-point/-/is-fullwidth-code-point-3.0.0.tgz 0ms (cache hit)
4283 http cache tslib@https://registry.npmjs.org/tslib/-/tslib-2.8.1.tgz 0ms (cache hit)
4284 http cache strip-ansi@https://registry.npmjs.org/strip-ansi/-/strip-ansi-6.0.1.tgz 0ms (cache hit)
4285 http cache ansi-regex@https://registry.npmjs.org/ansi-regex/-/ansi-regex-5.0.1.tgz 0ms (cache hit)
4286 http cache string-width-cjs@https://registry.npmjs.org/string-width/-/string-width-4.2.3.tgz 0ms (cache hit)
4287 http cache strip-ansi@https://registry.npmjs.org/strip-ansi/-/strip-ansi-6.0.1.tgz 0ms (cache hit)
4288 http cache strnum@https://registry.npmjs.org/strnum/-/strnum-2.2.0.tgz 0ms (cache hit)
4289 http cache ansi-regex@https://registry.npmjs.org/ansi-regex/-/ansi-regex-5.0.1.tgz 0ms (cache hit)
4290 http cache stdout-update@https://registry.npmjs.org/stdout-update/-/stdout-update-4.0.1.tgz 0ms (cache hit)
4291 http cache string-width@https://registry.npmjs.org/string-width/-/string-width-7.2.0.tgz 0ms (cache hit)
4292 http cache std-env@https://registry.npmjs.org/std-env/-/std-env-3.10.0.tgz 0ms (cache hit)
4293 http cache emoji-regex@https://registry.npmjs.org/emoji-regex/-/emoji-regex-10.6.0.tgz 0ms (cache hit)
4294 http cache is-fullwidth-code-point@https://registry.npmjs.org/is-fullwidth-code-point/-/is-fullwidth-code-point-3.0.0.tgz 0ms (cache hit)
4295 http cache strip-ansi-cjs@https://registry.npmjs.org/strip-ansi/-/strip-ansi-6.0.1.tgz 0ms (cache hit)
4296 http cache steno@https://registry.npmjs.org/steno/-/steno-4.0.2.tgz 0ms (cache hit)
4297 http cache stdin-discarder@https://registry.npmjs.org/stdin-discarder/-/stdin-discarder-0.3.1.tgz 0ms (cache hit)
4298 http cache sqlite-vec@https://registry.npmjs.org/sqlite-vec/-/sqlite-vec-0.1.7-alpha.2.tgz 0ms (cache hit)
4299 http cache shebang-command@https://registry.npmjs.org/shebang-command/-/shebang-command-2.0.0.tgz 0ms (cache hit)
4300 http cache socks-proxy-agent@https://registry.npmjs.org/socks-proxy-agent/-/socks-proxy-agent-8.0.5.tgz 0ms (cache hit)
4301 http cache socks@https://registry.npmjs.org/socks/-/socks-2.8.7.tgz 0ms (cache hit)
4302 http cache statuses@https://registry.npmjs.org/statuses/-/statuses-2.0.2.tgz 0ms (cache hit)
4303 http cache source-map-support@https://registry.npmjs.org/source-map-support/-/source-map-support-0.5.21.tgz 0ms (cache hit)
4304 http cache source-map@https://registry.npmjs.org/source-map/-/source-map-0.6.1.tgz 0ms (cache hit)
4305 http cache smart-buffer@https://registry.npmjs.org/smart-buffer/-/smart-buffer-4.2.0.tgz 0ms (cache hit)
4306 http cache split2@https://registry.npmjs.org/split2/-/split2-4.2.0.tgz 0ms (cache hit)
4307 http cache sonic-boom@https://registry.npmjs.org/sonic-boom/-/sonic-boom-4.2.1.tgz 0ms (cache hit)
4308 http cache sleep-promise@https://registry.npmjs.org/sleep-promise/-/sleep-promise-9.1.0.tgz 0ms (cache hit)
4309 http cache sharp@https://registry.npmjs.org/sharp/-/sharp-0.34.5.tgz 0ms (cache hit)
4310 http cache restore-cursor@https://registry.npmjs.org/restore-cursor/-/restore-cursor-5.1.0.tgz 0ms (cache hit)
4311 http cache simple-git@https://registry.npmjs.org/simple-git/-/simple-git-3.32.3.tgz 0ms (cache hit)
4312 http cache shebang-regex@https://registry.npmjs.org/shebang-regex/-/shebang-regex-3.0.0.tgz 0ms (cache hit)
4313 http cache signal-exit@https://registry.npmjs.org/signal-exit/-/signal-exit-3.0.7.tgz 0ms (cache hit)
4314 http cache signal-exit@https://registry.npmjs.org/signal-exit/-/signal-exit-4.1.0.tgz 0ms (cache hit)
4315 http cache side-channel-list@https://registry.npmjs.org/side-channel-list/-/side-channel-list-1.0.0.tgz 0ms (cache hit)
4316 http cache side-channel-map@https://registry.npmjs.org/side-channel-map/-/side-channel-map-1.0.1.tgz 0ms (cache hit)
4317 http cache sisteransi@https://registry.npmjs.org/sisteransi/-/sisteransi-1.0.5.tgz 0ms (cache hit)
4318 http cache side-channel-weakmap@https://registry.npmjs.org/side-channel-weakmap/-/side-channel-weakmap-1.0.2.tgz 0ms (cache hit)
4319 http cache minimatch@https://registry.npmjs.org/minimatch/-/minimatch-3.1.5.tgz 0ms (cache hit)
4320 http cache brace-expansion@https://registry.npmjs.org/brace-expansion/-/brace-expansion-1.1.12.tgz 0ms (cache hit)
4321 http cache rimraf@https://registry.npmjs.org/rimraf/-/rimraf-3.0.2.tgz 0ms (cache hit)
4322 http cache glob@https://registry.npmjs.org/glob/-/glob-7.2.3.tgz 0ms (cache hit)
4323 http cache setprototypeof@https://registry.npmjs.org/setprototypeof/-/setprototypeof-1.2.0.tgz 0ms (cache hit)
4324 http cache sqlite-vec-darwin-arm64@https://registry.npmjs.org/sqlite-vec-darwin-arm64/-/sqlite-vec-darwin-arm64-0.1.7-alpha.2.tgz 0ms (cache hit)
4325 http cache require-from-string@https://registry.npmjs.org/require-from-string/-/require-from-string-2.0.2.tgz 0ms (cache hit)
4326 http cache balanced-match@https://registry.npmjs.org/balanced-match/-/balanced-match-1.0.2.tgz 0ms (cache hit)
4327 http cache side-channel@https://registry.npmjs.org/side-channel/-/side-channel-1.1.0.tgz 0ms (cache hit)
4328 http cache serve-static@https://registry.npmjs.org/serve-static/-/serve-static-2.2.1.tgz 0ms (cache hit)
4329 http cache real-require@https://registry.npmjs.org/real-require/-/real-require-0.2.0.tgz 0ms (cache hit)
4330 http cache semver@https://registry.npmjs.org/semver/-/semver-7.7.4.tgz 0ms (cache hit)
4331 http cache setimmediate@https://registry.npmjs.org/setimmediate/-/setimmediate-1.0.5.tgz 0ms (cache hit)
4332 http cache send@https://registry.npmjs.org/send/-/send-1.2.1.tgz 0ms (cache hit)
4333 http cache safer-buffer@https://registry.npmjs.org/safer-buffer/-/safer-buffer-2.1.2.tgz 0ms (cache hit)
4334 http cache require-directory@https://registry.npmjs.org/require-directory/-/require-directory-2.1.1.tgz 0ms (cache hit)
4335 http cache router@https://registry.npmjs.org/router/-/router-2.2.0.tgz 0ms (cache hit)
4336 http cache retry@https://registry.npmjs.org/retry/-/retry-0.13.1.tgz 0ms (cache hit)
4337 http cache safe-stable-stringify@https://registry.npmjs.org/safe-stable-stringify/-/safe-stable-stringify-2.5.0.tgz 0ms (cache hit)
4338 http cache pretty-ms@https://registry.npmjs.org/pretty-ms/-/pretty-ms-9.3.0.tgz 0ms (cache hit)
4339 http cache proxy-agent@https://registry.npmjs.org/proxy-agent/-/proxy-agent-6.5.0.tgz 0ms (cache hit)
4340 http cache readable-stream@https://registry.npmjs.org/readable-stream/-/readable-stream-2.3.8.tgz 0ms (cache hit)
4341 http cache safe-buffer@https://registry.npmjs.org/safe-buffer/-/safe-buffer-5.2.1.tgz 0ms (cache hit)
4342 http cache readdirp@https://registry.npmjs.org/readdirp/-/readdirp-5.0.0.tgz 0ms (cache hit)
4343 http cache lru-cache@https://registry.npmjs.org/lru-cache/-/lru-cache-7.18.3.tgz 0ms (cache hit)
4344 http cache quick-format-unescaped@https://registry.npmjs.org/quick-format-unescaped/-/quick-format-unescaped-4.0.4.tgz 0ms (cache hit)
4345 http cache rc@https://registry.npmjs.org/rc/-/rc-1.2.8.tgz 0ms (cache hit)
4346 http cache safe-buffer@https://registry.npmjs.org/safe-buffer/-/safe-buffer-5.1.2.tgz 0ms (cache hit)
4347 http cache range-parser@https://registry.npmjs.org/range-parser/-/range-parser-1.2.1.tgz 0ms (cache hit)
4348 http cache raw-body@https://registry.npmjs.org/raw-body/-/raw-body-3.0.2.tgz 0ms (cache hit)
4349 http cache qified@https://registry.npmjs.org/qified/-/qified-0.6.0.tgz 0ms (cache hit)
4350 http cache qrcode-terminal@https://registry.npmjs.org/qrcode-terminal/-/qrcode-terminal-0.12.0.tgz 0ms (cache hit)
4351 http cache process-warning@https://registry.npmjs.org/process-warning/-/process-warning-5.0.0.tgz 0ms (cache hit)
4352 http cache picocolors@https://registry.npmjs.org/picocolors/-/picocolors-1.1.1.tgz 0ms (cache hit)
4353 http cache process-nextick-args@https://registry.npmjs.org/process-nextick-args/-/process-nextick-args-2.0.1.tgz 0ms (cache hit)
4354 http cache punycode.js@https://registry.npmjs.org/punycode.js/-/punycode.js-2.3.1.tgz 0ms (cache hit)
4355 http cache proxy-from-env@https://registry.npmjs.org/proxy-from-env/-/proxy-from-env-1.1.0.tgz 0ms (cache hit)
4356 http cache pump@https://registry.npmjs.org/pump/-/pump-3.0.4.tgz 0ms (cache hit)
4357 http cache protobufjs@https://registry.npmjs.org/protobufjs/-/protobufjs-7.5.4.tgz 0ms (cache hit)
4358 http cache playwright-core@https://registry.npmjs.org/playwright-core/-/playwright-core-1.58.2.tgz 0ms (cache hit)
4359 http cache pretty-bytes@https://registry.npmjs.org/pretty-bytes/-/pretty-bytes-6.1.1.tgz 0ms (cache hit)
4360 http cache ipaddr.js@https://registry.npmjs.org/ipaddr.js/-/ipaddr.js-1.9.1.tgz 0ms (cache hit)
4361 http cache proxy-addr@https://registry.npmjs.org/proxy-addr/-/proxy-addr-2.0.7.tgz 0ms (cache hit)
4362 http cache qs@https://registry.npmjs.org/qs/-/qs-6.15.0.tgz 0ms (cache hit)
4363 http cache proper-lockfile@https://registry.npmjs.org/proper-lockfile/-/proper-lockfile-4.1.2.tgz 0ms (cache hit)
4364 http cache path-key@https://registry.npmjs.org/path-key/-/path-key-3.1.1.tgz 0ms (cache hit)
4365 http cache retry@https://registry.npmjs.org/retry/-/retry-0.12.0.tgz 0ms (cache hit)
4366 http cache pdfjs-dist@https://registry.npmjs.org/pdfjs-dist/-/pdfjs-dist-5.5.207.tgz 0ms (cache hit)
4367 http cache pend@https://registry.npmjs.org/pend/-/pend-1.2.0.tgz 0ms (cache hit)
4368 http cache pino-std-serializers@https://registry.npmjs.org/pino-std-serializers/-/pino-std-serializers-7.1.0.tgz 0ms (cache hit)
4369 http cache pino@https://registry.npmjs.org/pino/-/pino-9.14.0.tgz 0ms (cache hit)
4370 http cache path-scurry@https://registry.npmjs.org/path-scurry/-/path-scurry-2.0.2.tgz 0ms (cache hit)
4371 http cache parse-ms@https://registry.npmjs.org/parse-ms/-/parse-ms-4.0.0.tgz 0ms (cache hit)
4372 http cache path-to-regexp@https://registry.npmjs.org/path-to-regexp/-/path-to-regexp-8.3.0.tgz 0ms (cache hit)
4373 http cache p-timeout@https://registry.npmjs.org/p-timeout/-/p-timeout-3.2.0.tgz 0ms (cache hit)
4374 http cache package-json-from-dist@https://registry.npmjs.org/package-json-from-dist/-/package-json-from-dist-1.0.1.tgz 0ms (cache hit)
4375 http cache parse5-htmlparser2-tree-adapter@https://registry.npmjs.org/parse5-htmlparser2-tree-adapter/-/parse5-htmlparser2-tree-adapter-6.0.1.tgz 0ms (cache hit)
4376 http cache parse5@https://registry.npmjs.org/parse5/-/parse5-6.0.1.tgz 0ms (cache hit)
4377 http cache path-is-absolute@https://registry.npmjs.org/path-is-absolute/-/path-is-absolute-1.0.1.tgz 0ms (cache hit)
4378 http cache partial-json@https://registry.npmjs.org/partial-json/-/partial-json-0.1.7.tgz 0ms (cache hit)
4379 http cache pac-proxy-agent@https://registry.npmjs.org/pac-proxy-agent/-/pac-proxy-agent-7.2.0.tgz 0ms (cache hit)
4380 http cache pac-resolver@https://registry.npmjs.org/pac-resolver/-/pac-resolver-7.0.1.tgz 0ms (cache hit)
4381 http cache pako@https://registry.npmjs.org/pako/-/pako-1.0.11.tgz 0ms (cache hit)
4382 http cache parseurl@https://registry.npmjs.org/parseurl/-/parseurl-1.3.3.tgz 0ms (cache hit)
4383 http cache ora@https://registry.npmjs.org/ora/-/ora-9.3.0.tgz 0ms (cache hit)
4384 http cache node-domexception@https://registry.npmjs.org/@nolyfill/domexception/-/domexception-1.0.28.tgz 0ms (cache hit)
4385 http cache cli-spinners@https://registry.npmjs.org/cli-spinners/-/cli-spinners-3.4.0.tgz 0ms (cache hit)
4386 http cache onetime@https://registry.npmjs.org/onetime/-/onetime-7.0.0.tgz 0ms (cache hit)
4387 http cache p-finally@https://registry.npmjs.org/p-finally/-/p-finally-1.0.0.tgz 0ms (cache hit)
4388 http cache string-width@https://registry.npmjs.org/string-width/-/string-width-8.2.0.tgz 0ms (cache hit)
4389 http cache p-queue@https://registry.npmjs.org/p-queue/-/p-queue-6.6.2.tgz 0ms (cache hit)
4390 http cache p-retry@https://registry.npmjs.org/p-retry/-/p-retry-4.6.2.tgz 0ms (cache hit)
4391 http cache object-assign@https://registry.npmjs.org/object-assign/-/object-assign-4.1.1.tgz 0ms (cache hit)
4392 http cache eventemitter3@https://registry.npmjs.org/eventemitter3/-/eventemitter3-4.0.7.tgz 0ms (cache hit)
4393 http cache openai@https://registry.npmjs.org/openai/-/openai-6.10.0.tgz 0ms (cache hit)
4394 http cache nopt@https://registry.npmjs.org/nopt/-/nopt-5.0.0.tgz 0ms (cache hit)
4395 http cache once@https://registry.npmjs.org/once/-/once-1.4.0.tgz 0ms (cache hit)
4396 http cache opusscript@https://registry.npmjs.org/opusscript/-/opusscript-0.1.1.tgz 0ms (cache hit)
4397 http cache parse5@https://registry.npmjs.org/parse5/-/parse5-5.1.1.tgz 0ms (cache hit)
4398 http cache npmlog@https://registry.npmjs.org/npmlog/-/npmlog-5.0.1.tgz 0ms (cache hit)
4399 http cache on-exit-leak-free@https://registry.npmjs.org/on-exit-leak-free/-/on-exit-leak-free-2.1.2.tgz 0ms (cache hit)
4400 http cache on-finished@https://registry.npmjs.org/on-finished/-/on-finished-2.4.1.tgz 0ms (cache hit)
4401 http cache node-addon-api@https://registry.npmjs.org/node-addon-api/-/node-addon-api-8.6.0.tgz 0ms (cache hit)
4402 http cache nth-check@https://registry.npmjs.org/nth-check/-/nth-check-2.1.1.tgz 0ms (cache hit)
4403 http cache object-inspect@https://registry.npmjs.org/object-inspect/-/object-inspect-1.13.4.tgz 0ms (cache hit)
4404 http cache octokit@https://registry.npmjs.org/octokit/-/octokit-5.0.5.tgz 0ms (cache hit)
4405 http cache node-llama-cpp@https://registry.npmjs.org/node-llama-cpp/-/node-llama-cpp-3.16.2.tgz 0ms (cache hit)
4406 http cache osc-progress@https://registry.npmjs.org/osc-progress/-/osc-progress-0.3.0.tgz 0ms (cache hit)
4407 http cache yargs-parser@https://registry.npmjs.org/yargs-parser/-/yargs-parser-21.1.1.tgz 0ms (cache hit)
4408 http cache cliui@https://registry.npmjs.org/cliui/-/cliui-8.0.1.tgz 0ms (cache hit)
4409 http cache strip-ansi@https://registry.npmjs.org/strip-ansi/-/strip-ansi-6.0.1.tgz 0ms (cache hit)
4410 http cache node-readable-to-web-readable-stream@https://registry.npmjs.org/node-readable-to-web-readable-stream/-/node-readable-to-web-readable-stream-0.4.2.tgz 0ms (cache hit)
4411 http cache netmask@https://registry.npmjs.org/netmask/-/netmask-2.0.2.tgz 0ms (cache hit)
4412 http cache yargs@https://registry.npmjs.org/yargs/-/yargs-17.7.2.tgz 0ms (cache hit)
4413 http cache node-fetch@https://registry.npmjs.org/node-fetch/-/node-fetch-2.7.0.tgz 0ms (cache hit)
4414 http cache music-metadata@https://registry.npmjs.org/music-metadata/-/music-metadata-11.12.1.tgz 0ms (cache hit)
4415 http cache ansi-regex@https://registry.npmjs.org/ansi-regex/-/ansi-regex-5.0.1.tgz 0ms (cache hit)
4416 http cache node-api-headers@https://registry.npmjs.org/node-api-headers/-/node-api-headers-1.8.0.tgz 0ms (cache hit)
4417 http cache ansi-regex@https://registry.npmjs.org/ansi-regex/-/ansi-regex-5.0.1.tgz 0ms (cache hit)
4418 http cache cliui@https://registry.npmjs.org/cliui/-/cliui-8.0.1.tgz 0ms (cache hit)
4419 http cache yargs-parser@https://registry.npmjs.org/yargs-parser/-/yargs-parser-21.1.1.tgz 0ms (cache hit)
4420 http cache yargs@https://registry.npmjs.org/yargs/-/yargs-17.7.2.tgz 0ms (cache hit)
4421 http cache marked@https://registry.npmjs.org/marked/-/marked-15.0.12.tgz 0ms (cache hit)
4422 http cache node-edge-tts@https://registry.npmjs.org/node-edge-tts/-/node-edge-tts-1.2.10.tgz 0ms (cache hit)
4423 http cache nanoid@https://registry.npmjs.org/nanoid/-/nanoid-5.1.6.tgz 0ms (cache hit)
4424 http cache mz@https://registry.npmjs.org/mz/-/mz-2.7.0.tgz 1ms (cache hit)
4425 http cache mkdirp@https://registry.npmjs.org/mkdirp/-/mkdirp-1.0.4.tgz 0ms (cache hit)
4426 http cache minimist@https://registry.npmjs.org/minimist/-/minimist-1.2.8.tgz 0ms (cache hit)
4427 http cache negotiator@https://registry.npmjs.org/negotiator/-/negotiator-1.0.0.tgz 0ms (cache hit)
4428 http cache minizlib@https://registry.npmjs.org/minizlib/-/minizlib-3.1.0.tgz 0ms (cache hit)
4429 http cache ms@https://registry.npmjs.org/ms/-/ms-2.1.3.tgz 0ms (cache hit)
4430 http cache strip-ansi@https://registry.npmjs.org/strip-ansi/-/strip-ansi-6.0.1.tgz 0ms (cache hit)
4431 http cache minimatch@https://registry.npmjs.org/minimatch/-/minimatch-10.2.4.tgz 0ms (cache hit)
4432 http cache mime-db@https://registry.npmjs.org/mime-db/-/mime-db-1.54.0.tgz 0ms (cache hit)
4433 http cache mimic-function@https://registry.npmjs.org/mimic-function/-/mimic-function-5.0.1.tgz 0ms (cache hit)
4434 http cache mime-types@https://registry.npmjs.org/mime-types/-/mime-types-3.0.2.tgz 0ms (cache hit)
4435 http cache minipass@https://registry.npmjs.org/minipass/-/minipass-7.1.3.tgz 0ms (cache hit)
4436 http cache lowdb@https://registry.npmjs.org/lowdb/-/lowdb-7.0.1.tgz 0ms (cache hit)
4437 http cache pino-abstract-transport@https://registry.npmjs.org/pino-abstract-transport/-/pino-abstract-transport-2.0.0.tgz 0ms (cache hit)
4438 http cache mdurl@https://registry.npmjs.org/mdurl/-/mdurl-2.0.0.tgz 0ms (cache hit)
4439 http cache make-dir@https://registry.npmjs.org/make-dir/-/make-dir-3.1.0.tgz 0ms (cache hit)
4440 http cache semver@https://registry.npmjs.org/semver/-/semver-6.3.1.tgz 0ms (cache hit)
4441 http cache media-typer@https://registry.npmjs.org/media-typer/-/media-typer-1.1.0.tgz 0ms (cache hit)
4442 http cache merge-descriptors@https://registry.npmjs.org/merge-descriptors/-/merge-descriptors-2.0.0.tgz 0ms (cache hit)
4443 http cache markdown-it@https://registry.npmjs.org/markdown-it/-/markdown-it-14.1.1.tgz 0ms (cache hit)
4444 http cache math-intrinsics@https://registry.npmjs.org/math-intrinsics/-/math-intrinsics-1.1.0.tgz 0ms (cache hit)
4445 http cache get-proto@https://registry.npmjs.org/get-proto/-/get-proto-1.0.1.tgz 0ms (cache hit)
4446 http cache lru-cache@https://registry.npmjs.org/lru-cache/-/lru-cache-11.2.6.tgz 0ms (cache hit)
4447 http cache log-symbols@https://registry.npmjs.org/log-symbols/-/log-symbols-7.0.1.tgz 0ms (cache hit)
4448 http cache lodash.merge@https://registry.npmjs.org/lodash.merge/-/lodash.merge-4.6.2.tgz 0ms (cache hit)
4449 http cache lodash.identity@https://registry.npmjs.org/lodash.identity/-/lodash.identity-3.0.0.tgz 0ms (cache hit)
4450 http cache lodash.pickby@https://registry.npmjs.org/lodash.pickby/-/lodash.pickby-4.6.0.tgz 0ms (cache hit)
4451 http cache lodash.isstring@https://registry.npmjs.org/lodash.isstring/-/lodash.isstring-4.0.1.tgz 0ms (cache hit)
4452 http cache lodash.once@https://registry.npmjs.org/lodash.once/-/lodash.once-4.1.1.tgz 0ms (cache hit)
4453 http cache lodash.isinteger@https://registry.npmjs.org/lodash.isinteger/-/lodash.isinteger-4.0.4.tgz 0ms (cache hit)
4454 http cache long@https://registry.npmjs.org/long/-/long-5.3.2.tgz 0ms (cache hit)
4455 http cache lodash.isnumber@https://registry.npmjs.org/lodash.isnumber/-/lodash.isnumber-3.0.3.tgz 0ms (cache hit)
4456 http cache lodash.isboolean@https://registry.npmjs.org/lodash.isboolean/-/lodash.isboolean-3.0.3.tgz 0ms (cache hit)
4457 http cache linkedom@https://registry.npmjs.org/linkedom/-/linkedom-0.18.12.tgz 0ms (cache hit)
4458 http cache lifecycle-utils@https://registry.npmjs.org/lifecycle-utils/-/lifecycle-utils-3.1.1.tgz 0ms (cache hit)
4459 http cache lodash.debounce@https://registry.npmjs.org/lodash.debounce/-/lodash.debounce-4.0.8.tgz 0ms (cache hit)
4460 http cache lodash.includes@https://registry.npmjs.org/lodash.includes/-/lodash.includes-4.3.0.tgz 0ms (cache hit)
4461 http cache koffi@https://registry.npmjs.org/koffi/-/koffi-2.15.1.tgz 0ms (cache hit)
4462 http cache lie@https://registry.npmjs.org/lie/-/lie-3.3.0.tgz 0ms (cache hit)
4463 http cache linkify-it@https://registry.npmjs.org/linkify-it/-/linkify-it-5.0.0.tgz 0ms (cache hit)
4464 http cache long@https://registry.npmjs.org/long/-/long-4.0.0.tgz 0ms (cache hit)
4465 http cache @types/node@https://registry.npmjs.org/@types/node/-/node-10.17.60.tgz 0ms (cache hit)
4466 http cache protobufjs@https://registry.npmjs.org/protobufjs/-/protobufjs-6.8.8.tgz 0ms (cache hit)
4467 http cache json-schema-to-ts@https://registry.npmjs.org/json-schema-to-ts/-/json-schema-to-ts-3.1.1.tgz 0ms (cache hit)
4468 http cache keyv@https://registry.npmjs.org/keyv/-/keyv-5.6.0.tgz 0ms (cache hit)
4469 http cache jszip@https://registry.npmjs.org/jszip/-/jszip-3.10.1.tgz 0ms (cache hit)
4470 http cache jwa@https://registry.npmjs.org/jwa/-/jwa-2.0.1.tgz 0ms (cache hit)
4471 http cache jsonwebtoken@https://registry.npmjs.org/jsonwebtoken/-/jsonwebtoken-9.0.3.tgz 0ms (cache hit)
4472 http cache jackspeak@https://registry.npmjs.org/jackspeak/-/jackspeak-3.4.3.tgz 0ms (cache hit)
4473 http cache json-schema-traverse@https://registry.npmjs.org/json-schema-traverse/-/json-schema-traverse-1.0.0.tgz 0ms (cache hit)
4474 http cache jiti@https://registry.npmjs.org/jiti/-/jiti-2.6.1.tgz 0ms (cache hit)
4475 http cache json5@https://registry.npmjs.org/json5/-/json5-2.2.3.tgz 0ms (cache hit)
4476 http cache json-bigint@https://registry.npmjs.org/json-bigint/-/json-bigint-1.0.0.tgz 0ms (cache hit)
4477 http cache slice-ansi@https://registry.npmjs.org/slice-ansi/-/slice-ansi-7.1.2.tgz 0ms (cache hit)
4478 http cache jws@https://registry.npmjs.org/jws/-/jws-4.0.1.tgz 0ms (cache hit)
4479 http cache commander@https://registry.npmjs.org/commander/-/commander-10.0.1.tgz 0ms (cache hit)
4480 http cache isexe@https://registry.npmjs.org/isexe/-/isexe-4.0.0.tgz 0ms (cache hit)
4481 http cache ipull@https://registry.npmjs.org/ipull/-/ipull-3.9.5.tgz 0ms (cache hit)
4482 http cache is-interactive@https://registry.npmjs.org/is-interactive/-/is-interactive-2.0.0.tgz 0ms (cache hit)
4483 http cache parse-ms@https://registry.npmjs.org/parse-ms/-/parse-ms-3.0.0.tgz 0ms (cache hit)
4484 http cache is-unicode-supported@https://registry.npmjs.org/is-unicode-supported/-/is-unicode-supported-2.1.0.tgz 0ms (cache hit)
4485 http cache isarray@https://registry.npmjs.org/isarray/-/isarray-1.0.0.tgz 0ms (cache hit)
4486 http cache is-stream@https://registry.npmjs.org/is-stream/-/is-stream-2.0.1.tgz 0ms (cache hit)
4487 http cache ip-address@https://registry.npmjs.org/ip-address/-/ip-address-10.1.0.tgz 0ms (cache hit)
4488 http cache pretty-ms@https://registry.npmjs.org/pretty-ms/-/pretty-ms-8.0.0.tgz 0ms (cache hit)
4489 http cache immediate@https://registry.npmjs.org/immediate/-/immediate-3.0.6.tgz 0ms (cache hit)
4490 http cache is-promise@https://registry.npmjs.org/is-promise/-/is-promise-4.0.0.tgz 0ms (cache hit)
4491 http cache ipaddr.js@https://registry.npmjs.org/ipaddr.js/-/ipaddr.js-2.3.0.tgz 0ms (cache hit)
4492 http cache is-electron@https://registry.npmjs.org/is-electron/-/is-electron-2.2.2.tgz 0ms (cache hit)
4493 http cache ini@https://registry.npmjs.org/ini/-/ini-1.3.8.tgz 0ms (cache hit)
4494 http cache htmlparser2@https://registry.npmjs.org/htmlparser2/-/htmlparser2-10.1.0.tgz 0ms (cache hit)
4495 http cache lifecycle-utils@https://registry.npmjs.org/lifecycle-utils/-/lifecycle-utils-2.1.0.tgz 0ms (cache hit)
4496 http cache is-fullwidth-code-point@https://registry.npmjs.org/is-fullwidth-code-point/-/is-fullwidth-code-point-5.1.0.tgz 0ms (cache hit)
4497 http cache entities@https://registry.npmjs.org/entities/-/entities-7.0.1.tgz 0ms (cache hit)
4498 http cache iconv-lite@https://registry.npmjs.org/iconv-lite/-/iconv-lite-0.7.2.tgz 0ms (cache hit)
4499 http cache inflight@https://registry.npmjs.org/inflight/-/inflight-1.0.6.tgz 0ms (cache hit)
4500 http cache ieee754@https://registry.npmjs.org/ieee754/-/ieee754-1.2.1.tgz 0ms (cache hit)
4501 http cache http-proxy-agent@https://registry.npmjs.org/http-proxy-agent/-/http-proxy-agent-7.0.2.tgz 0ms (cache hit)
4502 http cache ignore@https://registry.npmjs.org/ignore/-/ignore-7.0.5.tgz 0ms (cache hit)
4503 http cache inherits@https://registry.npmjs.org/inherits/-/inherits-2.0.4.tgz 0ms (cache hit)
4504 http cache hono@https://registry.npmjs.org/hono/-/hono-4.12.3.tgz 0ms (cache hit)
4505 http cache html-escaper@https://registry.npmjs.org/html-escaper/-/html-escaper-3.0.3.tgz 0ms (cache hit)
4506 http cache gauge@https://registry.npmjs.org/gauge/-/gauge-3.0.2.tgz 0ms (cache hit)
4507 http cache hosted-git-info@https://registry.npmjs.org/hosted-git-info/-/hosted-git-info-9.0.2.tgz 0ms (cache hit)
4508 http cache http-errors@https://registry.npmjs.org/http-errors/-/http-errors-2.0.1.tgz 0ms (cache hit)
4509 http cache strip-ansi@https://registry.npmjs.org/strip-ansi/-/strip-ansi-6.0.1.tgz 0ms (cache hit)
4510 http cache https-proxy-agent@https://registry.npmjs.org/https-proxy-agent/-/https-proxy-agent-7.0.6.tgz 0ms (cache hit)
4511 http cache highlight.js@https://registry.npmjs.org/highlight.js/-/highlight.js-10.7.3.tgz 0ms (cache hit)
4512 http cache ansi-regex@https://registry.npmjs.org/ansi-regex/-/ansi-regex-5.0.1.tgz 0ms (cache hit)
4513 http cache get-caller-file@https://registry.npmjs.org/get-caller-file/-/get-caller-file-2.0.5.tgz 0ms (cache hit)
4514 http cache has-unicode@https://registry.npmjs.org/has-unicode/-/has-unicode-2.0.1.tgz 0ms (cache hit)
4515 http cache google-logging-utils@https://registry.npmjs.org/google-logging-utils/-/google-logging-utils-1.1.3.tgz 0ms (cache hit)
4516 http cache hasown@https://registry.npmjs.org/hasown/-/hasown-2.0.2.tgz 0ms (cache hit)
4517 http cache lodash.isplainobject@https://registry.npmjs.org/lodash.isplainobject/-/lodash.isplainobject-4.0.6.tgz 0ms (cache hit)
4518 http cache get-uri@https://registry.npmjs.org/get-uri/-/get-uri-6.0.5.tgz 0ms (cache hit)
4519 http cache hookified@https://registry.npmjs.org/hookified/-/hookified-1.15.1.tgz 0ms (cache hit)
4520 http cache get-east-asian-width@https://registry.npmjs.org/get-east-asian-width/-/get-east-asian-width-1.5.0.tgz 0ms (cache hit)
4521 http cache has-tostringtag@https://registry.npmjs.org/has-tostringtag/-/has-tostringtag-1.0.2.tgz 0ms (cache hit)
4522 http cache has-symbols@https://registry.npmjs.org/has-symbols/-/has-symbols-1.1.0.tgz 0ms (cache hit)
4523 http cache has-flag@https://registry.npmjs.org/has-flag/-/has-flag-4.0.0.tgz 0ms (cache hit)
4524 http cache grammy@https://registry.npmjs.org/grammy/-/grammy-1.41.1.tgz 0ms (cache hit)
4525 http cache jsonfile@https://registry.npmjs.org/jsonfile/-/jsonfile-6.2.0.tgz 0ms (cache hit)
4526 http cache graceful-fs@https://registry.npmjs.org/graceful-fs/-/graceful-fs-4.2.11.tgz 0ms (cache hit)
4527 http cache hashery@https://registry.npmjs.org/hashery/-/hashery-1.5.0.tgz 0ms (cache hit)
4528 http cache fs-minipass@https://registry.npmjs.org/fs-minipass/-/fs-minipass-2.1.0.tgz 0ms (cache hit)
4529 http cache gopd@https://registry.npmjs.org/gopd/-/gopd-1.2.0.tgz 0ms (cache hit)
4530 http cache minipass@https://registry.npmjs.org/minipass/-/minipass-3.3.6.tgz 0ms (cache hit)
4531 http cache google-auth-library@https://registry.npmjs.org/google-auth-library/-/google-auth-library-10.6.1.tgz 0ms (cache hit)
4532 http cache filenamify@https://registry.npmjs.org/filenamify/-/filenamify-6.0.0.tgz 0ms (cache hit)
4533 http cache get-intrinsic@https://registry.npmjs.org/get-intrinsic/-/get-intrinsic-1.3.0.tgz 0ms (cache hit)
4534 http cache gaxios@https://registry.npmjs.org/gaxios/-/gaxios-7.1.3.tgz 0ms (cache hit)
4535 http cache brace-expansion@https://registry.npmjs.org/brace-expansion/-/brace-expansion-2.0.2.tgz 0ms (cache hit)
4536 http cache glob@https://registry.npmjs.org/glob/-/glob-13.0.6.tgz 0ms (cache hit)
4537 http cache yallist@https://registry.npmjs.org/yallist/-/yallist-4.0.0.tgz 0ms (cache hit)
4538 http cache rimraf@https://registry.npmjs.org/rimraf/-/rimraf-5.0.10.tgz 0ms (cache hit)
4539 http cache balanced-match@https://registry.npmjs.org/balanced-match/-/balanced-match-1.0.2.tgz 0ms (cache hit)
4540 http cache node-fetch@https://registry.npmjs.org/node-fetch/-/node-fetch-3.3.2.tgz 0ms (cache hit)
4541 http cache minimatch@https://registry.npmjs.org/minimatch/-/minimatch-9.0.9.tgz 0ms (cache hit)
4542 http cache lru-cache@https://registry.npmjs.org/lru-cache/-/lru-cache-10.4.3.tgz 0ms (cache hit)
4543 http cache path-scurry@https://registry.npmjs.org/path-scurry/-/path-scurry-1.11.1.tgz 0ms (cache hit)
4544 http cache glob@https://registry.npmjs.org/glob/-/glob-10.5.0.tgz 0ms (cache hit)
4545 http cache get-stream@https://registry.npmjs.org/get-stream/-/get-stream-5.2.0.tgz 0ms (cache hit)
4546 http cache json-with-bigint@https://registry.npmjs.org/json-with-bigint/-/json-with-bigint-3.5.7.tgz 0ms (cache hit)
4547 http cache fs.realpath@https://registry.npmjs.org/fs.realpath/-/fs.realpath-1.0.0.tgz 0ms (cache hit)
4548 http cache formdata-polyfill@https://registry.npmjs.org/formdata-polyfill/-/formdata-polyfill-4.0.10.tgz 0ms (cache hit)
4549 http cache data-uri-to-buffer@https://registry.npmjs.org/data-uri-to-buffer/-/data-uri-to-buffer-4.0.1.tgz 0ms (cache hit)
4550 http cache fs-extra@https://registry.npmjs.org/fs-extra/-/fs-extra-11.3.3.tgz 0ms (cache hit)
4551 http cache foreground-child@https://registry.npmjs.org/foreground-child/-/foreground-child-3.3.1.tgz 0ms (cache hit)
4552 http cache fresh@https://registry.npmjs.org/fresh/-/fresh-2.0.0.tgz 0ms (cache hit)
4553 http cache signal-exit@https://registry.npmjs.org/signal-exit/-/signal-exit-4.1.0.tgz 0ms (cache hit)
4554 http cache gcp-metadata@https://registry.npmjs.org/gcp-metadata/-/gcp-metadata-8.1.2.tgz 0ms (cache hit)
4555 http cache fast-content-type-parse@https://registry.npmjs.org/fast-content-type-parse/-/fast-content-type-parse-3.0.0.tgz 0ms (cache hit)
4556 http cache finalhandler@https://registry.npmjs.org/finalhandler/-/finalhandler-2.1.1.tgz 0ms (cache hit)
4557 http cache follow-redirects@https://registry.npmjs.org/follow-redirects/-/follow-redirects-1.15.11.tgz 0ms (cache hit)
4558 http cache forwarded@https://registry.npmjs.org/forwarded/-/forwarded-0.2.0.tgz 0ms (cache hit)
4559 http cache form-data@https://registry.npmjs.org/form-data/-/form-data-4.0.5.tgz 0ms (cache hit)
4560 http cache extend@https://registry.npmjs.org/extend/-/extend-3.0.2.tgz 0ms (cache hit)
4561 http cache mime-types@https://registry.npmjs.org/mime-types/-/mime-types-2.1.35.tgz 0ms (cache hit)
4562 http cache function-bind@https://registry.npmjs.org/function-bind/-/function-bind-1.1.2.tgz 0ms (cache hit)
4563 http cache mime-db@https://registry.npmjs.org/mime-db/-/mime-db-1.52.0.tgz 0ms (cache hit)
4564 http cache eastasianwidth@https://registry.npmjs.org/eastasianwidth/-/eastasianwidth-0.2.0.tgz 0ms (cache hit)
4565 http cache estraverse@https://registry.npmjs.org/estraverse/-/estraverse-5.3.0.tgz 0ms (cache hit)
4566 http cache fetch-blob@https://registry.npmjs.org/fetch-blob/-/fetch-blob-3.2.0.tgz 0ms (cache hit)
4567 http cache filename-reserved-regex@https://registry.npmjs.org/filename-reserved-regex/-/filename-reserved-regex-3.0.0.tgz 0ms (cache hit)
4568 http cache fast-uri@https://registry.npmjs.org/fast-uri/-/fast-uri-3.1.0.tgz 0ms (cache hit)
4569 http cache fast-deep-equal@https://registry.npmjs.org/fast-deep-equal/-/fast-deep-equal-3.1.3.tgz 0ms (cache hit)
4570 http cache file-type@https://registry.npmjs.org/file-type/-/file-type-21.3.0.tgz 0ms (cache hit)
4571 http cache fd-slicer@https://registry.npmjs.org/fd-slicer/-/fd-slicer-1.1.0.tgz 0ms (cache hit)
4572 http cache etag@https://registry.npmjs.org/etag/-/etag-1.8.1.tgz 0ms (cache hit)
4573 http cache fast-xml-parser@https://registry.npmjs.org/fast-xml-parser/-/fast-xml-parser-5.3.6.tgz 0ms (cache hit)
4574 http cache extract-zip@https://registry.npmjs.org/extract-zip/-/extract-zip-2.0.1.tgz 0ms (cache hit)
4575 http cache event-target-shim@https://registry.npmjs.org/event-target-shim/-/event-target-shim-5.0.1.tgz 0ms (cache hit)
4576 http cache express@https://registry.npmjs.org/express/-/express-5.2.1.tgz 0ms (cache hit)
4577 http cache esprima@https://registry.npmjs.org/esprima/-/esprima-4.0.1.tgz 0ms (cache hit)
4578 http cache esutils@https://registry.npmjs.org/esutils/-/esutils-2.0.3.tgz 0ms (cache hit)
4579 http cache eventemitter3@https://registry.npmjs.org/eventemitter3/-/eventemitter3-5.0.4.tgz 0ms (cache hit)
4580 http cache escape-html@https://registry.npmjs.org/escape-html/-/escape-html-1.0.3.tgz 0ms (cache hit)
4581 http cache escodegen@https://registry.npmjs.org/escodegen/-/escodegen-2.1.0.tgz 0ms (cache hit)
4582 http cache escalade@https://registry.npmjs.org/escalade/-/escalade-3.2.0.tgz 0ms (cache hit)
4583 http cache es-errors@https://registry.npmjs.org/es-errors/-/es-errors-1.3.0.tgz 0ms (cache hit)
4584 http cache env-var@https://registry.npmjs.org/env-var/-/env-var-7.5.0.tgz 0ms (cache hit)
4585 http cache emoji-regex@https://registry.npmjs.org/emoji-regex/-/emoji-regex-8.0.0.tgz 0ms (cache hit)
4586 http cache es-object-atoms@https://registry.npmjs.org/es-object-atoms/-/es-object-atoms-1.1.1.tgz 0ms (cache hit)
4587 http cache domelementtype@https://registry.npmjs.org/domelementtype/-/domelementtype-2.3.0.tgz 0ms (cache hit)
4588 http cache depd@https://registry.npmjs.org/depd/-/depd-2.0.0.tgz 0ms (cache hit)
4589 http cache encodeurl@https://registry.npmjs.org/encodeurl/-/encodeurl-2.0.0.tgz 0ms (cache hit)
4590 http cache es-define-property@https://registry.npmjs.org/es-define-property/-/es-define-property-1.0.1.tgz 0ms (cache hit)
4591 http cache end-of-stream@https://registry.npmjs.org/end-of-stream/-/end-of-stream-1.4.5.tgz 0ms (cache hit)
4592 http cache domhandler@https://registry.npmjs.org/domhandler/-/domhandler-5.0.3.tgz 0ms (cache hit)
4593 http cache ee-first@https://registry.npmjs.org/ee-first/-/ee-first-1.1.1.tgz 0ms (cache hit)
4594 http cache domutils@https://registry.npmjs.org/domutils/-/domutils-3.2.2.tgz 0ms (cache hit)
4595 http cache es-set-tostringtag@https://registry.npmjs.org/es-set-tostringtag/-/es-set-tostringtag-2.1.0.tgz 0ms (cache hit)
4596 http cache dom-serializer@https://registry.npmjs.org/dom-serializer/-/dom-serializer-2.0.0.tgz 0ms (cache hit)
4597 http cache detect-libc@https://registry.npmjs.org/detect-libc/-/detect-libc-2.1.2.tgz 0ms (cache hit)
4598 http cache ecdsa-sig-formatter@https://registry.npmjs.org/ecdsa-sig-formatter/-/ecdsa-sig-formatter-1.0.11.tgz 0ms (cache hit)
4599 http cache entities@https://registry.npmjs.org/entities/-/entities-4.5.0.tgz 0ms (cache hit)
4600 http cache delegates@https://registry.npmjs.org/delegates/-/delegates-1.0.0.tgz 0ms (cache hit)
4601 http cache dunder-proto@https://registry.npmjs.org/dunder-proto/-/dunder-proto-1.0.1.tgz 0ms (cache hit)
4602 http cache discord-api-types@https://registry.npmjs.org/discord-api-types/-/discord-api-types-0.38.40.tgz 1ms (cache hit)
4603 http cache dotenv@https://registry.npmjs.org/dotenv/-/dotenv-17.3.1.tgz 0ms (cache hit)
4604 http cache curve25519-js@https://registry.npmjs.org/curve25519-js/-/curve25519-js-0.0.4.tgz 0ms (cache hit)
4605 http cache yargs-parser@https://registry.npmjs.org/yargs-parser/-/yargs-parser-21.1.1.tgz 0ms (cache hit)
4606 http cache strip-ansi@https://registry.npmjs.org/strip-ansi/-/strip-ansi-6.0.1.tgz 0ms (cache hit)
4607 http cache diff@https://registry.npmjs.org/diff/-/diff-8.0.3.tgz 0ms (cache hit)
4608 http cache cliui@https://registry.npmjs.org/cliui/-/cliui-8.0.1.tgz 0ms (cache hit)
4609 http cache ansi-regex@https://registry.npmjs.org/ansi-regex/-/ansi-regex-5.0.1.tgz 0ms (cache hit)
4610 http cache yargs@https://registry.npmjs.org/yargs/-/yargs-17.7.2.tgz 0ms (cache hit)
4611 http cache buffer-from@https://registry.npmjs.org/buffer-from/-/buffer-from-1.1.2.tgz 0ms (cache hit)
4612 http cache data-uri-to-buffer@https://registry.npmjs.org/data-uri-to-buffer/-/data-uri-to-buffer-6.0.2.tgz 0ms (cache hit)
4613 http cache deep-extend@https://registry.npmjs.org/deep-extend/-/deep-extend-0.6.0.tgz 0ms (cache hit)
4614 http cache cssom@https://registry.npmjs.org/cssom/-/cssom-0.5.0.tgz 0ms (cache hit)
4615 http cache cmake-js@https://registry.npmjs.org/cmake-js/-/cmake-js-8.0.0.tgz 0ms (cache hit)
4616 http cache debug@https://registry.npmjs.org/debug/-/debug-4.4.3.tgz 0ms (cache hit)
4617 http cache css-select@https://registry.npmjs.org/css-select/-/css-select-5.2.2.tgz 0ms (cache hit)
4618 http cache cross-spawn@https://registry.npmjs.org/cross-spawn/-/cross-spawn-7.0.6.tgz 0ms (cache hit)
4619 http cache which@https://registry.npmjs.org/which/-/which-2.0.2.tgz 0ms (cache hit)
4620 http cache concat-map@https://registry.npmjs.org/concat-map/-/concat-map-0.0.1.tgz 0ms (cache hit)
4621 http cache isexe@https://registry.npmjs.org/isexe/-/isexe-2.0.0.tgz 0ms (cache hit)
4622 http cache css-what@https://registry.npmjs.org/css-what/-/css-what-6.2.2.tgz 0ms (cache hit)
4623 http cache cookie-signature@https://registry.npmjs.org/cookie-signature/-/cookie-signature-1.2.2.tgz 0ms (cache hit)
4624 http cache color-name@https://registry.npmjs.org/color-name/-/color-name-1.1.4.tgz 0ms (cache hit)
4625 http cache delayed-stream@https://registry.npmjs.org/delayed-stream/-/delayed-stream-1.0.0.tgz 0ms (cache hit)
4626 http cache color-support@https://registry.npmjs.org/color-support/-/color-support-1.1.3.tgz 0ms (cache hit)
4627 http cache content-type@https://registry.npmjs.org/content-type/-/content-type-1.0.5.tgz 0ms (cache hit)
4628 http cache cookie@https://registry.npmjs.org/cookie/-/cookie-0.7.2.tgz 0ms (cache hit)
4629 http cache croner@https://registry.npmjs.org/croner/-/croner-10.0.1.tgz 0ms (cache hit)
4630 http cache color-convert@https://registry.npmjs.org/color-convert/-/color-convert-2.0.1.tgz 0ms (cache hit)
4631 http cache console-control-strings@https://registry.npmjs.org/console-control-strings/-/console-control-strings-1.1.0.tgz 0ms (cache hit)
4632 http cache degenerator@https://registry.npmjs.org/degenerator/-/degenerator-5.0.1.tgz 0ms (cache hit)
4633 http cache cliui@https://registry.npmjs.org/cliui/-/cliui-7.0.4.tgz 0ms (cache hit)
4634 http cache strip-ansi@https://registry.npmjs.org/strip-ansi/-/strip-ansi-6.0.1.tgz 0ms (cache hit)
4635 http cache ansi-regex@https://registry.npmjs.org/ansi-regex/-/ansi-regex-5.0.1.tgz 0ms (cache hit)
4636 http cache content-disposition@https://registry.npmjs.org/content-disposition/-/content-disposition-1.0.1.tgz 0ms (cache hit)
4637 http cache commander@https://registry.npmjs.org/commander/-/commander-14.0.3.tgz 0ms (cache hit)
4638 http cache core-util-is@https://registry.npmjs.org/core-util-is/-/core-util-is-1.0.3.tgz 0ms (cache hit)
4639 http cache buffer-crc32@https://registry.npmjs.org/buffer-crc32/-/buffer-crc32-0.2.13.tgz 0ms (cache hit)
4640 http cache combined-stream@https://registry.npmjs.org/combined-stream/-/combined-stream-1.0.8.tgz 0ms (cache hit)
4641 http cache cli-cursor@https://registry.npmjs.org/cli-cursor/-/cli-cursor-5.0.0.tgz 0ms (cache hit)
4642 http cache chownr@https://registry.npmjs.org/chownr/-/chownr-3.0.0.tgz 0ms (cache hit)
4643 http cache chmodrp@https://registry.npmjs.org/chmodrp/-/chmodrp-1.0.2.tgz 0ms (cache hit)
4644 http cache cli-spinners@https://registry.npmjs.org/cli-spinners/-/cli-spinners-2.9.2.tgz 0ms (cache hit)
4645 http cache ci-info@https://registry.npmjs.org/ci-info/-/ci-info-4.4.0.tgz 0ms (cache hit)
4646 http cache cli-highlight@https://registry.npmjs.org/cli-highlight/-/cli-highlight-2.1.11.tgz 0ms (cache hit)
4647 http cache chalk@https://registry.npmjs.org/chalk/-/chalk-4.1.2.tgz 0ms (cache hit)
4648 http cache ansi-styles@https://registry.npmjs.org/ansi-styles/-/ansi-styles-4.3.0.tgz 0ms (cache hit)
4649 http cache chalk@https://registry.npmjs.org/chalk/-/chalk-5.6.2.tgz 0ms (cache hit)
4650 http cache bun-types@https://registry.npmjs.org/bun-types/-/bun-types-1.3.9.tgz 0ms (cache hit)
4651 http cache bowser@https://registry.npmjs.org/bowser/-/bowser-2.14.1.tgz 0ms (cache hit)
4652 http cache call-bound@https://registry.npmjs.org/call-bound/-/call-bound-1.0.4.tgz 0ms (cache hit)
4653 http cache call-bind-apply-helpers@https://registry.npmjs.org/call-bind-apply-helpers/-/call-bind-apply-helpers-1.0.2.tgz 0ms (cache hit)
4654 http cache buffer-equal-constant-time@https://registry.npmjs.org/buffer-equal-constant-time/-/buffer-equal-constant-time-1.0.1.tgz 0ms (cache hit)
4655 http cache chokidar@https://registry.npmjs.org/chokidar/-/chokidar-5.0.0.tgz 0ms (cache hit)
4656 http cache balanced-match@https://registry.npmjs.org/balanced-match/-/balanced-match-4.0.4.tgz 0ms (cache hit)
4657 http cache bytes@https://registry.npmjs.org/bytes/-/bytes-3.1.2.tgz 0ms (cache hit)
4658 http cache cacheable@https://registry.npmjs.org/cacheable/-/cacheable-2.3.3.tgz 0ms (cache hit)
4659 http cache atomic-sleep@https://registry.npmjs.org/atomic-sleep/-/atomic-sleep-1.0.0.tgz 0ms (cache hit)
4660 http cache basic-ftp@https://registry.npmjs.org/basic-ftp/-/basic-ftp-5.2.0.tgz 0ms (cache hit)
4661 http cache before-after-hook@https://registry.npmjs.org/before-after-hook/-/before-after-hook-4.0.0.tgz 0ms (cache hit)
4662 http cache boolbase@https://registry.npmjs.org/boolbase/-/boolbase-1.0.0.tgz 0ms (cache hit)
4663 http cache brace-expansion@https://registry.npmjs.org/brace-expansion/-/brace-expansion-5.0.4.tgz 0ms (cache hit)
4664 http cache argparse@https://registry.npmjs.org/argparse/-/argparse-2.0.1.tgz 0ms (cache hit)
4665 http cache bignumber.js@https://registry.npmjs.org/bignumber.js/-/bignumber.js-9.3.1.tgz 0ms (cache hit)
4666 http cache bottleneck@https://registry.npmjs.org/bottleneck/-/bottleneck-2.19.5.tgz 0ms (cache hit)
4667 http cache axios@https://registry.npmjs.org/axios/-/axios-1.13.6.tgz 0ms (cache hit)
4668 http cache asynckit@https://registry.npmjs.org/asynckit/-/asynckit-0.4.0.tgz 0ms (cache hit)
4669 http cache base64-js@https://registry.npmjs.org/base64-js/-/base64-js-1.5.1.tgz 0ms (cache hit)
4670 http cache async-mutex@https://registry.npmjs.org/async-mutex/-/async-mutex-0.5.0.tgz 0ms (cache hit)
4671 http cache ast-types@https://registry.npmjs.org/ast-types/-/ast-types-0.13.4.tgz 0ms (cache hit)
4672 http cache are-we-there-yet@https://registry.npmjs.org/are-we-there-yet/-/are-we-there-yet-2.0.0.tgz 0ms (cache hit)
4673 http cache ansi-escapes@https://registry.npmjs.org/ansi-escapes/-/ansi-escapes-6.2.1.tgz 0ms (cache hit)
4674 http cache async-retry@https://registry.npmjs.org/async-retry/-/async-retry-1.3.3.tgz 0ms (cache hit)
4675 http cache aproba@https://registry.npmjs.org/aproba/-/aproba-2.1.0.tgz 0ms (cache hit)
4676 http cache any-promise@https://registry.npmjs.org/any-promise/-/any-promise-1.3.0.tgz 0ms (cache hit)
4677 http cache readable-stream@https://registry.npmjs.org/readable-stream/-/readable-stream-3.6.2.tgz 0ms (cache hit)
4678 http cache agent-base@https://registry.npmjs.org/agent-base/-/agent-base-7.1.4.tgz 0ms (cache hit)
4679 http cache ansi-regex@https://registry.npmjs.org/ansi-regex/-/ansi-regex-6.2.2.tgz 0ms (cache hit)
4680 http cache ajv-formats@https://registry.npmjs.org/ajv-formats/-/ajv-formats-3.0.1.tgz 0ms (cache hit)
4681 http cache ansi-styles@https://registry.npmjs.org/ansi-styles/-/ansi-styles-6.2.3.tgz 0ms (cache hit)
4682 http cache accepts@https://registry.npmjs.org/accepts/-/accepts-2.0.0.tgz 0ms (cache hit)
4683 http cache ajv@https://registry.npmjs.org/ajv/-/ajv-8.18.0.tgz 0ms (cache hit)
4684 http cache abbrev@https://registry.npmjs.org/abbrev/-/abbrev-1.1.1.tgz 0ms (cache hit)
4685 http cache abort-controller@https://registry.npmjs.org/abort-controller/-/abort-controller-3.0.0.tgz 0ms (cache hit)
4686 http cache body-parser@https://registry.npmjs.org/body-parser/-/body-parser-2.2.2.tgz 0ms (cache hit)
4687 warn deprecated inflight@1.0.6: This module is not supported, and leaks memory. Do not use it. Check out lru-cache if you want a good and tested way to coalesce async requests by a key value, which is much more comprehensive and powerful.
4688 warn deprecated npmlog@5.0.1: This package is no longer supported.
4689 warn deprecated rimraf@3.0.2: Rimraf versions prior to v4 are no longer supported
4690 warn deprecated glob@7.2.3: Old versions of glob are not supported, and contain widely publicized security vulnerabilities, which have been fixed in the current version. Please update. Support for old versions may be purchased (at exorbitant rates) by contacting i@izs.me
4691 warn deprecated are-we-there-yet@2.0.0: This package is no longer supported.
4692 warn deprecated gauge@3.0.2: This package is no longer supported.
4693 http fetch GET 200 https://codeload.github.com/whiskeysockets/libsignal-node/tar.gz/1c30d7d7e76a3b0aa120b04dc6a26f5a12dccf67 842ms (cache revalidated)
4694 warn deprecated tar@6.2.1: Old versions of tar are not supported, and contain widely publicized security vulnerabilities, which have been fixed in the current version. Please update. Support for old versions may be purchased (at exorbitant rates) by contacting i@izs.me
4695 silly packumentCache heap:4496293888 maxSize:1124073472 maxEntrySize:562036736
4696 warn deprecated glob@10.5.0: Old versions of glob are not supported, and contain widely publicized security vulnerabilities, which have been fixed in the current version. Please update. Support for old versions may be purchased (at exorbitant rates) by contacting i@izs.me
4697 info run @whiskeysockets/baileys@7.0.0-rc.9 preinstall node_modules/openclaw/node_modules/@whiskeysockets/baileys node ./engine-requirements.js
4698 info run @whiskeysockets/baileys@7.0.0-rc.9 preinstall { code: 0, signal: null }
4699 info run @discordjs/opus@0.10.0 install node_modules/openclaw/node_modules/@discordjs/opus node-pre-gyp install --fallback-to-build
4700 info run koffi@2.15.1 install node_modules/openclaw/node_modules/koffi node src/cnoke/cnoke.js -p . -d src/koffi --prebuild
4701 info run sharp@0.34.5 install node_modules/openclaw/node_modules/sharp node install/check.js || npm run build
4702 info run koffi@2.15.1 install { code: 0, signal: null }
4703 info run sharp@0.34.5 install { code: 1, signal: null }
4704 verbose stack Error: command failed
4704 verbose stack     at promiseSpawn (/Users/tomasdiez/.nvm/versions/node/v25.7.0/lib/node_modules/npm/node_modules/@npmcli/promise-spawn/lib/index.js:22:22)
4704 verbose stack     at spawnWithShell (/Users/tomasdiez/.nvm/versions/node/v25.7.0/lib/node_modules/npm/node_modules/@npmcli/promise-spawn/lib/index.js:124:10)
4704 verbose stack     at promiseSpawn (/Users/tomasdiez/.nvm/versions/node/v25.7.0/lib/node_modules/npm/node_modules/@npmcli/promise-spawn/lib/index.js:12:12)
4704 verbose stack     at runScriptPkg (/Users/tomasdiez/.nvm/versions/node/v25.7.0/lib/node_modules/npm/node_modules/@npmcli/run-script/lib/run-script-pkg.js:79:13)
4704 verbose stack     at runScript (/Users/tomasdiez/.nvm/versions/node/v25.7.0/lib/node_modules/npm/node_modules/@npmcli/run-script/lib/run-script.js:9:12)
4704 verbose stack     at /Users/tomasdiez/.nvm/versions/node/v25.7.0/lib/node_modules/npm/node_modules/@npmcli/arborist/lib/arborist/rebuild.js:327:17
4704 verbose stack     at run (/Users/tomasdiez/.nvm/versions/node/v25.7.0/lib/node_modules/npm/node_modules/promise-call-limit/dist/commonjs/index.js:67:22)
4704 verbose stack     at /Users/tomasdiez/.nvm/versions/node/v25.7.0/lib/node_modules/npm/node_modules/promise-call-limit/dist/commonjs/index.js:84:9
4704 verbose stack     at new Promise (<anonymous>)
4704 verbose stack     at callLimit (/Users/tomasdiez/.nvm/versions/node/v25.7.0/lib/node_modules/npm/node_modules/promise-call-limit/dist/commonjs/index.js:35:69)
4705 verbose pkgid sharp@0.34.5
4706 error code 1
4707 error path /Users/tomasdiez/.nvm/versions/node/v25.7.0/lib/node_modules/openclaw/node_modules/sharp
4708 error command failed
4709 error command sh -c node install/check.js || npm run build
4710 error > sharp@0.34.5 build
4710 error > node install/build.js
4710 error
4710 error sharp: Attempting to build from source via node-gyp
4710 error sharp: See https://sharp.pixelplumbing.com/install#building-from-source
4710 error sharp: Found node-addon-api 8.6.0
4710 error sharp: Please add node-gyp to your dependencies
4711 error npm warn Unknown env config "unsafe-perm". This will stop working in the next major version of npm. See `npm help npmrc` for supported config options.
4712 silly unfinished npm timer reify 1772513103841
4713 silly unfinished npm timer reify:build 1772513119991
4714 silly unfinished npm timer build 1772513119992
4715 silly unfinished npm timer build:deps 1772513119992
4716 silly unfinished npm timer build:run:install 1772513120241
4717 silly unfinished npm timer build:run:install:node_modules/openclaw/node_modules/@discordjs/opus 1772513120241
4718 silly unfinished npm timer build:run:install:node_modules/openclaw/node_modules/sharp 1772513120253
4719 verbose cwd /Users/tomasdiez
4720 verbose os Darwin 25.2.0
4721 verbose node v25.7.0
4722 verbose npm  v11.10.1
4723 verbose exit 1
4724 verbose code 1
4725 error A complete log of this run can be found in: /Users/tomasdiez/Web/fablabs.io/.npm-local-cache/_logs/2026-03-03T04_45_03_622Z-debug-0.log
