0 verbose cli /Users/tomasdiez/.nvm/versions/node/v25.7.0/bin/node /Users/tomasdiez/.nvm/versions/node/v25.7.0/bin/npm
1 info using npm@11.10.1
2 info using node@v25.7.0
3 silly config load:file:/Users/tomasdiez/.nvm/versions/node/v25.7.0/lib/node_modules/npm/npmrc
4 silly config load:file:/Users/tomasdiez/.npmrc
5 silly config load:file:/Users/tomasdiez/.nvm/versions/node/v25.7.0/etc/npmrc
6 verbose title npm i openclaw@latest
7 verbose argv "i" "--global" "openclaw@latest" "--no-fund" "--no-audit" "--loglevel" "error"
8 verbose logfile logs-max:10 dir:/Users/tomasdiez/Web/fablabs.io/.npm-local-cache/_logs/2026-03-02T14_21_58_671Z-
9 verbose logfile /Users/tomasdiez/Web/fablabs.io/.npm-local-cache/_logs/2026-03-02T14_21_58_671Z-debug-0.log
10 silly packumentCache heap:4496293888 maxSize:1124073472 maxEntrySize:562036736
11 silly logfile start cleaning logs, removing 2 files
12 silly packumentCache corgi:https://registry.npmjs.org/openclaw cache-miss
13 silly logfile done cleaning log files
14 http fetch GET 200 https://registry.npmjs.org/openclaw 143ms (cache revalidated)
15 silly packumentCache corgi:https://registry.npmjs.org/openclaw set size:110235 disposed:false
16 silly idealTree buildDeps
17 silly fetch manifest openclaw@2026.3.1
18 silly packumentCache full:https://registry.npmjs.org/openclaw cache-miss
19 http fetch GET 200 https://registry.npmjs.org/openclaw 315ms (cache revalidated)
20 silly packumentCache full:https://registry.npmjs.org/openclaw set size:505246 disposed:false
21 silly placeDep ROOT openclaw@2026.3.1 OK for:  want: 2026.3.1
22 silly fetch manifest @napi-rs/canvas@^0.1.89
23 silly packumentCache full:https://registry.npmjs.org/@napi-rs%2fcanvas cache-miss
24 silly fetch manifest node-llama-cpp@3.16.2
25 silly packumentCache full:https://registry.npmjs.org/node-llama-cpp cache-miss
26 silly fetch manifest @agentclientprotocol/sdk@0.14.1
27 silly packumentCache full:https://registry.npmjs.org/@agentclientprotocol%2fsdk cache-miss
28 silly fetch manifest @aws-sdk/client-bedrock@^3.1000.0
29 silly packumentCache full:https://registry.npmjs.org/@aws-sdk%2fclient-bedrock cache-miss
30 silly fetch manifest @buape/carbon@0.0.0-beta-20260216184201
31 silly packumentCache full:https://registry.npmjs.org/@buape%2fcarbon cache-miss
32 silly fetch manifest @clack/prompts@^1.0.1
33 silly packumentCache full:https://registry.npmjs.org/@clack%2fprompts cache-miss
34 silly fetch manifest @discordjs/voice@^0.19.0
35 silly packumentCache full:https://registry.npmjs.org/@discordjs%2fvoice cache-miss
36 silly fetch manifest @grammyjs/runner@^2.0.3
37 silly packumentCache full:https://registry.npmjs.org/@grammyjs%2frunner cache-miss
38 silly fetch manifest @grammyjs/transformer-throttler@^1.2.1
39 silly packumentCache full:https://registry.npmjs.org/@grammyjs%2ftransformer-throttler cache-miss
40 http fetch GET 200 https://registry.npmjs.org/node-llama-cpp 329ms (cache revalidated)
41 silly packumentCache full:https://registry.npmjs.org/node-llama-cpp set size:776731 disposed:false
42 silly fetch manifest @homebridge/ciao@^1.3.5
43 silly packumentCache full:https://registry.npmjs.org/@homebridge%2fciao cache-miss
44 http fetch GET 200 https://registry.npmjs.org/@aws-sdk%2fclient-bedrock 423ms (cache revalidated)
45 silly packumentCache full:https://registry.npmjs.org/@aws-sdk%2fclient-bedrock set size:1337045 disposed:false
46 silly fetch manifest @larksuiteoapi/node-sdk@^1.59.0
47 silly packumentCache full:https://registry.npmjs.org/@larksuiteoapi%2fnode-sdk cache-miss
48 http fetch GET 200 https://registry.npmjs.org/@agentclientprotocol%2fsdk 450ms (cache revalidated)
49 silly packumentCache full:https://registry.npmjs.org/@agentclientprotocol%2fsdk set size:63529 disposed:false
50 silly fetch manifest @line/bot-sdk@^10.6.0
51 silly packumentCache full:https://registry.npmjs.org/@line%2fbot-sdk cache-miss
52 http fetch GET 200 https://registry.npmjs.org/@grammyjs%2ftransformer-throttler 453ms (cache revalidated)
53 silly packumentCache full:https://registry.npmjs.org/@grammyjs%2ftransformer-throttler set size:30520 disposed:false
54 silly fetch manifest @lydell/node-pty@1.2.0-beta.3
55 silly packumentCache full:https://registry.npmjs.org/@lydell%2fnode-pty cache-miss
56 http fetch GET 200 https://registry.npmjs.org/@clack%2fprompts 467ms (cache revalidated)
57 silly packumentCache full:https://registry.npmjs.org/@clack%2fprompts set size:149957 disposed:false
58 silly fetch manifest @mariozechner/pi-agent-core@0.55.3
59 silly packumentCache full:https://registry.npmjs.org/@mariozechner%2fpi-agent-core cache-miss
60 http fetch GET 200 https://registry.npmjs.org/@napi-rs%2fcanvas 711ms (cache revalidated)
61 silly packumentCache full:https://registry.npmjs.org/@napi-rs%2fcanvas set size:541259 disposed:false
62 silly fetch manifest @mariozechner/pi-ai@0.55.3
63 silly packumentCache full:https://registry.npmjs.org/@mariozechner%2fpi-ai cache-miss
64 http fetch GET 200 https://registry.npmjs.org/@grammyjs%2frunner 715ms (cache revalidated)
65 silly packumentCache full:https://registry.npmjs.org/@grammyjs%2frunner set size:47308 disposed:false
66 silly fetch manifest @mariozechner/pi-coding-agent@0.55.3
67 silly packumentCache full:https://registry.npmjs.org/@mariozechner%2fpi-coding-agent cache-miss
68 http fetch GET 200 https://registry.npmjs.org/@line%2fbot-sdk 350ms (cache revalidated)
69 silly packumentCache full:https://registry.npmjs.org/@line%2fbot-sdk set size:287164 disposed:false
70 silly fetch manifest @mariozechner/pi-tui@0.55.3
71 silly packumentCache full:https://registry.npmjs.org/@mariozechner%2fpi-tui cache-miss
72 http fetch GET 200 https://registry.npmjs.org/@buape%2fcarbon 920ms (cache revalidated)
73 silly packumentCache full:https://registry.npmjs.org/@buape%2fcarbon set size:456959 disposed:false
74 silly fetch manifest @mozilla/readability@^0.6.0
75 silly packumentCache full:https://registry.npmjs.org/@mozilla%2freadability cache-miss
76 http fetch GET 200 https://registry.npmjs.org/@homebridge%2fciao 593ms (cache revalidated)
77 silly packumentCache full:https://registry.npmjs.org/@homebridge%2fciao set size:572406 disposed:false
78 silly fetch manifest @sinclair/typebox@0.34.48
79 silly packumentCache full:https://registry.npmjs.org/@sinclair%2ftypebox cache-miss
80 http fetch GET 200 https://registry.npmjs.org/@discordjs%2fvoice 971ms (cache updated)
81 silly packumentCache full:https://registry.npmjs.org/@discordjs%2fvoice set size:undefined disposed:false
82 silly fetch manifest @slack/bolt@^4.6.0
83 silly packumentCache full:https://registry.npmjs.org/@slack%2fbolt cache-miss
84 http fetch GET 200 https://registry.npmjs.org/@sinclair%2ftypebox 66ms (cache revalidated)
85 silly packumentCache full:https://registry.npmjs.org/@sinclair%2ftypebox set size:1145528 disposed:false
86 silly fetch manifest @slack/web-api@^7.14.1
87 silly packumentCache full:https://registry.npmjs.org/@slack%2fweb-api cache-miss
88 http fetch GET 200 https://registry.npmjs.org/@lydell%2fnode-pty 594ms (cache revalidated)
89 silly packumentCache full:https://registry.npmjs.org/@lydell%2fnode-pty set size:27944 disposed:false
90 silly fetch manifest @snazzah/davey@^0.1.9
91 silly packumentCache full:https://registry.npmjs.org/@snazzah%2fdavey cache-miss
92 http fetch GET 200 https://registry.npmjs.org/@mariozechner%2fpi-coding-agent 350ms (cache revalidated)
93 silly packumentCache full:https://registry.npmjs.org/@mariozechner%2fpi-coding-agent set size:672356 disposed:false
94 silly fetch manifest @whiskeysockets/baileys@7.0.0-rc.9
95 silly packumentCache full:https://registry.npmjs.org/@whiskeysockets%2fbaileys cache-miss
96 http fetch GET 200 https://registry.npmjs.org/@larksuiteoapi%2fnode-sdk 821ms (cache revalidated)
97 silly packumentCache full:https://registry.npmjs.org/@larksuiteoapi%2fnode-sdk set size:318213 disposed:false
98 silly fetch manifest ajv@^8.18.0
99 silly packumentCache full:https://registry.npmjs.org/ajv cache-miss
100 http fetch GET 200 https://registry.npmjs.org/@slack%2fbolt 300ms (cache revalidated)
101 silly packumentCache full:https://registry.npmjs.org/@slack%2fbolt set size:483873 disposed:false
102 silly fetch manifest chalk@^5.6.2
103 silly packumentCache full:https://registry.npmjs.org/chalk cache-miss
104 http fetch GET 200 https://registry.npmjs.org/ajv 42ms (cache revalidated)
105 silly packumentCache full:https://registry.npmjs.org/ajv set size:1120197 disposed:false
106 silly fetch manifest chokidar@^5.0.0
107 silly packumentCache full:https://registry.npmjs.org/chokidar cache-miss
108 http fetch GET 200 https://registry.npmjs.org/@mariozechner%2fpi-agent-core 856ms (cache revalidated)
109 silly packumentCache full:https://registry.npmjs.org/@mariozechner%2fpi-agent-core set size:376216 disposed:false
110 silly fetch manifest cli-highlight@^2.1.11
111 silly packumentCache full:https://registry.npmjs.org/cli-highlight cache-miss
112 http fetch GET 200 https://registry.npmjs.org/chalk 43ms (cache revalidated)
113 silly packumentCache full:https://registry.npmjs.org/chalk set size:117861 disposed:false
114 silly fetch manifest commander@^14.0.3
115 silly packumentCache full:https://registry.npmjs.org/commander cache-miss
116 http fetch GET 200 https://registry.npmjs.org/chokidar 43ms (cache revalidated)
117 silly packumentCache full:https://registry.npmjs.org/chokidar set size:255902 disposed:false
118 silly fetch manifest croner@^10.0.1
119 silly packumentCache full:https://registry.npmjs.org/croner cache-miss
120 http fetch GET 200 https://registry.npmjs.org/croner 53ms (cache revalidated)
121 silly packumentCache full:https://registry.npmjs.org/croner set size:726306 disposed:false
122 silly fetch manifest discord-api-types@^0.38.40
123 silly packumentCache full:https://registry.npmjs.org/discord-api-types cache-miss
124 http fetch GET 200 https://registry.npmjs.org/@mariozechner%2fpi-ai 860ms (cache revalidated)
125 silly packumentCache full:https://registry.npmjs.org/@mariozechner%2fpi-ai set size:628190 disposed:false
126 silly fetch manifest dotenv@^17.3.1
127 silly packumentCache full:https://registry.npmjs.org/dotenv cache-miss
128 http fetch GET 200 https://registry.npmjs.org/@slack%2fweb-api 577ms (cache revalidated)
129 silly packumentCache full:https://registry.npmjs.org/@slack%2fweb-api set size:388555 disposed:false
130 silly fetch manifest express@^5.2.1
131 silly packumentCache full:https://registry.npmjs.org/express cache-miss
132 http fetch GET 200 https://registry.npmjs.org/dotenv 44ms (cache revalidated)
133 silly packumentCache full:https://registry.npmjs.org/dotenv set size:270065 disposed:false
134 silly fetch manifest file-type@^21.3.0
135 silly packumentCache full:https://registry.npmjs.org/file-type cache-miss
136 http fetch GET 200 https://registry.npmjs.org/cli-highlight 302ms (cache revalidated)
137 silly packumentCache full:https://registry.npmjs.org/cli-highlight set size:82544 disposed:false
138 silly fetch manifest gaxios@7.1.3
139 silly packumentCache full:https://registry.npmjs.org/gaxios cache-miss
140 http fetch GET 200 https://registry.npmjs.org/express 48ms (cache revalidated)
141 silly packumentCache full:https://registry.npmjs.org/express set size:801204 disposed:false
142 silly fetch manifest google-auth-library@10.6.1
143 silly packumentCache full:https://registry.npmjs.org/google-auth-library cache-miss
144 http fetch GET 200 https://registry.npmjs.org/@mariozechner%2fpi-tui 847ms (cache revalidated)
145 silly packumentCache full:https://registry.npmjs.org/@mariozechner%2fpi-tui set size:560463 disposed:false
146 silly fetch manifest grammy@^1.41.0
147 silly packumentCache full:https://registry.npmjs.org/grammy cache-miss
148 http fetch GET 200 https://registry.npmjs.org/@whiskeysockets%2fbaileys 588ms (cache revalidated)
149 silly packumentCache full:https://registry.npmjs.org/@whiskeysockets%2fbaileys set size:202548 disposed:false
150 silly fetch manifest https-proxy-agent@^7.0.6
151 silly packumentCache full:https://registry.npmjs.org/https-proxy-agent cache-miss
152 http fetch GET 200 https://registry.npmjs.org/file-type 44ms (cache revalidated)
153 silly packumentCache full:https://registry.npmjs.org/file-type set size:536399 disposed:false
154 silly fetch manifest ipaddr.js@^2.3.0
155 silly packumentCache full:https://registry.npmjs.org/ipaddr.js cache-miss
156 http fetch GET 200 https://registry.npmjs.org/gaxios 44ms (cache revalidated)
157 silly packumentCache full:https://registry.npmjs.org/gaxios set size:341801 disposed:false
158 silly fetch manifest jiti@^2.6.1
159 silly packumentCache full:https://registry.npmjs.org/jiti cache-miss
160 http fetch GET 200 https://registry.npmjs.org/google-auth-library 40ms (cache revalidated)
161 silly packumentCache full:https://registry.npmjs.org/google-auth-library set size:720826 disposed:false
162 silly fetch manifest json5@^2.2.3
163 silly packumentCache full:https://registry.npmjs.org/json5 cache-miss
164 http fetch GET 200 https://registry.npmjs.org/grammy 46ms (cache revalidated)
165 silly packumentCache full:https://registry.npmjs.org/grammy set size:409091 disposed:false
166 silly fetch manifest jszip@^3.10.1
167 silly packumentCache full:https://registry.npmjs.org/jszip cache-miss
168 http fetch GET 200 https://registry.npmjs.org/ipaddr.js 41ms (cache revalidated)
169 silly packumentCache full:https://registry.npmjs.org/ipaddr.js set size:67857 disposed:false
170 silly fetch manifest linkedom@^0.18.12
171 silly packumentCache full:https://registry.npmjs.org/linkedom cache-miss
172 http fetch GET 200 https://registry.npmjs.org/https-proxy-agent 56ms (cache revalidated)
173 silly packumentCache full:https://registry.npmjs.org/https-proxy-agent set size:76241 disposed:false
174 silly fetch manifest long@^5.3.2
175 silly packumentCache full:https://registry.npmjs.org/long cache-miss
176 http fetch GET 200 https://registry.npmjs.org/jiti 45ms (cache revalidated)
177 silly packumentCache full:https://registry.npmjs.org/jiti set size:382310 disposed:false
178 silly fetch manifest markdown-it@^14.1.1
179 silly packumentCache full:https://registry.npmjs.org/markdown-it cache-miss
180 http fetch GET 200 https://registry.npmjs.org/json5 44ms (cache revalidated)
181 silly packumentCache full:https://registry.npmjs.org/json5 set size:86136 disposed:false
182 silly fetch manifest node-domexception@npm:@nolyfill/domexception@^1.0.28
183 silly packumentCache full:https://registry.npmjs.org/@nolyfill%2fdomexception cache-miss
184 http fetch GET 200 https://registry.npmjs.org/jszip 38ms (cache revalidated)
185 silly packumentCache full:https://registry.npmjs.org/jszip set size:98327 disposed:false
186 silly fetch manifest node-edge-tts@^1.2.10
187 silly packumentCache full:https://registry.npmjs.org/node-edge-tts cache-miss
188 http fetch GET 200 https://registry.npmjs.org/long 58ms (cache revalidated)
189 silly packumentCache full:https://registry.npmjs.org/long set size:80704 disposed:false
190 silly fetch manifest opusscript@^0.1.1
191 silly packumentCache full:https://registry.npmjs.org/opusscript cache-miss
192 http fetch GET 200 https://registry.npmjs.org/markdown-it 51ms (cache revalidated)
193 silly packumentCache full:https://registry.npmjs.org/markdown-it set size:222261 disposed:false
194 silly fetch manifest osc-progress@^0.3.0
195 silly packumentCache full:https://registry.npmjs.org/osc-progress cache-miss
196 http fetch GET 200 https://registry.npmjs.org/node-edge-tts 41ms (cache revalidated)
197 silly packumentCache full:https://registry.npmjs.org/node-edge-tts set size:36689 disposed:false
198 silly fetch manifest pdfjs-dist@^5.5.207
199 silly packumentCache full:https://registry.npmjs.org/pdfjs-dist cache-miss
200 http fetch GET 200 https://registry.npmjs.org/@snazzah%2fdavey 738ms (cache revalidated)
201 silly packumentCache full:https://registry.npmjs.org/@snazzah%2fdavey set size:44549 disposed:false
202 silly fetch manifest playwright-core@1.58.2
203 silly packumentCache full:https://registry.npmjs.org/playwright-core cache-miss
204 http fetch GET 200 https://registry.npmjs.org/@mozilla%2freadability 867ms (cache revalidated)
205 silly packumentCache full:https://registry.npmjs.org/@mozilla%2freadability set size:33244 disposed:false
206 silly fetch manifest qrcode-terminal@^0.12.0
207 silly packumentCache full:https://registry.npmjs.org/qrcode-terminal cache-miss
208 http fetch GET 200 https://registry.npmjs.org/osc-progress 53ms (cache revalidated)
209 silly packumentCache full:https://registry.npmjs.org/osc-progress set size:11308 disposed:false
210 silly fetch manifest sharp@^0.34.5
211 silly packumentCache full:https://registry.npmjs.org/sharp cache-miss
212 http fetch GET 200 https://registry.npmjs.org/opusscript 56ms (cache revalidated)
213 silly packumentCache full:https://registry.npmjs.org/opusscript set size:17409 disposed:false
214 silly fetch manifest sqlite-vec@0.1.7-alpha.2
215 silly packumentCache full:https://registry.npmjs.org/sqlite-vec cache-miss
216 http fetch GET 200 https://registry.npmjs.org/pdfjs-dist 48ms (cache revalidated)
217 silly packumentCache full:https://registry.npmjs.org/pdfjs-dist set size:2090403 disposed:false
218 silly fetch manifest tar@7.5.9
219 silly packumentCache full:https://registry.npmjs.org/tar cache-miss
220 http fetch GET 200 https://registry.npmjs.org/qrcode-terminal 57ms (cache revalidated)
221 silly packumentCache full:https://registry.npmjs.org/qrcode-terminal set size:29799 disposed:false
222 silly fetch manifest tslog@^4.10.2
223 silly packumentCache full:https://registry.npmjs.org/tslog cache-miss
224 http fetch GET 200 https://registry.npmjs.org/playwright-core 74ms (cache revalidated)
225 silly packumentCache full:https://registry.npmjs.org/playwright-core set size:17631033 disposed:false
226 silly fetch manifest undici@^7.22.0
227 silly packumentCache full:https://registry.npmjs.org/undici cache-miss
228 http fetch GET 200 https://registry.npmjs.org/tar 86ms (cache revalidated)
229 silly packumentCache full:https://registry.npmjs.org/tar set size:501367 disposed:false
230 silly fetch manifest ws@^8.19.0
231 silly packumentCache full:https://registry.npmjs.org/ws cache-miss
232 http fetch GET 200 https://registry.npmjs.org/sharp 98ms (cache revalidated)
233 silly packumentCache full:https://registry.npmjs.org/sharp set size:1034463 disposed:false
234 silly fetch manifest yaml@^2.8.2
235 silly packumentCache full:https://registry.npmjs.org/yaml cache-miss
236 http fetch GET 200 https://registry.npmjs.org/ws 58ms (cache revalidated)
237 silly packumentCache full:https://registry.npmjs.org/ws set size:413307 disposed:false
238 silly fetch manifest zod@^4.3.6
239 silly packumentCache full:https://registry.npmjs.org/zod cache-miss
240 http fetch GET 200 https://registry.npmjs.org/undici 82ms (cache revalidated)
241 silly packumentCache full:https://registry.npmjs.org/undici set size:1271191 disposed:false
242 silly fetch manifest @discordjs/opus@^0.10.0
243 silly packumentCache full:https://registry.npmjs.org/@discordjs%2fopus cache-miss
244 http fetch GET 200 https://registry.npmjs.org/yaml 63ms (cache revalidated)
245 silly packumentCache full:https://registry.npmjs.org/yaml set size:361552 disposed:false
246 http fetch GET 200 https://registry.npmjs.org/linkedom 309ms (cache revalidated)
247 silly packumentCache full:https://registry.npmjs.org/linkedom set size:1003891 disposed:false
248 http fetch GET 200 https://registry.npmjs.org/zod 68ms (cache revalidated)
249 silly packumentCache full:https://registry.npmjs.org/zod set size:3489329 disposed:false
250 http fetch GET 200 https://registry.npmjs.org/sqlite-vec 316ms (cache revalidated)
251 silly packumentCache full:https://registry.npmjs.org/sqlite-vec set size:114564 disposed:false
252 http fetch GET 200 https://registry.npmjs.org/commander 837ms (cache revalidated)
253 silly packumentCache full:https://registry.npmjs.org/commander set size:306325 disposed:false
254 http fetch GET 200 https://registry.npmjs.org/discord-api-types 804ms (cache revalidated)
255 silly packumentCache full:https://registry.npmjs.org/discord-api-types set size:7804551 disposed:false
256 http fetch GET 200 https://registry.npmjs.org/tslog 393ms (cache revalidated)
257 silly packumentCache full:https://registry.npmjs.org/tslog set size:598246 disposed:false
258 http fetch GET 200 https://registry.npmjs.org/@nolyfill%2fdomexception 590ms (cache revalidated)
259 silly packumentCache full:https://registry.npmjs.org/@nolyfill%2fdomexception set size:2251 disposed:false
260 http fetch GET 200 https://registry.npmjs.org/@discordjs%2fopus 525ms (cache revalidated)
261 silly packumentCache full:https://registry.npmjs.org/@discordjs%2fopus set size:48010 disposed:false
262 silly fetch manifest typescript@>=5.0.0
263 silly packumentCache full:https://registry.npmjs.org/typescript cache-miss
264 http fetch GET 200 https://registry.npmjs.org/typescript 78ms (cache revalidated)
265 silly packumentCache full:https://registry.npmjs.org/typescript set size:15306474 disposed:false
266 silly fetch manifest @types/express@^5.0.0
267 silly packumentCache full:https://registry.npmjs.org/@types%2fexpress cache-miss
268 http fetch GET 200 https://registry.npmjs.org/@types%2fexpress 57ms (cache revalidated)
269 silly packumentCache full:https://registry.npmjs.org/@types%2fexpress set size:111364 disposed:false
270 silly fetch manifest audio-decode@^2.1.3
271 silly packumentCache full:https://registry.npmjs.org/audio-decode cache-miss
272 http fetch GET 200 https://registry.npmjs.org/audio-decode 52ms (cache revalidated)
273 silly packumentCache full:https://registry.npmjs.org/audio-decode set size:68555 disposed:false
274 silly fetch manifest jimp@^1.6.0
275 silly packumentCache full:https://registry.npmjs.org/jimp cache-miss
276 http fetch GET 200 https://registry.npmjs.org/jimp 50ms (cache revalidated)
277 silly packumentCache full:https://registry.npmjs.org/jimp set size:1192935 disposed:false
278 silly fetch manifest link-preview-js@^3.0.0
279 silly packumentCache full:https://registry.npmjs.org/link-preview-js cache-miss
280 http fetch GET 200 https://registry.npmjs.org/link-preview-js 56ms (cache revalidated)
281 silly packumentCache full:https://registry.npmjs.org/link-preview-js set size:145310 disposed:false
282 silly fetch manifest canvas@>= 2
283 silly packumentCache full:https://registry.npmjs.org/canvas cache-miss
284 http fetch GET 200 https://registry.npmjs.org/canvas 43ms (cache revalidated)
285 silly packumentCache full:https://registry.npmjs.org/canvas set size:366497 disposed:false
286 silly fetch manifest bufferutil@^4.0.1
287 silly packumentCache full:https://registry.npmjs.org/bufferutil cache-miss
288 http fetch GET 200 https://registry.npmjs.org/bufferutil 49ms (cache revalidated)
289 silly packumentCache full:https://registry.npmjs.org/bufferutil set size:52763 disposed:false
290 silly fetch manifest utf-8-validate@>=5.0.2
291 silly packumentCache full:https://registry.npmjs.org/utf-8-validate cache-miss
292 http fetch GET 200 https://registry.npmjs.org/utf-8-validate 48ms (cache revalidated)
293 silly packumentCache full:https://registry.npmjs.org/utf-8-validate set size:77148 disposed:false
294 silly placeDep node_modules/openclaw @agentclientprotocol/sdk@0.14.1 OK for: openclaw@2026.3.1 want: 0.14.1
295 silly placeDep node_modules/openclaw zod@4.3.6 OK for: @agentclientprotocol/sdk@0.14.1 want: ^3.25.0 || ^4.0.0
296 silly placeDep node_modules/openclaw @aws-sdk/client-bedrock@3.1000.0 OK for: openclaw@2026.3.1 want: ^3.1000.0
297 silly placeDep node_modules/openclaw @buape/carbon@0.0.0-beta-20260216184201 OK for: openclaw@2026.3.1 want: 0.0.0-beta-20260216184201
298 silly placeDep node_modules/openclaw @clack/prompts@1.0.1 OK for: openclaw@2026.3.1 want: ^1.0.1
299 silly placeDep node_modules/openclaw @discordjs/opus@0.10.0 OK for: openclaw@2026.3.1 want: ^0.10.0
300 silly placeDep node_modules/openclaw @discordjs/voice@0.19.0 OK for: openclaw@2026.3.1 want: ^0.19.0
301 silly placeDep node_modules/openclaw @grammyjs/runner@2.0.3 OK for: openclaw@2026.3.1 want: ^2.0.3
302 silly placeDep node_modules/openclaw grammy@1.41.0 OK for: @grammyjs/runner@2.0.3 want: ^1.13.1
303 silly placeDep node_modules/openclaw @grammyjs/transformer-throttler@1.2.1 OK for: openclaw@2026.3.1 want: ^1.2.1
304 silly placeDep node_modules/openclaw @homebridge/ciao@1.3.5 OK for: openclaw@2026.3.1 want: ^1.3.5
305 silly placeDep node_modules/openclaw @larksuiteoapi/node-sdk@1.59.0 OK for: openclaw@2026.3.1 want: ^1.59.0
306 silly placeDep node_modules/openclaw @line/bot-sdk@10.6.0 OK for: openclaw@2026.3.1 want: ^10.6.0
307 silly placeDep node_modules/openclaw @lydell/node-pty@1.2.0-beta.3 OK for: openclaw@2026.3.1 want: 1.2.0-beta.3
308 silly placeDep node_modules/openclaw @mariozechner/pi-agent-core@0.55.3 OK for: openclaw@2026.3.1 want: 0.55.3
309 silly placeDep node_modules/openclaw @mariozechner/pi-ai@0.55.3 OK for: openclaw@2026.3.1 want: 0.55.3
310 silly placeDep node_modules/openclaw @mariozechner/pi-coding-agent@0.55.3 OK for: openclaw@2026.3.1 want: 0.55.3
311 silly placeDep node_modules/openclaw @mariozechner/pi-tui@0.55.3 OK for: openclaw@2026.3.1 want: 0.55.3
312 silly placeDep node_modules/openclaw @mozilla/readability@0.6.0 OK for: openclaw@2026.3.1 want: ^0.6.0
313 silly placeDep node_modules/openclaw @napi-rs/canvas@0.1.95 OK for: openclaw@2026.3.1 want: ^0.1.89
314 silly placeDep node_modules/openclaw @sinclair/typebox@0.34.48 OK for: openclaw@2026.3.1 want: 0.34.48
315 silly placeDep node_modules/openclaw @slack/bolt@4.6.0 OK for: openclaw@2026.3.1 want: ^4.6.0
316 silly placeDep node_modules/openclaw @types/express@5.0.6 OK for: @slack/bolt@4.6.0 want: ^5.0.0
317 silly placeDep node_modules/openclaw @slack/web-api@7.14.1 OK for: openclaw@2026.3.1 want: ^7.14.1
318 silly placeDep node_modules/openclaw @snazzah/davey@0.1.9 OK for: openclaw@2026.3.1 want: ^0.1.9
319 silly placeDep node_modules/openclaw @whiskeysockets/baileys@7.0.0-rc.9 OK for: openclaw@2026.3.1 want: 7.0.0-rc.9
320 silly placeDep node_modules/openclaw sharp@0.34.5 OK for: @whiskeysockets/baileys@7.0.0-rc.9 want: *
321 silly placeDep node_modules/openclaw ajv@8.18.0 OK for: openclaw@2026.3.1 want: ^8.18.0
322 silly placeDep node_modules/openclaw chalk@5.6.2 OK for: openclaw@2026.3.1 want: ^5.6.2
323 silly placeDep node_modules/openclaw chokidar@5.0.0 OK for: openclaw@2026.3.1 want: ^5.0.0
324 silly placeDep node_modules/openclaw cli-highlight@2.1.11 OK for: openclaw@2026.3.1 want: ^2.1.11
325 silly placeDep node_modules/openclaw commander@14.0.3 OK for: openclaw@2026.3.1 want: ^14.0.3
326 silly placeDep node_modules/openclaw croner@10.0.1 OK for: openclaw@2026.3.1 want: ^10.0.1
327 silly placeDep node_modules/openclaw discord-api-types@0.38.40 OK for: openclaw@2026.3.1 want: ^0.38.40
328 silly placeDep node_modules/openclaw dotenv@17.3.1 OK for: openclaw@2026.3.1 want: ^17.3.1
329 silly placeDep node_modules/openclaw express@5.2.1 OK for: openclaw@2026.3.1 want: ^5.2.1
330 silly placeDep node_modules/openclaw file-type@21.3.0 OK for: openclaw@2026.3.1 want: ^21.3.0
331 silly placeDep node_modules/openclaw gaxios@7.1.3 OK for: openclaw@2026.3.1 want: 7.1.3
332 silly placeDep node_modules/openclaw google-auth-library@10.6.1 OK for: openclaw@2026.3.1 want: 10.6.1
333 silly placeDep node_modules/openclaw https-proxy-agent@7.0.6 OK for: openclaw@2026.3.1 want: ^7.0.6
334 silly placeDep node_modules/openclaw ipaddr.js@2.3.0 OK for: openclaw@2026.3.1 want: ^2.3.0
335 silly placeDep node_modules/openclaw jiti@2.6.1 OK for: openclaw@2026.3.1 want: ^2.6.1
336 silly placeDep node_modules/openclaw json5@2.2.3 OK for: openclaw@2026.3.1 want: ^2.2.3
337 silly placeDep node_modules/openclaw jszip@3.10.1 OK for: openclaw@2026.3.1 want: ^3.10.1
338 silly placeDep node_modules/openclaw linkedom@0.18.12 OK for: openclaw@2026.3.1 want: ^0.18.12
339 silly placeDep node_modules/openclaw long@5.3.2 OK for: openclaw@2026.3.1 want: ^5.3.2
340 silly placeDep node_modules/openclaw markdown-it@14.1.1 OK for: openclaw@2026.3.1 want: ^14.1.1
341 silly placeDep node_modules/openclaw node-domexception@1.0.28 OK for: openclaw@2026.3.1 want: npm:@nolyfill/domexception@^1.0.28
342 silly placeDep node_modules/openclaw node-edge-tts@1.2.10 OK for: openclaw@2026.3.1 want: ^1.2.10
343 silly placeDep node_modules/openclaw node-llama-cpp@3.16.2 OK for: openclaw@2026.3.1 want: 3.16.2
344 silly placeDep node_modules/openclaw opusscript@0.1.1 OK for: openclaw@2026.3.1 want: ^0.1.1
345 silly placeDep node_modules/openclaw osc-progress@0.3.0 OK for: openclaw@2026.3.1 want: ^0.3.0
346 silly placeDep node_modules/openclaw pdfjs-dist@5.5.207 OK for: openclaw@2026.3.1 want: ^5.5.207
347 silly placeDep node_modules/openclaw playwright-core@1.58.2 OK for: openclaw@2026.3.1 want: 1.58.2
348 silly placeDep node_modules/openclaw qrcode-terminal@0.12.0 OK for: openclaw@2026.3.1 want: ^0.12.0
349 silly placeDep node_modules/openclaw sqlite-vec@0.1.7-alpha.2 OK for: openclaw@2026.3.1 want: 0.1.7-alpha.2
350 silly placeDep node_modules/openclaw tar@7.5.9 OK for: openclaw@2026.3.1 want: 7.5.9
351 silly placeDep node_modules/openclaw tslog@4.10.2 OK for: openclaw@2026.3.1 want: ^4.10.2
352 silly placeDep node_modules/openclaw undici@7.22.0 OK for: openclaw@2026.3.1 want: ^7.22.0
353 silly placeDep node_modules/openclaw ws@8.19.0 OK for: openclaw@2026.3.1 want: ^8.19.0
354 silly placeDep node_modules/openclaw yaml@2.8.2 OK for: openclaw@2026.3.1 want: ^2.8.2
355 silly fetch manifest @aws-crypto/sha256-browser@5.2.0
356 silly packumentCache full:https://registry.npmjs.org/@aws-crypto%2fsha256-browser cache-miss
357 silly fetch manifest @aws-crypto/sha256-js@5.2.0
358 silly packumentCache full:https://registry.npmjs.org/@aws-crypto%2fsha256-js cache-miss
359 silly fetch manifest @aws-sdk/core@^3.973.15
360 silly packumentCache full:https://registry.npmjs.org/@aws-sdk%2fcore cache-miss
361 silly fetch manifest @aws-sdk/credential-provider-node@^3.972.14
362 silly packumentCache full:https://registry.npmjs.org/@aws-sdk%2fcredential-provider-node cache-miss
363 silly fetch manifest @aws-sdk/middleware-host-header@^3.972.6
364 silly packumentCache full:https://registry.npmjs.org/@aws-sdk%2fmiddleware-host-header cache-miss
365 silly fetch manifest @aws-sdk/middleware-logger@^3.972.6
366 silly packumentCache full:https://registry.npmjs.org/@aws-sdk%2fmiddleware-logger cache-miss
367 silly fetch manifest @aws-sdk/middleware-recursion-detection@^3.972.6
368 silly packumentCache full:https://registry.npmjs.org/@aws-sdk%2fmiddleware-recursion-detection cache-miss
369 silly fetch manifest @aws-sdk/middleware-user-agent@^3.972.15
370 silly packumentCache full:https://registry.npmjs.org/@aws-sdk%2fmiddleware-user-agent cache-miss
371 silly fetch manifest @aws-sdk/region-config-resolver@^3.972.6
372 silly packumentCache full:https://registry.npmjs.org/@aws-sdk%2fregion-config-resolver cache-miss
373 http fetch GET 200 https://registry.npmjs.org/@aws-sdk%2fmiddleware-user-agent 54ms (cache revalidated)
374 silly packumentCache full:https://registry.npmjs.org/@aws-sdk%2fmiddleware-user-agent set size:982851 disposed:false
375 silly fetch manifest @aws-sdk/token-providers@3.1000.0
376 silly packumentCache full:https://registry.npmjs.org/@aws-sdk%2ftoken-providers cache-miss
377 http fetch GET 200 https://registry.npmjs.org/@aws-sdk%2fmiddleware-host-header 59ms (cache revalidated)
378 silly packumentCache full:https://registry.npmjs.org/@aws-sdk%2fmiddleware-host-header set size:653507 disposed:false
379 silly fetch manifest @aws-sdk/types@^3.973.4
380 silly packumentCache full:https://registry.npmjs.org/@aws-sdk%2ftypes cache-miss
381 http fetch GET 200 https://registry.npmjs.org/@aws-sdk%2fcredential-provider-node 65ms (cache revalidated)
382 silly packumentCache full:https://registry.npmjs.org/@aws-sdk%2fcredential-provider-node set size:1757064 disposed:false
383 silly fetch manifest @aws-sdk/util-endpoints@^3.996.3
384 silly packumentCache full:https://registry.npmjs.org/@aws-sdk%2futil-endpoints cache-miss
385 http fetch GET 200 https://registry.npmjs.org/@aws-sdk%2fmiddleware-recursion-detection 71ms (cache revalidated)
386 silly packumentCache full:https://registry.npmjs.org/@aws-sdk%2fmiddleware-recursion-detection set size:451944 disposed:false
387 silly fetch manifest @aws-sdk/util-user-agent-browser@^3.972.6
388 silly packumentCache full:https://registry.npmjs.org/@aws-sdk%2futil-user-agent-browser cache-miss
389 http fetch GET 200 https://registry.npmjs.org/@aws-crypto%2fsha256-browser 74ms (cache revalidated)
390 silly packumentCache full:https://registry.npmjs.org/@aws-crypto%2fsha256-browser set size:64772 disposed:false
391 silly fetch manifest @aws-sdk/util-user-agent-node@^3.973.0
392 silly packumentCache full:https://registry.npmjs.org/@aws-sdk%2futil-user-agent-node cache-miss
393 http fetch GET 200 https://registry.npmjs.org/@aws-sdk%2fcore 77ms (cache revalidated)
394 silly packumentCache full:https://registry.npmjs.org/@aws-sdk%2fcore set size:715985 disposed:false
395 silly fetch manifest @smithy/config-resolver@^4.4.9
396 silly packumentCache full:https://registry.npmjs.org/@smithy%2fconfig-resolver cache-miss
397 http fetch GET 200 https://registry.npmjs.org/@aws-sdk%2ftoken-providers 317ms (cache revalidated)
398 silly packumentCache full:https://registry.npmjs.org/@aws-sdk%2ftoken-providers set size:1046641 disposed:false
399 silly fetch manifest @smithy/core@^3.23.6
400 silly packumentCache full:https://registry.npmjs.org/@smithy%2fcore cache-miss
401 http fetch GET 200 https://registry.npmjs.org/@aws-sdk%2futil-endpoints 311ms (cache revalidated)
402 silly packumentCache full:https://registry.npmjs.org/@aws-sdk%2futil-endpoints set size:540034 disposed:false
403 silly fetch manifest @smithy/fetch-http-handler@^5.3.11
404 silly packumentCache full:https://registry.npmjs.org/@smithy%2ffetch-http-handler cache-miss
405 http fetch GET 200 https://registry.npmjs.org/@aws-sdk%2ftypes 336ms (cache revalidated)
406 silly packumentCache full:https://registry.npmjs.org/@aws-sdk%2ftypes set size:510086 disposed:false
407 silly fetch manifest @smithy/hash-node@^4.2.10
408 silly packumentCache full:https://registry.npmjs.org/@smithy%2fhash-node cache-miss
409 http fetch GET 200 https://registry.npmjs.org/@aws-sdk%2futil-user-agent-node 328ms (cache revalidated)
410 silly packumentCache full:https://registry.npmjs.org/@aws-sdk%2futil-user-agent-node set size:1017292 disposed:false
411 silly fetch manifest @smithy/invalid-dependency@^4.2.10
412 silly packumentCache full:https://registry.npmjs.org/@smithy%2finvalid-dependency cache-miss
413 http fetch GET 200 https://registry.npmjs.org/@smithy%2ffetch-http-handler 49ms (cache revalidated)
414 silly packumentCache full:https://registry.npmjs.org/@smithy%2ffetch-http-handler set size:248198 disposed:false
415 silly fetch manifest @smithy/middleware-content-length@^4.2.10
416 silly packumentCache full:https://registry.npmjs.org/@smithy%2fmiddleware-content-length cache-miss
417 http fetch GET 200 https://registry.npmjs.org/@aws-crypto%2fsha256-js 486ms (cache revalidated)
418 silly packumentCache full:https://registry.npmjs.org/@aws-crypto%2fsha256-js set size:54628 disposed:false
419 silly fetch manifest @smithy/middleware-endpoint@^4.4.20
420 silly packumentCache full:https://registry.npmjs.org/@smithy%2fmiddleware-endpoint cache-miss
421 http fetch GET 200 https://registry.npmjs.org/@aws-sdk%2fmiddleware-logger 586ms (cache revalidated)
422 silly packumentCache full:https://registry.npmjs.org/@aws-sdk%2fmiddleware-logger set size:578869 disposed:false
423 silly fetch manifest @smithy/middleware-retry@^4.4.37
424 silly packumentCache full:https://registry.npmjs.org/@smithy%2fmiddleware-retry cache-miss
425 http fetch GET 200 https://registry.npmjs.org/@aws-sdk%2fregion-config-resolver 631ms (cache revalidated)
426 silly packumentCache full:https://registry.npmjs.org/@aws-sdk%2fregion-config-resolver set size:245244 disposed:false
427 silly fetch manifest @smithy/middleware-serde@^4.2.11
428 silly packumentCache full:https://registry.npmjs.org/@smithy%2fmiddleware-serde cache-miss
429 http fetch GET 200 https://registry.npmjs.org/@aws-sdk%2futil-user-agent-browser 595ms (cache revalidated)
430 silly packumentCache full:https://registry.npmjs.org/@aws-sdk%2futil-user-agent-browser set size:659849 disposed:false
431 silly fetch manifest @smithy/middleware-stack@^4.2.10
432 silly packumentCache full:https://registry.npmjs.org/@smithy%2fmiddleware-stack cache-miss
433 http fetch GET 200 https://registry.npmjs.org/@smithy%2fconfig-resolver 614ms (cache revalidated)
434 silly packumentCache full:https://registry.npmjs.org/@smithy%2fconfig-resolver set size:239714 disposed:false
435 silly fetch manifest @smithy/node-config-provider@^4.3.10
436 silly packumentCache full:https://registry.npmjs.org/@smithy%2fnode-config-provider cache-miss
437 http fetch GET 200 https://registry.npmjs.org/@smithy%2finvalid-dependency 346ms (cache revalidated)
438 silly packumentCache full:https://registry.npmjs.org/@smithy%2finvalid-dependency set size:179557 disposed:false
439 silly fetch manifest @smithy/node-http-handler@^4.4.12
440 silly packumentCache full:https://registry.npmjs.org/@smithy%2fnode-http-handler cache-miss
441 http fetch GET 200 https://registry.npmjs.org/@smithy%2fmiddleware-content-length 335ms (cache revalidated)
442 silly packumentCache full:https://registry.npmjs.org/@smithy%2fmiddleware-content-length set size:203483 disposed:false
443 silly fetch manifest @smithy/protocol-http@^5.3.10
444 silly packumentCache full:https://registry.npmjs.org/@smithy%2fprotocol-http cache-miss
445 http fetch GET 200 https://registry.npmjs.org/@smithy%2fprotocol-http 60ms (cache revalidated)
446 silly packumentCache full:https://registry.npmjs.org/@smithy%2fprotocol-http set size:189298 disposed:false
447 silly fetch manifest @smithy/smithy-client@^4.12.0
448 silly packumentCache full:https://registry.npmjs.org/@smithy%2fsmithy-client cache-miss
449 http fetch GET 200 https://registry.npmjs.org/@smithy%2fmiddleware-retry 327ms (cache revalidated)
450 silly packumentCache full:https://registry.npmjs.org/@smithy%2fmiddleware-retry set size:589281 disposed:false
451 silly fetch manifest @smithy/types@^4.13.0
452 silly packumentCache full:https://registry.npmjs.org/@smithy%2ftypes cache-miss
453 http fetch GET 200 https://registry.npmjs.org/@smithy%2fhash-node 565ms (cache revalidated)
454 silly packumentCache full:https://registry.npmjs.org/@smithy%2fhash-node set size:189065 disposed:false
455 silly fetch manifest @smithy/url-parser@^4.2.10
456 silly packumentCache full:https://registry.npmjs.org/@smithy%2furl-parser cache-miss
457 http fetch GET 200 https://registry.npmjs.org/@smithy%2fcore 593ms (cache revalidated)
458 silly packumentCache full:https://registry.npmjs.org/@smithy%2fcore set size:517539 disposed:false
459 silly fetch manifest @smithy/util-base64@^4.3.1
460 silly packumentCache full:https://registry.npmjs.org/@smithy%2futil-base64 cache-miss
461 http fetch GET 200 https://registry.npmjs.org/@smithy%2fmiddleware-stack 321ms (cache revalidated)
462 silly packumentCache full:https://registry.npmjs.org/@smithy%2fmiddleware-stack set size:154963 disposed:false
463 silly fetch manifest @smithy/util-body-length-browser@^4.2.1
464 silly packumentCache full:https://registry.npmjs.org/@smithy%2futil-body-length-browser cache-miss
465 http fetch GET 200 https://registry.npmjs.org/@smithy%2fnode-config-provider 323ms (cache revalidated)
466 silly packumentCache full:https://registry.npmjs.org/@smithy%2fnode-config-provider set size:219260 disposed:false
467 silly fetch manifest @smithy/util-body-length-node@^4.2.2
468 silly packumentCache full:https://registry.npmjs.org/@smithy%2futil-body-length-node cache-miss
469 http fetch GET 200 https://registry.npmjs.org/@smithy%2fnode-http-handler 337ms (cache revalidated)
470 silly packumentCache full:https://registry.npmjs.org/@smithy%2fnode-http-handler set size:226695 disposed:false
471 silly fetch manifest @smithy/util-defaults-mode-browser@^4.3.36
472 silly packumentCache full:https://registry.npmjs.org/@smithy%2futil-defaults-mode-browser cache-miss
473 http fetch GET 200 https://registry.npmjs.org/@smithy%2fmiddleware-serde 487ms (cache revalidated)
474 silly packumentCache full:https://registry.npmjs.org/@smithy%2fmiddleware-serde set size:206091 disposed:false
475 silly fetch manifest @smithy/util-defaults-mode-node@^4.2.39
476 silly packumentCache full:https://registry.npmjs.org/@smithy%2futil-defaults-mode-node cache-miss
477 http fetch GET 200 https://registry.npmjs.org/@smithy%2fsmithy-client 315ms (cache revalidated)
478 silly packumentCache full:https://registry.npmjs.org/@smithy%2fsmithy-client set size:503603 disposed:false
479 silly fetch manifest @smithy/util-endpoints@^3.3.1
480 silly packumentCache full:https://registry.npmjs.org/@smithy%2futil-endpoints cache-miss
481 http fetch GET 200 https://registry.npmjs.org/@smithy%2futil-defaults-mode-node 74ms (cache revalidated)
482 silly packumentCache full:https://registry.npmjs.org/@smithy%2futil-defaults-mode-node set size:537007 disposed:false
483 silly fetch manifest @smithy/util-middleware@^4.2.10
484 silly packumentCache full:https://registry.npmjs.org/@smithy%2futil-middleware cache-miss
485 http fetch GET 200 https://registry.npmjs.org/@smithy%2ftypes 347ms (cache revalidated)
486 silly packumentCache full:https://registry.npmjs.org/@smithy%2ftypes set size:179487 disposed:false
487 silly fetch manifest @smithy/util-retry@^4.2.10
488 silly packumentCache full:https://registry.npmjs.org/@smithy%2futil-retry cache-miss
489 http fetch GET 200 https://registry.npmjs.org/@smithy%2fmiddleware-endpoint 780ms (cache revalidated)
490 silly packumentCache full:https://registry.npmjs.org/@smithy%2fmiddleware-endpoint set size:468932 disposed:false
491 silly fetch manifest @smithy/util-utf8@^4.2.1
492 silly packumentCache full:https://registry.npmjs.org/@smithy%2futil-utf8 cache-miss
493 http fetch GET 200 https://registry.npmjs.org/@smithy%2futil-middleware 61ms (cache revalidated)
494 silly packumentCache full:https://registry.npmjs.org/@smithy%2futil-middleware set size:147839 disposed:false
495 silly fetch manifest tslib@^2.6.2
496 silly packumentCache full:https://registry.npmjs.org/tslib cache-miss
497 http fetch GET 200 https://registry.npmjs.org/@smithy%2futil-body-length-node 310ms (cache revalidated)
498 silly packumentCache full:https://registry.npmjs.org/@smithy%2futil-body-length-node set size:46975 disposed:false
499 silly fetch manifest @types/node@^25.0.9
500 silly packumentCache full:https://registry.npmjs.org/@types%2fnode cache-miss
501 http fetch GET 200 https://registry.npmjs.org/tslib 48ms (cache revalidated)
502 silly packumentCache full:https://registry.npmjs.org/tslib set size:108760 disposed:false
503 silly fetch manifest discord-api-types@0.38.37
504 silly packumentCache full:https://registry.npmjs.org/discord-api-types cache-miss
505 http fetch GET 200 https://registry.npmjs.org/@smithy%2furl-parser 370ms (cache revalidated)
506 silly packumentCache full:https://registry.npmjs.org/@smithy%2furl-parser set size:177713 disposed:false
507 silly fetch manifest ws@8.19.0
508 silly packumentCache full:https://registry.npmjs.org/ws cache-hit
509 silly fetch manifest @types/ws@8.18.1
510 silly packumentCache full:https://registry.npmjs.org/@types%2fws cache-miss
511 http cache https://registry.npmjs.org/discord-api-types 10ms (cache hit)
512 silly packumentCache full:https://registry.npmjs.org/discord-api-types set size:7804551 disposed:false
513 silly fetch manifest @types/bun@1.3.9
514 silly packumentCache full:https://registry.npmjs.org/@types%2fbun cache-miss
515 http fetch GET 200 https://registry.npmjs.org/@types%2fbun 53ms (cache revalidated)
516 silly packumentCache full:https://registry.npmjs.org/@types%2fbun set size:129842 disposed:false
517 silly fetch manifest @discordjs/voice@0.19.0
518 silly packumentCache full:https://registry.npmjs.org/@discordjs%2fvoice cache-miss
519 http cache https://registry.npmjs.org/@discordjs%2fvoice 7ms (cache hit)
520 silly packumentCache full:https://registry.npmjs.org/@discordjs%2fvoice set size:5938964 disposed:false
521 silly fetch manifest @hono/node-server@1.19.9
522 silly packumentCache full:https://registry.npmjs.org/@hono%2fnode-server cache-miss
523 http fetch GET 200 https://registry.npmjs.org/@types%2fnode 136ms (cache revalidated)
524 silly packumentCache full:https://registry.npmjs.org/@types%2fnode set size:10900244 disposed:false
525 silly fetch manifest @cloudflare/workers-types@4.20260120.0
526 silly packumentCache full:https://registry.npmjs.org/@cloudflare%2fworkers-types cache-miss
527 http fetch GET 200 https://registry.npmjs.org/@types%2fws 166ms (cache revalidated)
528 silly packumentCache full:https://registry.npmjs.org/@types%2fws set size:167959 disposed:false
529 silly fetch manifest picocolors@^1.0.0
530 silly packumentCache full:https://registry.npmjs.org/picocolors cache-miss
531 http fetch GET 200 https://registry.npmjs.org/@smithy%2futil-defaults-mode-browser 411ms (cache revalidated)
532 silly packumentCache full:https://registry.npmjs.org/@smithy%2futil-defaults-mode-browser set size:490888 disposed:false
533 silly fetch manifest sisteransi@^1.0.5
534 silly packumentCache full:https://registry.npmjs.org/sisteransi cache-miss
535 http fetch GET 200 https://registry.npmjs.org/@smithy%2futil-endpoints 368ms (cache revalidated)
536 silly packumentCache full:https://registry.npmjs.org/@smithy%2futil-endpoints set size:157359 disposed:false
537 silly fetch manifest @clack/core@1.0.1
538 silly packumentCache full:https://registry.npmjs.org/@clack%2fcore cache-miss
539 http fetch GET 200 https://registry.npmjs.org/@smithy%2futil-base64 571ms (cache revalidated)
540 silly packumentCache full:https://registry.npmjs.org/@smithy%2futil-base64 set size:54150 disposed:false
541 silly fetch manifest @discordjs/node-pre-gyp@^0.4.5
542 silly packumentCache full:https://registry.npmjs.org/@discordjs%2fnode-pre-gyp cache-miss
543 http fetch GET 200 https://registry.npmjs.org/picocolors 55ms (cache revalidated)
544 silly packumentCache full:https://registry.npmjs.org/picocolors set size:16648 disposed:false
545 silly fetch manifest node-addon-api@^8.1.0
546 silly packumentCache full:https://registry.npmjs.org/node-addon-api cache-miss
547 http fetch GET 200 https://registry.npmjs.org/sisteransi 54ms (cache revalidated)
548 silly packumentCache full:https://registry.npmjs.org/sisteransi set size:23215 disposed:false
549 silly fetch manifest ws@^8.18.3
550 silly packumentCache full:https://registry.npmjs.org/ws cache-hit
551 silly fetch manifest tslib@^2.8.1
552 silly packumentCache full:https://registry.npmjs.org/tslib cache-hit
553 silly fetch manifest @types/ws@^8.18.1
554 silly packumentCache full:https://registry.npmjs.org/@types%2fws cache-hit
555 silly fetch manifest prism-media@^1.3.5
556 silly packumentCache full:https://registry.npmjs.org/prism-media cache-miss
557 http fetch GET 200 https://registry.npmjs.org/@hono%2fnode-server 107ms (cache revalidated)
558 silly packumentCache full:https://registry.npmjs.org/@hono%2fnode-server set size:219559 disposed:false
559 silly fetch manifest discord-api-types@^0.38.16
560 silly packumentCache full:https://registry.npmjs.org/discord-api-types cache-miss
561 http cache https://registry.npmjs.org/discord-api-types 8ms (cache hit)
562 silly packumentCache full:https://registry.npmjs.org/discord-api-types set size:7804551 disposed:false
563 silly fetch manifest abort-controller@^3.0.0
564 silly packumentCache full:https://registry.npmjs.org/abort-controller cache-miss
565 http fetch GET 200 https://registry.npmjs.org/@smithy%2futil-body-length-browser 601ms (cache revalidated)
566 silly packumentCache full:https://registry.npmjs.org/@smithy%2futil-body-length-browser set size:40888 disposed:false
567 silly fetch manifest @grammyjs/types@3.25.0
568 silly packumentCache full:https://registry.npmjs.org/@grammyjs%2ftypes cache-miss
569 http fetch GET 200 https://registry.npmjs.org/@smithy%2futil-utf8 333ms (cache revalidated)
570 silly packumentCache full:https://registry.npmjs.org/@smithy%2futil-utf8 set size:47745 disposed:false
571 silly fetch manifest abort-controller@^3.0.0
572 silly packumentCache full:https://registry.npmjs.org/abort-controller cache-miss
573 http fetch GET 200 https://registry.npmjs.org/prism-media 61ms (cache revalidated)
574 silly packumentCache full:https://registry.npmjs.org/prism-media set size:158576 disposed:false
575 silly fetch manifest debug@^4.4.3
576 silly packumentCache full:https://registry.npmjs.org/debug cache-miss
577 http fetch GET 200 https://registry.npmjs.org/node-addon-api 63ms (cache revalidated)
578 silly packumentCache full:https://registry.npmjs.org/node-addon-api set size:337599 disposed:false
579 silly fetch manifest node-fetch@^2.7.0
580 silly packumentCache full:https://registry.npmjs.org/node-fetch cache-miss
581 http fetch GET 200 https://registry.npmjs.org/abort-controller 41ms (cache revalidated)
582 silly packumentCache full:https://registry.npmjs.org/abort-controller set size:47272 disposed:false
583 silly fetch manifest bottleneck@^2.0.0
584 silly packumentCache full:https://registry.npmjs.org/bottleneck cache-miss
585 http fetch GET 200 https://registry.npmjs.org/abort-controller 39ms (cache revalidated)
586 silly packumentCache full:https://registry.npmjs.org/abort-controller set size:47272 disposed:false
587 silly packumentCache full:https://registry.npmjs.org/abort-controller dispose
588 silly fetch manifest debug@^4.4.3
589 silly packumentCache full:https://registry.npmjs.org/debug cache-miss
590 http fetch GET 200 https://registry.npmjs.org/debug 49ms (cache revalidated)
591 silly packumentCache full:https://registry.npmjs.org/debug set size:195840 disposed:false
592 silly fetch manifest fast-deep-equal@^3.1.3
593 silly packumentCache full:https://registry.npmjs.org/fast-deep-equal cache-miss
594 http fetch GET 200 https://registry.npmjs.org/debug 38ms (cache revalidated)
595 silly packumentCache full:https://registry.npmjs.org/debug set size:195840 disposed:false
596 silly packumentCache full:https://registry.npmjs.org/debug dispose
597 silly fetch manifest source-map-support@^0.5.21
598 silly packumentCache full:https://registry.npmjs.org/source-map-support cache-miss
599 http fetch GET 200 https://registry.npmjs.org/fast-deep-equal 44ms (cache revalidated)
600 silly packumentCache full:https://registry.npmjs.org/fast-deep-equal set size:48634 disposed:false
601 silly fetch manifest axios@~1.13.3
602 silly packumentCache full:https://registry.npmjs.org/axios cache-miss
603 http fetch GET 200 https://registry.npmjs.org/source-map-support 47ms (cache revalidated)
604 silly packumentCache full:https://registry.npmjs.org/source-map-support set size:125488 disposed:false
605 silly fetch manifest lodash.identity@^3.0.0
606 silly packumentCache full:https://registry.npmjs.org/lodash.identity cache-miss
607 http fetch GET 200 https://registry.npmjs.org/axios 46ms (cache revalidated)
608 silly packumentCache full:https://registry.npmjs.org/axios set size:770295 disposed:false
609 silly fetch manifest lodash.merge@^4.6.2
610 silly packumentCache full:https://registry.npmjs.org/lodash.merge cache-miss
611 http fetch GET 200 https://registry.npmjs.org/lodash.identity 41ms (cache revalidated)
612 silly packumentCache full:https://registry.npmjs.org/lodash.identity set size:16011 disposed:false
613 silly fetch manifest lodash.pickby@^4.6.0
614 silly packumentCache full:https://registry.npmjs.org/lodash.pickby cache-miss
615 http fetch GET 200 https://registry.npmjs.org/@cloudflare%2fworkers-types 311ms (cache revalidated)
616 silly packumentCache full:https://registry.npmjs.org/@cloudflare%2fworkers-types set size:1392735 disposed:false
617 silly fetch manifest protobufjs@^7.2.6
618 silly packumentCache full:https://registry.npmjs.org/protobufjs cache-miss
619 http fetch GET 200 https://registry.npmjs.org/lodash.merge 47ms (cache revalidated)
620 silly packumentCache full:https://registry.npmjs.org/lodash.merge set size:78575 disposed:false
621 silly fetch manifest qs@^6.14.2
622 silly packumentCache full:https://registry.npmjs.org/qs cache-miss
623 http fetch GET 200 https://registry.npmjs.org/lodash.pickby 54ms (cache revalidated)
624 silly packumentCache full:https://registry.npmjs.org/lodash.pickby set size:27049 disposed:false
625 silly fetch manifest @types/node@^24.0.0
626 silly packumentCache full:https://registry.npmjs.org/@types%2fnode cache-miss
627 http cache https://registry.npmjs.org/@types%2fnode 11ms (cache hit)
628 silly packumentCache full:https://registry.npmjs.org/@types%2fnode set size:10900244 disposed:false
629 silly fetch manifest axios@^1.7.4
630 silly packumentCache full:https://registry.npmjs.org/axios cache-hit
631 silly fetch manifest @lydell/node-pty-linux-x64@1.2.0-beta.3
632 silly packumentCache full:https://registry.npmjs.org/@lydell%2fnode-pty-linux-x64 cache-miss
633 http fetch GET 200 https://registry.npmjs.org/qs 75ms (cache revalidated)
634 silly packumentCache full:https://registry.npmjs.org/qs set size:350258 disposed:false
635 silly fetch manifest @lydell/node-pty-win32-x64@1.2.0-beta.3
636 silly packumentCache full:https://registry.npmjs.org/@lydell%2fnode-pty-win32-x64 cache-miss
637 http fetch GET 200 https://registry.npmjs.org/protobufjs 80ms (cache revalidated)
638 silly packumentCache full:https://registry.npmjs.org/protobufjs set size:635352 disposed:false
639 silly fetch manifest @lydell/node-pty-darwin-x64@1.2.0-beta.3
640 silly packumentCache full:https://registry.npmjs.org/@lydell%2fnode-pty-darwin-x64 cache-miss
641 http fetch GET 200 https://registry.npmjs.org/bottleneck 304ms (cache revalidated)
642 silly packumentCache full:https://registry.npmjs.org/bottleneck set size:218547 disposed:false
643 silly fetch manifest @lydell/node-pty-linux-arm64@1.2.0-beta.3
644 silly packumentCache full:https://registry.npmjs.org/@lydell%2fnode-pty-linux-arm64 cache-miss
645 http fetch GET 200 https://registry.npmjs.org/@lydell%2fnode-pty-darwin-x64 62ms (cache revalidated)
646 silly packumentCache full:https://registry.npmjs.org/@lydell%2fnode-pty-darwin-x64 set size:21527 disposed:false
647 silly fetch manifest @lydell/node-pty-win32-arm64@1.2.0-beta.3
648 silly packumentCache full:https://registry.npmjs.org/@lydell%2fnode-pty-win32-arm64 cache-miss
649 http fetch GET 200 https://registry.npmjs.org/@lydell%2fnode-pty-linux-arm64 58ms (cache revalidated)
650 silly packumentCache full:https://registry.npmjs.org/@lydell%2fnode-pty-linux-arm64 set size:10800 disposed:false
651 silly fetch manifest @lydell/node-pty-darwin-arm64@1.2.0-beta.3
652 silly packumentCache full:https://registry.npmjs.org/@lydell%2fnode-pty-darwin-arm64 cache-miss
653 http fetch GET 200 https://registry.npmjs.org/@smithy%2futil-retry 748ms (cache revalidated)
654 silly packumentCache full:https://registry.npmjs.org/@smithy%2futil-retry set size:168948 disposed:false
655 silly fetch manifest @mariozechner/pi-ai@^0.55.3
656 silly packumentCache full:https://registry.npmjs.org/@mariozechner%2fpi-ai cache-hit
657 silly fetch manifest @anthropic-ai/sdk@^0.73.0
658 silly packumentCache full:https://registry.npmjs.org/@anthropic-ai%2fsdk cache-miss
659 http fetch GET 200 https://registry.npmjs.org/@lydell%2fnode-pty-win32-arm64 57ms (cache revalidated)
660 silly packumentCache full:https://registry.npmjs.org/@lydell%2fnode-pty-win32-arm64 set size:18914 disposed:false
661 silly fetch manifest @aws-sdk/client-bedrock-runtime@^3.983.0
662 silly packumentCache full:https://registry.npmjs.org/@aws-sdk%2fclient-bedrock-runtime cache-miss
663 http fetch GET 200 https://registry.npmjs.org/@lydell%2fnode-pty-darwin-arm64 48ms (cache revalidated)
664 silly packumentCache full:https://registry.npmjs.org/@lydell%2fnode-pty-darwin-arm64 set size:21750 disposed:false
665 silly fetch manifest @google/genai@^1.40.0
666 silly packumentCache full:https://registry.npmjs.org/@google%2fgenai cache-miss
667 http fetch GET 200 https://registry.npmjs.org/@google%2fgenai 52ms (cache revalidated)
668 silly packumentCache full:https://registry.npmjs.org/@google%2fgenai set size:323315 disposed:false
669 silly fetch manifest @mistralai/mistralai@1.10.0
670 silly packumentCache full:https://registry.npmjs.org/@mistralai%2fmistralai cache-miss
671 http fetch GET 200 https://registry.npmjs.org/@clack%2fcore 606ms (cache revalidated)
672 silly packumentCache full:https://registry.npmjs.org/@clack%2fcore set size:125778 disposed:false
673 silly fetch manifest @sinclair/typebox@^0.34.41
674 silly packumentCache full:https://registry.npmjs.org/@sinclair%2ftypebox cache-miss
675 http cache https://registry.npmjs.org/@sinclair%2ftypebox 2ms (cache hit)
676 silly packumentCache full:https://registry.npmjs.org/@sinclair%2ftypebox set size:1145528 disposed:false
677 silly fetch manifest ajv@^8.17.1
678 silly packumentCache full:https://registry.npmjs.org/ajv cache-miss
679 http fetch GET 200 https://registry.npmjs.org/@discordjs%2fnode-pre-gyp 586ms (cache revalidated)
680 silly packumentCache full:https://registry.npmjs.org/@discordjs%2fnode-pre-gyp set size:54983 disposed:false
681 silly fetch manifest ajv-formats@^3.0.1
682 silly packumentCache full:https://registry.npmjs.org/ajv-formats cache-miss
683 http cache https://registry.npmjs.org/ajv 3ms (cache hit)
684 silly packumentCache full:https://registry.npmjs.org/ajv set size:1120197 disposed:false
685 silly fetch manifest openai@6.10.0
686 silly packumentCache full:https://registry.npmjs.org/openai cache-miss
687 http fetch GET 200 https://registry.npmjs.org/@grammyjs%2ftypes 577ms (cache revalidated)
688 silly packumentCache full:https://registry.npmjs.org/@grammyjs%2ftypes set size:192378 disposed:false
689 silly fetch manifest partial-json@^0.1.7
690 silly packumentCache full:https://registry.npmjs.org/partial-json cache-miss
691 http fetch GET 200 https://registry.npmjs.org/ajv-formats 46ms (cache revalidated)
692 silly packumentCache full:https://registry.npmjs.org/ajv-formats set size:141264 disposed:false
693 silly fetch manifest proxy-agent@^6.5.0
694 silly packumentCache full:https://registry.npmjs.org/proxy-agent cache-miss
695 http fetch GET 200 https://registry.npmjs.org/openai 58ms (cache revalidated)
696 silly packumentCache full:https://registry.npmjs.org/openai set size:4750426 disposed:false
697 silly fetch manifest undici@^7.19.1
698 silly packumentCache full:https://registry.npmjs.org/undici cache-miss
699 http cache https://registry.npmjs.org/undici 4ms (cache hit)
700 silly packumentCache full:https://registry.npmjs.org/undici set size:1271191 disposed:false
701 silly fetch manifest zod-to-json-schema@^3.24.6
702 silly packumentCache full:https://registry.npmjs.org/zod-to-json-schema cache-miss
703 http fetch GET 200 https://registry.npmjs.org/@lydell%2fnode-pty-linux-x64 334ms (cache revalidated)
704 silly packumentCache full:https://registry.npmjs.org/@lydell%2fnode-pty-linux-x64 set size:21417 disposed:false
705 silly fetch manifest @mariozechner/jiti@^2.6.2
706 silly packumentCache full:https://registry.npmjs.org/@mariozechner%2fjiti cache-miss
707 http fetch GET 200 https://registry.npmjs.org/partial-json 47ms (cache revalidated)
708 silly packumentCache full:https://registry.npmjs.org/partial-json set size:22637 disposed:false
709 silly fetch manifest @mariozechner/pi-tui@^0.55.3
710 silly packumentCache full:https://registry.npmjs.org/@mariozechner%2fpi-tui cache-hit
711 silly fetch manifest @silvia-odwyer/photon-node@^0.3.4
712 silly packumentCache full:https://registry.npmjs.org/@silvia-odwyer%2fphoton-node cache-miss
713 http fetch GET 200 https://registry.npmjs.org/proxy-agent 46ms (cache revalidated)
714 silly packumentCache full:https://registry.npmjs.org/proxy-agent set size:70579 disposed:false
715 silly fetch manifest chalk@^5.5.0
716 silly packumentCache full:https://registry.npmjs.org/chalk cache-hit
717 silly fetch manifest diff@^8.0.2
718 silly packumentCache full:https://registry.npmjs.org/diff cache-miss
719 http fetch GET 200 https://registry.npmjs.org/zod-to-json-schema 50ms (cache revalidated)
720 silly packumentCache full:https://registry.npmjs.org/zod-to-json-schema set size:301404 disposed:false
721 silly fetch manifest extract-zip@^2.0.1
722 silly packumentCache full:https://registry.npmjs.org/extract-zip cache-miss
723 http fetch GET 200 https://registry.npmjs.org/diff 52ms (cache revalidated)
724 silly packumentCache full:https://registry.npmjs.org/diff set size:146701 disposed:false
725 silly fetch manifest file-type@^21.1.1
726 silly packumentCache full:https://registry.npmjs.org/file-type cache-hit
727 silly fetch manifest glob@^13.0.1
728 silly packumentCache full:https://registry.npmjs.org/glob cache-miss
729 http fetch GET 200 https://registry.npmjs.org/extract-zip 48ms (cache revalidated)
730 silly packumentCache full:https://registry.npmjs.org/extract-zip set size:47715 disposed:false
731 silly fetch manifest hosted-git-info@^9.0.2
732 silly packumentCache full:https://registry.npmjs.org/hosted-git-info cache-miss
733 http fetch GET 200 https://registry.npmjs.org/glob 64ms (cache revalidated)
734 silly packumentCache full:https://registry.npmjs.org/glob set size:469465 disposed:false
735 silly fetch manifest ignore@^7.0.5
736 silly packumentCache full:https://registry.npmjs.org/ignore cache-miss
737 http fetch GET 200 https://registry.npmjs.org/hosted-git-info 75ms (cache revalidated)
738 silly packumentCache full:https://registry.npmjs.org/hosted-git-info set size:178912 disposed:false
739 silly fetch manifest marked@^15.0.12
740 silly packumentCache full:https://registry.npmjs.org/marked cache-miss
741 http fetch GET 200 https://registry.npmjs.org/ignore 61ms (cache revalidated)
742 silly packumentCache full:https://registry.npmjs.org/ignore set size:237380 disposed:false
743 silly fetch manifest minimatch@^10.2.3
744 silly packumentCache full:https://registry.npmjs.org/minimatch cache-miss
745 http fetch GET 200 https://registry.npmjs.org/marked 50ms (cache revalidated)
746 silly packumentCache full:https://registry.npmjs.org/marked set size:711325 disposed:false
747 silly fetch manifest proper-lockfile@^4.1.2
748 silly packumentCache full:https://registry.npmjs.org/proper-lockfile cache-miss
749 http fetch GET 200 https://registry.npmjs.org/node-fetch 860ms (cache revalidated)
750 silly packumentCache full:https://registry.npmjs.org/node-fetch set size:896010 disposed:false
751 silly fetch manifest @mariozechner/clipboard@^0.3.2
752 silly packumentCache full:https://registry.npmjs.org/@mariozechner%2fclipboard cache-miss
753 http fetch GET 200 https://registry.npmjs.org/minimatch 62ms (cache revalidated)
754 silly packumentCache full:https://registry.npmjs.org/minimatch set size:352359 disposed:false
755 silly fetch manifest @types/mime-types@^2.1.4
756 silly packumentCache full:https://registry.npmjs.org/@types%2fmime-types cache-miss
757 http fetch GET 200 https://registry.npmjs.org/proper-lockfile 65ms (cache revalidated)
758 silly packumentCache full:https://registry.npmjs.org/proper-lockfile set size:82421 disposed:false
759 silly fetch manifest get-east-asian-width@^1.3.0
760 silly packumentCache full:https://registry.npmjs.org/get-east-asian-width cache-miss
761 http fetch GET 200 https://registry.npmjs.org/get-east-asian-width 46ms (cache revalidated)
762 silly packumentCache full:https://registry.npmjs.org/get-east-asian-width set size:18337 disposed:false
763 silly fetch manifest koffi@^2.9.0
764 silly packumentCache full:https://registry.npmjs.org/koffi cache-miss
765 http fetch GET 200 https://registry.npmjs.org/koffi 48ms (cache revalidated)
766 silly packumentCache full:https://registry.npmjs.org/koffi set size:569840 disposed:false
767 silly fetch manifest mime-types@^3.0.1
768 silly packumentCache full:https://registry.npmjs.org/mime-types cache-miss
769 http fetch GET 200 https://registry.npmjs.org/@mistralai%2fmistralai 566ms (cache revalidated)
770 silly packumentCache full:https://registry.npmjs.org/@mistralai%2fmistralai set size:115467 disposed:false
771 silly fetch manifest @napi-rs/canvas-linux-x64-gnu@0.1.95
772 silly packumentCache full:https://registry.npmjs.org/@napi-rs%2fcanvas-linux-x64-gnu cache-miss
773 http fetch GET 200 https://registry.npmjs.org/mime-types 46ms (cache revalidated)
774 silly packumentCache full:https://registry.npmjs.org/mime-types set size:139110 disposed:false
775 silly fetch manifest @napi-rs/canvas-darwin-x64@0.1.95
776 silly packumentCache full:https://registry.npmjs.org/@napi-rs%2fcanvas-darwin-x64 cache-miss
777 http fetch GET 200 https://registry.npmjs.org/@lydell%2fnode-pty-win32-x64 816ms (cache revalidated)
778 silly packumentCache full:https://registry.npmjs.org/@lydell%2fnode-pty-win32-x64 set size:21450 disposed:false
779 silly fetch manifest @napi-rs/canvas-win32-x64-msvc@0.1.95
780 silly packumentCache full:https://registry.npmjs.org/@napi-rs%2fcanvas-win32-x64-msvc cache-miss
781 http fetch GET 200 https://registry.npmjs.org/@napi-rs%2fcanvas-linux-x64-gnu 50ms (cache revalidated)
782 silly packumentCache full:https://registry.npmjs.org/@napi-rs%2fcanvas-linux-x64-gnu set size:229048 disposed:false
783 silly fetch manifest @napi-rs/canvas-win32-arm64-msvc@0.1.95
784 silly packumentCache full:https://registry.npmjs.org/@napi-rs%2fcanvas-win32-arm64-msvc cache-miss
785 http fetch GET 200 https://registry.npmjs.org/@napi-rs%2fcanvas-darwin-x64 51ms (cache revalidated)
786 silly packumentCache full:https://registry.npmjs.org/@napi-rs%2fcanvas-darwin-x64 set size:224475 disposed:false
787 silly fetch manifest @napi-rs/canvas-linux-arm-gnueabihf@0.1.95
788 silly packumentCache full:https://registry.npmjs.org/@napi-rs%2fcanvas-linux-arm-gnueabihf cache-miss
789 http fetch GET 200 https://registry.npmjs.org/@types%2fmime-types 301ms (cache revalidated)
790 silly packumentCache full:https://registry.npmjs.org/@types%2fmime-types set size:12633 disposed:false
791 silly fetch manifest @napi-rs/canvas-linux-x64-musl@0.1.95
792 silly packumentCache full:https://registry.npmjs.org/@napi-rs%2fcanvas-linux-x64-musl cache-miss
793 http fetch GET 200 https://registry.npmjs.org/@mariozechner%2fjiti 623ms (cache revalidated)
794 silly packumentCache full:https://registry.npmjs.org/@mariozechner%2fjiti set size:21634 disposed:false
795 silly fetch manifest @napi-rs/canvas-linux-arm64-gnu@0.1.95
796 silly packumentCache full:https://registry.npmjs.org/@napi-rs%2fcanvas-linux-arm64-gnu cache-miss
797 http fetch GET 200 https://registry.npmjs.org/@napi-rs%2fcanvas-linux-x64-musl 53ms (cache revalidated)
798 silly packumentCache full:https://registry.npmjs.org/@napi-rs%2fcanvas-linux-x64-musl set size:229662 disposed:false
799 silly fetch manifest @napi-rs/canvas-linux-arm64-musl@0.1.95
800 silly packumentCache full:https://registry.npmjs.org/@napi-rs%2fcanvas-linux-arm64-musl cache-miss
801 http fetch GET 200 https://registry.npmjs.org/@aws-sdk%2fclient-bedrock-runtime 856ms (cache revalidated)
802 silly packumentCache full:https://registry.npmjs.org/@aws-sdk%2fclient-bedrock-runtime set size:1333553 disposed:false
803 silly fetch manifest @napi-rs/canvas-darwin-arm64@0.1.95
804 silly packumentCache full:https://registry.npmjs.org/@napi-rs%2fcanvas-darwin-arm64 cache-miss
805 http fetch GET 200 https://registry.npmjs.org/@napi-rs%2fcanvas-linux-arm64-musl 54ms (cache revalidated)
806 silly packumentCache full:https://registry.npmjs.org/@napi-rs%2fcanvas-linux-arm64-musl set size:213898 disposed:false
807 silly fetch manifest @napi-rs/canvas-android-arm64@0.1.95
808 silly packumentCache full:https://registry.npmjs.org/@napi-rs%2fcanvas-android-arm64 cache-miss
809 http fetch GET 200 https://registry.npmjs.org/@napi-rs%2fcanvas-win32-x64-msvc 329ms (cache revalidated)
810 silly packumentCache full:https://registry.npmjs.org/@napi-rs%2fcanvas-win32-x64-msvc set size:227146 disposed:false
811 silly fetch manifest @napi-rs/canvas-linux-riscv64-gnu@0.1.95
812 silly packumentCache full:https://registry.npmjs.org/@napi-rs%2fcanvas-linux-riscv64-gnu cache-miss
813 http fetch GET 200 https://registry.npmjs.org/@napi-rs%2fcanvas-linux-arm-gnueabihf 339ms (cache revalidated)
814 silly packumentCache full:https://registry.npmjs.org/@napi-rs%2fcanvas-linux-arm-gnueabihf set size:230608 disposed:false
815 silly fetch manifest axios@^1.12.0
816 silly packumentCache full:https://registry.npmjs.org/axios cache-hit
817 silly fetch manifest tsscmp@^1.0.6
818 silly packumentCache full:https://registry.npmjs.org/tsscmp cache-miss
819 http fetch GET 200 https://registry.npmjs.org/@napi-rs%2fcanvas-linux-riscv64-gnu 68ms (cache revalidated)
820 silly packumentCache full:https://registry.npmjs.org/@napi-rs%2fcanvas-linux-riscv64-gnu set size:66367 disposed:false
821 silly fetch manifest express@^5.0.0
822 silly packumentCache full:https://registry.npmjs.org/express cache-hit
823 silly fetch manifest raw-body@^3
824 silly packumentCache full:https://registry.npmjs.org/raw-body cache-miss
825 http fetch GET 200 https://registry.npmjs.org/tsscmp 39ms (cache revalidated)
826 silly packumentCache full:https://registry.npmjs.org/tsscmp set size:13313 disposed:false
827 silly fetch manifest @slack/oauth@^3.0.4
828 silly packumentCache full:https://registry.npmjs.org/@slack%2foauth cache-miss
829 http fetch GET 200 https://registry.npmjs.org/@napi-rs%2fcanvas-linux-arm64-gnu 315ms (cache revalidated)
830 silly packumentCache full:https://registry.npmjs.org/@napi-rs%2fcanvas-linux-arm64-gnu set size:230648 disposed:false
831 silly fetch manifest @slack/types@^2.18.0
832 silly packumentCache full:https://registry.npmjs.org/@slack%2ftypes cache-miss
833 http fetch GET 200 https://registry.npmjs.org/raw-body 56ms (cache revalidated)
834 silly packumentCache full:https://registry.npmjs.org/raw-body set size:117822 disposed:false
835 silly fetch manifest @slack/logger@^4.0.0
836 silly packumentCache full:https://registry.npmjs.org/@slack%2flogger cache-miss
837 http fetch GET 200 https://registry.npmjs.org/@napi-rs%2fcanvas-darwin-arm64 342ms (cache revalidated)
838 silly packumentCache full:https://registry.npmjs.org/@napi-rs%2fcanvas-darwin-arm64 set size:226053 disposed:false
839 silly fetch manifest @slack/web-api@^7.12.0
840 silly packumentCache full:https://registry.npmjs.org/@slack%2fweb-api cache-hit
841 silly fetch manifest path-to-regexp@^8.1.0
842 silly packumentCache full:https://registry.npmjs.org/path-to-regexp cache-miss
843 http fetch GET 200 https://registry.npmjs.org/@napi-rs%2fcanvas-android-arm64 339ms (cache revalidated)
844 silly packumentCache full:https://registry.npmjs.org/@napi-rs%2fcanvas-android-arm64 set size:226872 disposed:false
845 silly fetch manifest @slack/socket-mode@^2.0.5
846 silly packumentCache full:https://registry.npmjs.org/@slack%2fsocket-mode cache-miss
847 http fetch GET 200 https://registry.npmjs.org/path-to-regexp 50ms (cache revalidated)
848 silly packumentCache full:https://registry.npmjs.org/path-to-regexp set size:207142 disposed:false
849 silly fetch manifest @types/body-parser@*
850 silly packumentCache full:https://registry.npmjs.org/@types%2fbody-parser cache-miss
851 http fetch GET 200 https://registry.npmjs.org/@napi-rs%2fcanvas-win32-arm64-msvc 616ms (cache revalidated)
852 silly packumentCache full:https://registry.npmjs.org/@napi-rs%2fcanvas-win32-arm64-msvc set size:25015 disposed:false
853 silly fetch manifest @types/serve-static@^2
854 silly packumentCache full:https://registry.npmjs.org/@types%2fserve-static cache-miss
855 http fetch GET 200 https://registry.npmjs.org/@types%2fbody-parser 72ms (cache revalidated)
856 silly packumentCache full:https://registry.npmjs.org/@types%2fbody-parser set size:59466 disposed:false
857 silly fetch manifest @types/express-serve-static-core@^5.0.0
858 silly packumentCache full:https://registry.npmjs.org/@types%2fexpress-serve-static-core cache-miss
859 http fetch GET 200 https://registry.npmjs.org/@silvia-odwyer%2fphoton-node 1129ms (cache revalidated)
860 silly packumentCache full:https://registry.npmjs.org/@silvia-odwyer%2fphoton-node set size:23128 disposed:false
861 silly fetch manifest @slack/logger@^4.0.0
862 silly packumentCache full:https://registry.npmjs.org/@slack%2flogger cache-miss
863 http fetch GET 200 https://registry.npmjs.org/@anthropic-ai%2fsdk 1334ms (cache revalidated)
864 silly packumentCache full:https://registry.npmjs.org/@anthropic-ai%2fsdk set size:691159 disposed:false
865 silly fetch manifest @slack/types@^2.20.0
866 silly packumentCache full:https://registry.npmjs.org/@slack%2ftypes cache-miss
867 http fetch GET 200 https://registry.npmjs.org/@mariozechner%2fclipboard 868ms (cache revalidated)
868 silly packumentCache full:https://registry.npmjs.org/@mariozechner%2fclipboard set size:8389 disposed:false
869 silly fetch manifest @types/node@>=18.0.0
870 silly packumentCache full:https://registry.npmjs.org/@types%2fnode cache-miss
871 http cache https://registry.npmjs.org/@types%2fnode 15ms (cache hit)
872 silly packumentCache full:https://registry.npmjs.org/@types%2fnode set size:10900244 disposed:false
873 silly fetch manifest @types/retry@0.12.0
874 silly packumentCache full:https://registry.npmjs.org/@types%2fretry cache-miss
875 http fetch GET 200 https://registry.npmjs.org/@types%2fserve-static 96ms (cache revalidated)
876 silly packumentCache full:https://registry.npmjs.org/@types%2fserve-static set size:70859 disposed:false
877 silly fetch manifest axios@^1.13.5
878 silly packumentCache full:https://registry.npmjs.org/axios cache-hit
879 silly fetch manifest eventemitter3@^5.0.1
880 silly packumentCache full:https://registry.npmjs.org/eventemitter3 cache-miss
881 http fetch GET 200 https://registry.npmjs.org/@types%2fexpress-serve-static-core 84ms (cache revalidated)
882 silly packumentCache full:https://registry.npmjs.org/@types%2fexpress-serve-static-core set size:264345 disposed:false
883 silly fetch manifest form-data@^4.0.4
884 silly packumentCache full:https://registry.npmjs.org/form-data cache-miss
885 http fetch GET 200 https://registry.npmjs.org/eventemitter3 53ms (cache revalidated)
886 silly packumentCache full:https://registry.npmjs.org/eventemitter3 set size:92292 disposed:false
887 silly fetch manifest is-electron@2.2.2
888 silly packumentCache full:https://registry.npmjs.org/is-electron cache-miss
889 http fetch GET 200 https://registry.npmjs.org/form-data 53ms (cache revalidated)
890 silly packumentCache full:https://registry.npmjs.org/form-data set size:153646 disposed:false
891 silly fetch manifest is-stream@^2
892 silly packumentCache full:https://registry.npmjs.org/is-stream cache-miss
893 http fetch GET 200 https://registry.npmjs.org/@types%2fretry 68ms (cache revalidated)
894 silly packumentCache full:https://registry.npmjs.org/@types%2fretry set size:17008 disposed:false
895 silly fetch manifest p-queue@^6
896 silly packumentCache full:https://registry.npmjs.org/p-queue cache-miss
897 http fetch GET 200 https://registry.npmjs.org/is-stream 41ms (cache revalidated)
898 silly packumentCache full:https://registry.npmjs.org/is-stream set size:18582 disposed:false
899 silly fetch manifest p-retry@^4
900 silly packumentCache full:https://registry.npmjs.org/p-retry cache-miss
901 http fetch GET 200 https://registry.npmjs.org/is-electron 44ms (cache revalidated)
902 silly packumentCache full:https://registry.npmjs.org/is-electron set size:14829 disposed:false
903 silly fetch manifest retry@^0.13.1
904 silly packumentCache full:https://registry.npmjs.org/retry cache-miss
905 http fetch GET 200 https://registry.npmjs.org/p-queue 52ms (cache revalidated)
906 silly packumentCache full:https://registry.npmjs.org/p-queue set size:167834 disposed:false
907 silly fetch manifest @snazzah/davey-darwin-x64@0.1.9
908 silly packumentCache full:https://registry.npmjs.org/@snazzah%2fdavey-darwin-x64 cache-miss
909 http fetch GET 200 https://registry.npmjs.org/retry 41ms (cache revalidated)
910 silly packumentCache full:https://registry.npmjs.org/retry set size:31161 disposed:false
911 silly fetch manifest @snazzah/davey-darwin-arm64@0.1.9
912 silly packumentCache full:https://registry.npmjs.org/@snazzah%2fdavey-darwin-arm64 cache-miss
913 http fetch GET 200 https://registry.npmjs.org/p-retry 47ms (cache revalidated)
914 silly packumentCache full:https://registry.npmjs.org/p-retry set size:69543 disposed:false
915 silly fetch manifest @snazzah/davey-linux-x64-gnu@0.1.9
916 silly packumentCache full:https://registry.npmjs.org/@snazzah%2fdavey-linux-x64-gnu cache-miss
917 http fetch GET 200 https://registry.npmjs.org/@slack%2ftypes 388ms (cache revalidated)
918 silly packumentCache full:https://registry.npmjs.org/@slack%2ftypes set size:147656 disposed:false
919 silly fetch manifest @snazzah/davey-win32-x64-msvc@0.1.9
920 silly packumentCache full:https://registry.npmjs.org/@snazzah%2fdavey-win32-x64-msvc cache-miss
921 http fetch GET 200 https://registry.npmjs.org/@slack%2ftypes 581ms (cache revalidated)
922 silly packumentCache full:https://registry.npmjs.org/@slack%2ftypes set size:147656 disposed:false
923 silly packumentCache full:https://registry.npmjs.org/@slack%2ftypes dispose
924 silly fetch manifest @snazzah/davey-linux-x64-musl@0.1.9
925 silly packumentCache full:https://registry.npmjs.org/@snazzah%2fdavey-linux-x64-musl cache-miss
926 http fetch GET 200 https://registry.npmjs.org/@slack%2flogger 431ms (cache revalidated)
927 silly packumentCache full:https://registry.npmjs.org/@slack%2flogger set size:22469 disposed:false
928 silly fetch manifest @snazzah/davey-linux-arm64-gnu@0.1.9
929 silly packumentCache full:https://registry.npmjs.org/@snazzah%2fdavey-linux-arm64-gnu cache-miss
930 http fetch GET 200 https://registry.npmjs.org/@slack%2flogger 613ms (cache revalidated)
931 silly packumentCache full:https://registry.npmjs.org/@slack%2flogger set size:22469 disposed:false
932 silly packumentCache full:https://registry.npmjs.org/@slack%2flogger dispose
933 silly fetch manifest @snazzah/davey-win32-ia32-msvc@0.1.9
934 silly packumentCache full:https://registry.npmjs.org/@snazzah%2fdavey-win32-ia32-msvc cache-miss
935 http fetch GET 200 https://registry.npmjs.org/@slack%2fsocket-mode 606ms (cache revalidated)
936 silly packumentCache full:https://registry.npmjs.org/@slack%2fsocket-mode set size:103014 disposed:false
937 silly fetch manifest @snazzah/davey-linux-arm-gnueabihf@0.1.9
938 silly packumentCache full:https://registry.npmjs.org/@snazzah%2fdavey-linux-arm-gnueabihf cache-miss
939 http fetch GET 200 https://registry.npmjs.org/@slack%2foauth 839ms (cache revalidated)
940 silly packumentCache full:https://registry.npmjs.org/@slack%2foauth set size:139236 disposed:false
941 silly fetch manifest @snazzah/davey-android-arm64@0.1.9
942 silly packumentCache full:https://registry.npmjs.org/@snazzah%2fdavey-android-arm64 cache-miss
943 http fetch GET 200 https://registry.npmjs.org/@snazzah%2fdavey-linux-arm64-gnu 352ms (cache revalidated)
944 silly packumentCache full:https://registry.npmjs.org/@snazzah%2fdavey-linux-arm64-gnu set size:19335 disposed:false
945 silly fetch manifest @snazzah/davey-freebsd-x64@0.1.9
946 silly packumentCache full:https://registry.npmjs.org/@snazzah%2fdavey-freebsd-x64 cache-miss
947 http fetch GET 200 https://registry.npmjs.org/@snazzah%2fdavey-darwin-arm64 572ms (cache revalidated)
948 silly packumentCache full:https://registry.npmjs.org/@snazzah%2fdavey-darwin-arm64 set size:18951 disposed:false
949 silly fetch manifest @snazzah/davey-linux-arm64-musl@0.1.9
950 silly packumentCache full:https://registry.npmjs.org/@snazzah%2fdavey-linux-arm64-musl cache-miss
951 http fetch GET 200 https://registry.npmjs.org/@snazzah%2fdavey-darwin-x64 606ms (cache revalidated)
952 silly packumentCache full:https://registry.npmjs.org/@snazzah%2fdavey-darwin-x64 set size:18781 disposed:false
953 silly fetch manifest @snazzah/davey-win32-arm64-msvc@0.1.9
954 silly packumentCache full:https://registry.npmjs.org/@snazzah%2fdavey-win32-arm64-msvc cache-miss
955 http fetch GET 200 https://registry.npmjs.org/@snazzah%2fdavey-linux-x64-gnu 589ms (cache revalidated)
956 silly packumentCache full:https://registry.npmjs.org/@snazzah%2fdavey-linux-x64-gnu set size:19169 disposed:false
957 silly fetch manifest @snazzah/davey-android-arm-eabi@0.1.9
958 silly packumentCache full:https://registry.npmjs.org/@snazzah%2fdavey-android-arm-eabi cache-miss
959 http fetch GET 200 https://registry.npmjs.org/@snazzah%2fdavey-linux-arm-gnueabihf 313ms (cache revalidated)
960 silly packumentCache full:https://registry.npmjs.org/@snazzah%2fdavey-linux-arm-gnueabihf set size:19438 disposed:false
961 silly fetch manifest @snazzah/davey-wasm32-wasi@0.1.9
962 silly packumentCache full:https://registry.npmjs.org/@snazzah%2fdavey-wasm32-wasi cache-miss
963 http fetch GET 200 https://registry.npmjs.org/@snazzah%2fdavey-win32-x64-msvc 578ms (cache revalidated)
964 silly packumentCache full:https://registry.npmjs.org/@snazzah%2fdavey-win32-x64-msvc set size:19065 disposed:false
965 silly fetch manifest @cacheable/node-cache@^1.4.0
966 silly packumentCache full:https://registry.npmjs.org/@cacheable%2fnode-cache cache-miss
967 http fetch GET 200 https://registry.npmjs.org/@snazzah%2fdavey-linux-x64-musl 588ms (cache revalidated)
968 silly packumentCache full:https://registry.npmjs.org/@snazzah%2fdavey-linux-x64-musl set size:19231 disposed:false
969 silly fetch manifest @hapi/boom@^9.1.3
970 silly packumentCache full:https://registry.npmjs.org/@hapi%2fboom cache-miss
971 http fetch GET 200 https://registry.npmjs.org/@cacheable%2fnode-cache 72ms (cache revalidated)
972 silly packumentCache full:https://registry.npmjs.org/@cacheable%2fnode-cache set size:91574 disposed:false
973 silly fetch manifest async-mutex@^0.5.0
974 silly packumentCache full:https://registry.npmjs.org/async-mutex cache-miss
975 http fetch GET 200 https://registry.npmjs.org/@hapi%2fboom 72ms (cache revalidated)
976 silly packumentCache full:https://registry.npmjs.org/@hapi%2fboom set size:55554 disposed:false
977 silly fetch manifest libsignal@git+https://github.com/whiskeysockets/libsignal-node.git
978 http fetch GET 200 https://registry.npmjs.org/async-mutex 64ms (cache revalidated)
979 silly packumentCache full:https://registry.npmjs.org/async-mutex set size:76106 disposed:false
980 silly fetch manifest lru-cache@^11.1.0
981 silly packumentCache full:https://registry.npmjs.org/lru-cache cache-miss
982 http fetch GET 200 https://registry.npmjs.org/@snazzah%2fdavey-linux-arm64-musl 329ms (cache revalidated)
983 silly packumentCache full:https://registry.npmjs.org/@snazzah%2fdavey-linux-arm64-musl set size:19399 disposed:false
984 silly fetch manifest music-metadata@^11.7.0
985 silly packumentCache full:https://registry.npmjs.org/music-metadata cache-miss
986 http fetch GET 200 https://registry.npmjs.org/lru-cache 44ms (cache revalidated)
987 silly packumentCache full:https://registry.npmjs.org/lru-cache set size:413591 disposed:false
988 silly fetch manifest p-queue@^9.0.0
989 silly packumentCache full:https://registry.npmjs.org/p-queue cache-hit
990 silly fetch manifest pino@^9.6
991 silly packumentCache full:https://registry.npmjs.org/pino cache-miss
992 http fetch GET 200 https://registry.npmjs.org/music-metadata 42ms (cache revalidated)
993 silly packumentCache full:https://registry.npmjs.org/music-metadata set size:1268569 disposed:false
994 silly fetch manifest protobufjs@^7.2.4
995 silly packumentCache full:https://registry.npmjs.org/protobufjs cache-hit
996 silly fetch manifest ws@^8.13.0
997 silly packumentCache full:https://registry.npmjs.org/ws cache-hit
998 silly fetch manifest semver@^7.7.3
999 silly packumentCache full:https://registry.npmjs.org/semver cache-miss
1000 http fetch GET 200 https://registry.npmjs.org/@snazzah%2fdavey-android-arm64 582ms (cache revalidated)
1001 silly packumentCache full:https://registry.npmjs.org/@snazzah%2fdavey-android-arm64 set size:19032 disposed:false
1002 silly fetch manifest @img/colour@^1.0.0
1003 silly packumentCache full:https://registry.npmjs.org/@img%2fcolour cache-miss
1004 http fetch GET 200 https://registry.npmjs.org/pino 52ms (cache revalidated)
1005 silly packumentCache full:https://registry.npmjs.org/pino set size:1274379 disposed:false
1006 silly fetch manifest detect-libc@^2.1.2
1007 silly packumentCache full:https://registry.npmjs.org/detect-libc cache-miss
1008 http fetch GET 200 https://registry.npmjs.org/semver 51ms (cache revalidated)
1009 silly packumentCache full:https://registry.npmjs.org/semver set size:229678 disposed:false
1010 silly fetch manifest @img/sharp-wasm32@0.34.5
1011 silly packumentCache full:https://registry.npmjs.org/@img%2fsharp-wasm32 cache-miss
1012 http fetch GET 200 https://registry.npmjs.org/@img%2fcolour 53ms (cache revalidated)
1013 silly packumentCache full:https://registry.npmjs.org/@img%2fcolour set size:9701 disposed:false
1014 silly fetch manifest @img/sharp-linux-arm@0.34.5
1015 silly packumentCache full:https://registry.npmjs.org/@img%2fsharp-linux-arm cache-miss
1016 http fetch GET 200 https://registry.npmjs.org/@snazzah%2fdavey-win32-ia32-msvc 829ms (cache revalidated)
1017 silly packumentCache full:https://registry.npmjs.org/@snazzah%2fdavey-win32-ia32-msvc set size:19149 disposed:false
1018 silly fetch manifest @img/sharp-linux-x64@0.34.5
1019 silly packumentCache full:https://registry.npmjs.org/@img%2fsharp-linux-x64 cache-miss
1020 http fetch GET 200 https://registry.npmjs.org/detect-libc 45ms (cache revalidated)
1021 silly packumentCache full:https://registry.npmjs.org/detect-libc set size:47861 disposed:false
1022 silly fetch manifest @img/sharp-win32-x64@0.34.5
1023 silly packumentCache full:https://registry.npmjs.org/@img%2fsharp-win32-x64 cache-miss
1024 http fetch GET 200 https://registry.npmjs.org/@img%2fsharp-wasm32 58ms (cache revalidated)
1025 silly packumentCache full:https://registry.npmjs.org/@img%2fsharp-wasm32 set size:61337 disposed:false
1026 silly fetch manifest @img/sharp-darwin-x64@0.34.5
1027 silly packumentCache full:https://registry.npmjs.org/@img%2fsharp-darwin-x64 cache-miss
1028 http fetch GET 200 https://registry.npmjs.org/@img%2fsharp-linux-x64 47ms (cache revalidated)
1029 silly packumentCache full:https://registry.npmjs.org/@img%2fsharp-linux-x64 set size:66311 disposed:false
1030 silly fetch manifest @img/sharp-win32-ia32@0.34.5
1031 silly packumentCache full:https://registry.npmjs.org/@img%2fsharp-win32-ia32 cache-miss
1032 http fetch GET 200 https://registry.npmjs.org/@img%2fsharp-linux-arm 68ms (cache revalidated)
1033 silly packumentCache full:https://registry.npmjs.org/@img%2fsharp-linux-arm set size:66643 disposed:false
1034 silly fetch manifest @img/sharp-linux-arm64@0.34.5
1035 silly packumentCache full:https://registry.npmjs.org/@img%2fsharp-linux-arm64 cache-miss
1036 http fetch GET 200 https://registry.npmjs.org/@img%2fsharp-win32-x64 60ms (cache revalidated)
1037 silly packumentCache full:https://registry.npmjs.org/@img%2fsharp-win32-x64 set size:64388 disposed:false
1038 silly fetch manifest @img/sharp-linux-ppc64@0.34.5
1039 silly packumentCache full:https://registry.npmjs.org/@img%2fsharp-linux-ppc64 cache-miss
1040 http fetch GET 200 https://registry.npmjs.org/@img%2fsharp-darwin-x64 47ms (cache revalidated)
1041 silly packumentCache full:https://registry.npmjs.org/@img%2fsharp-darwin-x64 set size:65222 disposed:false
1042 silly fetch manifest @img/sharp-linux-s390x@0.34.5
1043 silly packumentCache full:https://registry.npmjs.org/@img%2fsharp-linux-s390x cache-miss
1044 http fetch GET 200 https://registry.npmjs.org/@img%2fsharp-win32-ia32 48ms (cache revalidated)
1045 silly packumentCache full:https://registry.npmjs.org/@img%2fsharp-win32-ia32 set size:65002 disposed:false
1046 silly fetch manifest @img/sharp-win32-arm64@0.34.5
1047 silly packumentCache full:https://registry.npmjs.org/@img%2fsharp-win32-arm64 cache-miss
1048 http fetch GET 200 https://registry.npmjs.org/@img%2fsharp-linux-arm64 52ms (cache revalidated)
1049 silly packumentCache full:https://registry.npmjs.org/@img%2fsharp-linux-arm64 set size:67207 disposed:false
1050 silly fetch manifest @img/sharp-darwin-arm64@0.34.5
1051 silly packumentCache full:https://registry.npmjs.org/@img%2fsharp-darwin-arm64 cache-miss
1052 http fetch GET 200 https://registry.npmjs.org/@snazzah%2fdavey-android-arm-eabi 568ms (cache revalidated)
1053 silly packumentCache full:https://registry.npmjs.org/@snazzah%2fdavey-android-arm-eabi set size:19230 disposed:false
1054 silly fetch manifest @img/sharp-linux-riscv64@0.34.5
1055 silly packumentCache full:https://registry.npmjs.org/@img%2fsharp-linux-riscv64 cache-miss
1056 http fetch GET 200 https://registry.npmjs.org/@img%2fsharp-linux-s390x 60ms (cache revalidated)
1057 silly packumentCache full:https://registry.npmjs.org/@img%2fsharp-linux-s390x set size:65172 disposed:false
1058 silly fetch manifest @img/sharp-linuxmusl-x64@0.34.5
1059 silly packumentCache full:https://registry.npmjs.org/@img%2fsharp-linuxmusl-x64 cache-miss
1060 http fetch GET 200 https://registry.npmjs.org/@img%2fsharp-linux-ppc64 64ms (cache revalidated)
1061 silly packumentCache full:https://registry.npmjs.org/@img%2fsharp-linux-ppc64 set size:31912 disposed:false
1062 silly fetch manifest @img/sharp-linuxmusl-arm64@0.34.5
1063 silly packumentCache full:https://registry.npmjs.org/@img%2fsharp-linuxmusl-arm64 cache-miss
1064 http fetch GET 200 https://registry.npmjs.org/@img%2fsharp-win32-arm64 51ms (cache revalidated)
1065 silly packumentCache full:https://registry.npmjs.org/@img%2fsharp-win32-arm64 set size:23941 disposed:false
1066 silly fetch manifest @img/sharp-libvips-linux-arm@1.2.4
1067 silly packumentCache full:https://registry.npmjs.org/@img%2fsharp-libvips-linux-arm cache-miss
1068 http fetch GET 200 https://registry.npmjs.org/@img%2fsharp-darwin-arm64 50ms (cache revalidated)
1069 silly packumentCache full:https://registry.npmjs.org/@img%2fsharp-darwin-arm64 set size:66119 disposed:false
1070 silly fetch manifest @img/sharp-libvips-linux-x64@1.2.4
1071 silly packumentCache full:https://registry.npmjs.org/@img%2fsharp-libvips-linux-x64 cache-miss
1072 http fetch GET 200 https://registry.npmjs.org/@img%2fsharp-linux-riscv64 52ms (cache revalidated)
1073 silly packumentCache full:https://registry.npmjs.org/@img%2fsharp-linux-riscv64 set size:8972 disposed:false
1074 silly fetch manifest @img/sharp-libvips-darwin-x64@1.2.4
1075 silly packumentCache full:https://registry.npmjs.org/@img%2fsharp-libvips-darwin-x64 cache-miss
1076 http fetch GET 200 https://registry.npmjs.org/@img%2fsharp-linuxmusl-arm64 57ms (cache revalidated)
1077 silly packumentCache full:https://registry.npmjs.org/@img%2fsharp-linuxmusl-arm64 set size:68298 disposed:false
1078 silly fetch manifest @img/sharp-libvips-linux-arm64@1.2.4
1079 silly packumentCache full:https://registry.npmjs.org/@img%2fsharp-libvips-linux-arm64 cache-miss
1080 http fetch GET 200 https://registry.npmjs.org/@img%2fsharp-linuxmusl-x64 59ms (cache revalidated)
1081 silly packumentCache full:https://registry.npmjs.org/@img%2fsharp-linuxmusl-x64 set size:67400 disposed:false
1082 silly fetch manifest @img/sharp-libvips-linux-ppc64@1.2.4
1083 silly packumentCache full:https://registry.npmjs.org/@img%2fsharp-libvips-linux-ppc64 cache-miss
1084 http fetch GET 200 https://registry.npmjs.org/@img%2fsharp-libvips-linux-x64 50ms (cache revalidated)
1085 silly packumentCache full:https://registry.npmjs.org/@img%2fsharp-libvips-linux-x64 set size:56678 disposed:false
1086 silly fetch manifest @img/sharp-libvips-linux-s390x@1.2.4
1087 silly packumentCache full:https://registry.npmjs.org/@img%2fsharp-libvips-linux-s390x cache-miss
1088 http fetch GET 200 https://registry.npmjs.org/@img%2fsharp-libvips-linux-arm 63ms (cache revalidated)
1089 silly packumentCache full:https://registry.npmjs.org/@img%2fsharp-libvips-linux-arm set size:58624 disposed:false
1090 silly fetch manifest @img/sharp-libvips-darwin-arm64@1.2.4
1091 silly packumentCache full:https://registry.npmjs.org/@img%2fsharp-libvips-darwin-arm64 cache-miss
1092 http fetch GET 200 https://registry.npmjs.org/@snazzah%2fdavey-win32-arm64-msvc 692ms (cache revalidated)
1093 silly packumentCache full:https://registry.npmjs.org/@snazzah%2fdavey-win32-arm64-msvc set size:19236 disposed:false
1094 silly fetch manifest @img/sharp-libvips-linux-riscv64@1.2.4
1095 silly packumentCache full:https://registry.npmjs.org/@img%2fsharp-libvips-linux-riscv64 cache-miss
1096 http fetch GET 200 https://registry.npmjs.org/@img%2fsharp-libvips-linux-ppc64 57ms (cache revalidated)
1097 silly packumentCache full:https://registry.npmjs.org/@img%2fsharp-libvips-linux-ppc64 set size:42709 disposed:false
1098 silly fetch manifest @img/sharp-libvips-linuxmusl-x64@1.2.4
1099 silly packumentCache full:https://registry.npmjs.org/@img%2fsharp-libvips-linuxmusl-x64 cache-miss
1100 http fetch GET 200 https://registry.npmjs.org/@img%2fsharp-libvips-linux-arm64 59ms (cache revalidated)
1101 silly packumentCache full:https://registry.npmjs.org/@img%2fsharp-libvips-linux-arm64 set size:55489 disposed:false
1102 silly fetch manifest @img/sharp-libvips-linuxmusl-arm64@1.2.4
1103 silly packumentCache full:https://registry.npmjs.org/@img%2fsharp-libvips-linuxmusl-arm64 cache-miss
1104 http fetch GET 200 https://registry.npmjs.org/@img%2fsharp-libvips-linux-s390x 52ms (cache revalidated)
1105 silly packumentCache full:https://registry.npmjs.org/@img%2fsharp-libvips-linux-s390x set size:51696 disposed:false
1106 silly fetch manifest fast-uri@^3.0.1
1107 silly packumentCache full:https://registry.npmjs.org/fast-uri cache-miss
1108 http fetch GET 200 https://registry.npmjs.org/@img%2fsharp-libvips-darwin-arm64 54ms (cache revalidated)
1109 silly packumentCache full:https://registry.npmjs.org/@img%2fsharp-libvips-darwin-arm64 set size:52515 disposed:false
1110 silly fetch manifest require-from-string@^2.0.2
1111 silly packumentCache full:https://registry.npmjs.org/require-from-string cache-miss
1112 http fetch GET 200 https://registry.npmjs.org/@img%2fsharp-libvips-linux-riscv64 57ms (cache revalidated)
1113 silly packumentCache full:https://registry.npmjs.org/@img%2fsharp-libvips-linux-riscv64 set size:28633 disposed:false
1114 silly fetch manifest json-schema-traverse@^1.0.0
1115 silly packumentCache full:https://registry.npmjs.org/json-schema-traverse cache-miss
1116 http fetch GET 200 https://registry.npmjs.org/@img%2fsharp-libvips-linuxmusl-arm64 50ms (cache revalidated)
1117 silly packumentCache full:https://registry.npmjs.org/@img%2fsharp-libvips-linuxmusl-arm64 set size:54314 disposed:false
1118 silly fetch manifest readdirp@^5.0.0
1119 silly packumentCache full:https://registry.npmjs.org/readdirp cache-miss
1120 http fetch GET 200 https://registry.npmjs.org/@img%2fsharp-libvips-linuxmusl-x64 55ms (cache revalidated)
1121 silly packumentCache full:https://registry.npmjs.org/@img%2fsharp-libvips-linuxmusl-x64 set size:53685 disposed:false
1122 silly fetch manifest chalk@^4.0.0
1123 silly packumentCache full:https://registry.npmjs.org/chalk cache-hit
1124 silly fetch manifest highlight.js@^10.7.1
1125 silly packumentCache full:https://registry.npmjs.org/highlight.js cache-miss
1126 http fetch GET 200 https://registry.npmjs.org/require-from-string 42ms (cache revalidated)
1127 silly packumentCache full:https://registry.npmjs.org/require-from-string set size:15128 disposed:false
1128 silly fetch manifest mz@^2.4.0
1129 silly packumentCache full:https://registry.npmjs.org/mz cache-miss
1130 http fetch GET 200 https://registry.npmjs.org/fast-uri 46ms (cache revalidated)
1131 silly packumentCache full:https://registry.npmjs.org/fast-uri set size:61472 disposed:false
1132 silly fetch manifest parse5@^5.1.1
1133 silly packumentCache full:https://registry.npmjs.org/parse5 cache-miss
1134 http fetch GET 200 https://registry.npmjs.org/json-schema-traverse 51ms (cache revalidated)
1135 silly packumentCache full:https://registry.npmjs.org/json-schema-traverse set size:23537 disposed:false
1136 silly fetch manifest parse5-htmlparser2-tree-adapter@^6.0.0
1137 silly packumentCache full:https://registry.npmjs.org/parse5-htmlparser2-tree-adapter cache-miss
1138 http fetch GET 200 https://registry.npmjs.org/readdirp 46ms (cache revalidated)
1139 silly packumentCache full:https://registry.npmjs.org/readdirp set size:107589 disposed:false
1140 silly fetch manifest yargs@^16.0.0
1141 silly packumentCache full:https://registry.npmjs.org/yargs cache-miss
1142 http fetch GET 200 https://registry.npmjs.org/highlight.js 45ms (cache revalidated)
1143 silly packumentCache full:https://registry.npmjs.org/highlight.js set size:1244415 disposed:false
1144 silly fetch manifest qs@^6.14.0
1145 silly packumentCache full:https://registry.npmjs.org/qs cache-hit
1146 silly fetch manifest depd@^2.0.0
1147 silly packumentCache full:https://registry.npmjs.org/depd cache-miss
1148 http fetch GET 200 https://registry.npmjs.org/parse5 49ms (cache revalidated)
1149 silly packumentCache full:https://registry.npmjs.org/parse5 set size:120807 disposed:false
1150 silly fetch manifest etag@^1.8.1
1151 silly packumentCache full:https://registry.npmjs.org/etag cache-miss
1152 http fetch GET 200 https://registry.npmjs.org/mz 65ms (cache revalidated)
1153 silly packumentCache full:https://registry.npmjs.org/mz set size:42731 disposed:false
1154 silly fetch manifest once@^1.4.0
1155 silly packumentCache full:https://registry.npmjs.org/once cache-miss
1156 http fetch GET 200 https://registry.npmjs.org/parse5-htmlparser2-tree-adapter 45ms (cache revalidated)
1157 silly packumentCache full:https://registry.npmjs.org/parse5-htmlparser2-tree-adapter set size:21911 disposed:false
1158 silly fetch manifest send@^1.1.0
1159 silly packumentCache full:https://registry.npmjs.org/send cache-miss
1160 http fetch GET 200 https://registry.npmjs.org/@snazzah%2fdavey-freebsd-x64 865ms (cache revalidated)
1161 silly packumentCache full:https://registry.npmjs.org/@snazzah%2fdavey-freebsd-x64 set size:18871 disposed:false
1162 silly fetch manifest vary@^1.1.2
1163 silly packumentCache full:https://registry.npmjs.org/vary cache-miss
1164 http fetch GET 200 https://registry.npmjs.org/depd 41ms (cache revalidated)
1165 silly packumentCache full:https://registry.npmjs.org/depd set size:40182 disposed:false
1166 silly fetch manifest debug@^4.4.0
1167 silly packumentCache full:https://registry.npmjs.org/debug cache-hit
1168 silly fetch manifest fresh@^2.0.0
1169 silly packumentCache full:https://registry.npmjs.org/fresh cache-miss
1170 http fetch GET 200 https://registry.npmjs.org/yargs 50ms (cache revalidated)
1171 silly packumentCache full:https://registry.npmjs.org/yargs set size:743056 disposed:false
1172 silly fetch manifest cookie@^0.7.1
1173 silly packumentCache full:https://registry.npmjs.org/cookie cache-miss
1174 http fetch GET 200 https://registry.npmjs.org/@snazzah%2fdavey-wasm32-wasi 838ms (cache revalidated)
1175 silly packumentCache full:https://registry.npmjs.org/@snazzah%2fdavey-wasm32-wasi set size:19527 disposed:false
1176 silly fetch manifest router@^2.2.0
1177 silly packumentCache full:https://registry.npmjs.org/router cache-miss
1178 http fetch GET 200 https://registry.npmjs.org/etag 46ms (cache revalidated)
1179 silly packumentCache full:https://registry.npmjs.org/etag set size:30032 disposed:false
1180 silly fetch manifest accepts@^2.0.0
1181 silly packumentCache full:https://registry.npmjs.org/accepts cache-miss
1182 http fetch GET 200 https://registry.npmjs.org/once 42ms (cache revalidated)
1183 silly packumentCache full:https://registry.npmjs.org/once set size:11752 disposed:false
1184 silly fetch manifest type-is@^2.0.1
1185 silly packumentCache full:https://registry.npmjs.org/type-is cache-miss
1186 http fetch GET 200 https://registry.npmjs.org/send 50ms (cache revalidated)
1187 silly packumentCache full:https://registry.npmjs.org/send set size:152810 disposed:false
1188 silly fetch manifest parseurl@^1.3.3
1189 silly packumentCache full:https://registry.npmjs.org/parseurl cache-miss
1190 http fetch GET 200 https://registry.npmjs.org/vary 48ms (cache revalidated)
1191 silly packumentCache full:https://registry.npmjs.org/vary set size:16018 disposed:false
1192 silly fetch manifest statuses@^2.0.1
1193 silly packumentCache full:https://registry.npmjs.org/statuses cache-miss
1194 http fetch GET 200 https://registry.npmjs.org/router 42ms (cache revalidated)
1195 silly packumentCache full:https://registry.npmjs.org/router set size:116499 disposed:false
1196 silly fetch manifest encodeurl@^2.0.0
1197 silly packumentCache full:https://registry.npmjs.org/encodeurl cache-miss
1198 http fetch GET 200 https://registry.npmjs.org/cookie 46ms (cache revalidated)
1199 silly packumentCache full:https://registry.npmjs.org/cookie set size:72891 disposed:false
1200 silly fetch manifest mime-types@^3.0.0
1201 silly packumentCache full:https://registry.npmjs.org/mime-types cache-hit
1202 silly fetch manifest proxy-addr@^2.0.7
1203 silly packumentCache full:https://registry.npmjs.org/proxy-addr cache-miss
1204 http fetch GET 200 https://registry.npmjs.org/accepts 46ms (cache revalidated)
1205 silly packumentCache full:https://registry.npmjs.org/accepts set size:77054 disposed:false
1206 silly fetch manifest body-parser@^2.2.1
1207 silly packumentCache full:https://registry.npmjs.org/body-parser cache-miss
1208 http fetch GET 200 https://registry.npmjs.org/fresh 54ms (cache revalidated)
1209 silly packumentCache full:https://registry.npmjs.org/fresh set size:25427 disposed:false
1210 silly fetch manifest escape-html@^1.0.3
1211 silly packumentCache full:https://registry.npmjs.org/escape-html cache-miss
1212 http fetch GET 200 https://registry.npmjs.org/type-is 42ms (cache revalidated)
1213 silly packumentCache full:https://registry.npmjs.org/type-is set size:86196 disposed:false
1214 silly fetch manifest http-errors@^2.0.0
1215 silly packumentCache full:https://registry.npmjs.org/http-errors cache-miss
1216 http fetch GET 200 https://registry.npmjs.org/@img%2fsharp-libvips-darwin-x64 303ms (cache revalidated)
1217 silly packumentCache full:https://registry.npmjs.org/@img%2fsharp-libvips-darwin-x64 set size:51923 disposed:false
1218 silly fetch manifest on-finished@^2.4.1
1219 silly packumentCache full:https://registry.npmjs.org/on-finished cache-miss
1220 http fetch GET 200 https://registry.npmjs.org/statuses 40ms (cache revalidated)
1221 silly packumentCache full:https://registry.npmjs.org/statuses set size:37117 disposed:false
1222 silly fetch manifest content-type@^1.0.5
1223 silly packumentCache full:https://registry.npmjs.org/content-type cache-miss
1224 http fetch GET 200 https://registry.npmjs.org/parseurl 44ms (cache revalidated)
1225 silly packumentCache full:https://registry.npmjs.org/parseurl set size:24148 disposed:false
1226 silly fetch manifest finalhandler@^2.1.0
1227 silly packumentCache full:https://registry.npmjs.org/finalhandler cache-miss
1228 http fetch GET 200 https://registry.npmjs.org/proxy-addr 40ms (cache revalidated)
1229 silly packumentCache full:https://registry.npmjs.org/proxy-addr set size:61619 disposed:false
1230 silly fetch manifest range-parser@^1.2.1
1231 silly packumentCache full:https://registry.npmjs.org/range-parser cache-miss
1232 http fetch GET 200 https://registry.npmjs.org/encodeurl 43ms (cache revalidated)
1233 silly packumentCache full:https://registry.npmjs.org/encodeurl set size:12296 disposed:false
1234 silly fetch manifest serve-static@^2.2.0
1235 silly packumentCache full:https://registry.npmjs.org/serve-static cache-miss
1236 http fetch GET 200 https://registry.npmjs.org/escape-html 46ms (cache revalidated)
1237 silly packumentCache full:https://registry.npmjs.org/escape-html set size:7345 disposed:false
1238 silly fetch manifest cookie-signature@^1.2.1
1239 silly packumentCache full:https://registry.npmjs.org/cookie-signature cache-miss
1240 http fetch GET 200 https://registry.npmjs.org/http-errors 43ms (cache revalidated)
1241 silly packumentCache full:https://registry.npmjs.org/http-errors set size:71987 disposed:false
1242 silly fetch manifest merge-descriptors@^2.0.0
1243 silly packumentCache full:https://registry.npmjs.org/merge-descriptors cache-miss
1244 http fetch GET 200 https://registry.npmjs.org/body-parser 53ms (cache revalidated)
1245 silly packumentCache full:https://registry.npmjs.org/body-parser set size:216830 disposed:false
1246 silly fetch manifest content-disposition@^1.0.0
1247 silly packumentCache full:https://registry.npmjs.org/content-disposition cache-miss
1248 http fetch GET 200 https://registry.npmjs.org/on-finished 42ms (cache revalidated)
1249 silly packumentCache full:https://registry.npmjs.org/on-finished set size:23212 disposed:false
1250 silly fetch manifest @tokenizer/inflate@^0.4.1
1251 silly packumentCache full:https://registry.npmjs.org/@tokenizer%2finflate cache-miss
1252 http fetch GET 200 https://registry.npmjs.org/content-type 40ms (cache revalidated)
1253 silly packumentCache full:https://registry.npmjs.org/content-type set size:17311 disposed:false
1254 silly fetch manifest strtok3@^10.3.4
1255 silly packumentCache full:https://registry.npmjs.org/strtok3 cache-miss
1256 http fetch GET 200 https://registry.npmjs.org/finalhandler 39ms (cache revalidated)
1257 silly packumentCache full:https://registry.npmjs.org/finalhandler set size:79291 disposed:false
1258 silly fetch manifest token-types@^6.1.1
1259 silly packumentCache full:https://registry.npmjs.org/token-types cache-miss
1260 http fetch GET 200 https://registry.npmjs.org/range-parser 44ms (cache revalidated)
1261 silly packumentCache full:https://registry.npmjs.org/range-parser set size:22228 disposed:false
1262 silly fetch manifest uint8array-extras@^1.4.0
1263 silly packumentCache full:https://registry.npmjs.org/uint8array-extras cache-miss
1264 http fetch GET 200 https://registry.npmjs.org/serve-static 44ms (cache revalidated)
1265 silly packumentCache full:https://registry.npmjs.org/serve-static set size:150391 disposed:false
1266 silly fetch manifest extend@^3.0.2
1267 silly packumentCache full:https://registry.npmjs.org/extend cache-miss
1268 http fetch GET 200 https://registry.npmjs.org/merge-descriptors 38ms (cache revalidated)
1269 silly packumentCache full:https://registry.npmjs.org/merge-descriptors set size:16527 disposed:false
1270 silly fetch manifest https-proxy-agent@^7.0.1
1271 silly packumentCache full:https://registry.npmjs.org/https-proxy-agent cache-hit
1272 silly fetch manifest node-fetch@^3.3.2
1273 silly packumentCache full:https://registry.npmjs.org/node-fetch cache-hit
1274 silly fetch manifest rimraf@^5.0.1
1275 silly packumentCache full:https://registry.npmjs.org/rimraf cache-miss
1276 http fetch GET 200 https://registry.npmjs.org/cookie-signature 43ms (cache revalidated)
1277 silly packumentCache full:https://registry.npmjs.org/cookie-signature set size:21777 disposed:false
1278 silly fetch manifest base64-js@^1.3.0
1279 silly packumentCache full:https://registry.npmjs.org/base64-js cache-miss
1280 http fetch GET 200 https://registry.npmjs.org/content-disposition 52ms (cache revalidated)
1281 silly packumentCache full:https://registry.npmjs.org/content-disposition set size:34469 disposed:false
1282 silly fetch manifest ecdsa-sig-formatter@^1.0.11
1283 silly packumentCache full:https://registry.npmjs.org/ecdsa-sig-formatter cache-miss
1284 http fetch GET 200 https://registry.npmjs.org/strtok3 42ms (cache revalidated)
1285 silly packumentCache full:https://registry.npmjs.org/strtok3 set size:409207 disposed:false
1286 silly fetch manifest gcp-metadata@8.1.2
1287 silly packumentCache full:https://registry.npmjs.org/gcp-metadata cache-miss
1288 http fetch GET 200 https://registry.npmjs.org/token-types 44ms (cache revalidated)
1289 silly packumentCache full:https://registry.npmjs.org/token-types set size:155133 disposed:false
1290 silly fetch manifest google-logging-utils@1.1.3
1291 silly packumentCache full:https://registry.npmjs.org/google-logging-utils cache-miss
1292 http fetch GET 200 https://registry.npmjs.org/extend 43ms (cache revalidated)
1293 silly packumentCache full:https://registry.npmjs.org/extend set size:25974 disposed:false
1294 silly fetch manifest jws@^4.0.0
1295 silly packumentCache full:https://registry.npmjs.org/jws cache-miss
1296 http fetch GET 200 https://registry.npmjs.org/uint8array-extras 45ms (cache revalidated)
1297 silly packumentCache full:https://registry.npmjs.org/uint8array-extras set size:36606 disposed:false
1298 silly fetch manifest debug@4
1299 silly packumentCache full:https://registry.npmjs.org/debug cache-hit
1300 silly fetch manifest agent-base@^7.1.2
1301 silly packumentCache full:https://registry.npmjs.org/agent-base cache-miss
1302 http fetch GET 200 https://registry.npmjs.org/base64-js 45ms (cache revalidated)
1303 silly packumentCache full:https://registry.npmjs.org/base64-js set size:41270 disposed:false
1304 silly fetch manifest lie@~3.3.0
1305 silly packumentCache full:https://registry.npmjs.org/lie cache-miss
1306 http fetch GET 200 https://registry.npmjs.org/rimraf 54ms (cache revalidated)
1307 silly packumentCache full:https://registry.npmjs.org/rimraf set size:212644 disposed:false
1308 silly fetch manifest pako@~1.0.2
1309 silly packumentCache full:https://registry.npmjs.org/pako cache-miss
1310 http fetch GET 200 https://registry.npmjs.org/ecdsa-sig-formatter 42ms (cache revalidated)
1311 silly packumentCache full:https://registry.npmjs.org/ecdsa-sig-formatter set size:23546 disposed:false
1312 silly fetch manifest setimmediate@^1.0.5
1313 silly packumentCache full:https://registry.npmjs.org/setimmediate cache-miss
1314 http fetch GET 200 https://registry.npmjs.org/gcp-metadata 44ms (cache revalidated)
1315 silly packumentCache full:https://registry.npmjs.org/gcp-metadata set size:191448 disposed:false
1316 silly fetch manifest readable-stream@~2.3.6
1317 silly packumentCache full:https://registry.npmjs.org/readable-stream cache-miss
1318 http fetch GET 200 https://registry.npmjs.org/agent-base 40ms (cache revalidated)
1319 silly packumentCache full:https://registry.npmjs.org/agent-base set size:67460 disposed:false
1320 silly fetch manifest css-select@^5.1.0
1321 silly packumentCache full:https://registry.npmjs.org/css-select cache-miss
1322 http fetch GET 200 https://registry.npmjs.org/google-logging-utils 51ms (cache revalidated)
1323 silly packumentCache full:https://registry.npmjs.org/google-logging-utils set size:21694 disposed:false
1324 silly fetch manifest cssom@^0.5.0
1325 silly packumentCache full:https://registry.npmjs.org/cssom cache-miss
1326 http fetch GET 200 https://registry.npmjs.org/jws 46ms (cache revalidated)
1327 silly packumentCache full:https://registry.npmjs.org/jws set size:48919 disposed:false
1328 silly fetch manifest html-escaper@^3.0.3
1329 silly packumentCache full:https://registry.npmjs.org/html-escaper cache-miss
1330 http fetch GET 200 https://registry.npmjs.org/pako 37ms (cache revalidated)
1331 silly packumentCache full:https://registry.npmjs.org/pako set size:74234 disposed:false
1332 silly fetch manifest htmlparser2@^10.0.0
1333 silly packumentCache full:https://registry.npmjs.org/htmlparser2 cache-miss
1334 http fetch GET 200 https://registry.npmjs.org/lie 50ms (cache revalidated)
1335 silly packumentCache full:https://registry.npmjs.org/lie set size:93874 disposed:false
1336 silly fetch manifest uhyphen@^0.2.0
1337 silly packumentCache full:https://registry.npmjs.org/uhyphen cache-miss
1338 http fetch GET 200 https://registry.npmjs.org/readable-stream 48ms (cache revalidated)
1339 silly packumentCache full:https://registry.npmjs.org/readable-stream set size:261096 disposed:false
1340 silly fetch manifest argparse@^2.0.1
1341 silly packumentCache full:https://registry.npmjs.org/argparse cache-miss
1342 http fetch GET 200 https://registry.npmjs.org/setimmediate 61ms (cache revalidated)
1343 silly packumentCache full:https://registry.npmjs.org/setimmediate set size:17282 disposed:false
1344 silly fetch manifest entities@^4.4.0
1345 silly packumentCache full:https://registry.npmjs.org/entities cache-miss
1346 http fetch GET 200 https://registry.npmjs.org/cssom 41ms (cache revalidated)
1347 silly packumentCache full:https://registry.npmjs.org/cssom set size:42138 disposed:false
1348 silly fetch manifest linkify-it@^5.0.0
1349 silly packumentCache full:https://registry.npmjs.org/linkify-it cache-miss
1350 http fetch GET 200 https://registry.npmjs.org/css-select 43ms (cache revalidated)
1351 silly packumentCache full:https://registry.npmjs.org/css-select set size:108853 disposed:false
1352 silly fetch manifest mdurl@^2.0.0
1353 silly packumentCache full:https://registry.npmjs.org/mdurl cache-miss
1354 http fetch GET 200 https://registry.npmjs.org/html-escaper 41ms (cache revalidated)
1355 silly packumentCache full:https://registry.npmjs.org/html-escaper set size:29853 disposed:false
1356 silly fetch manifest punycode.js@^2.3.1
1357 silly packumentCache full:https://registry.npmjs.org/punycode.js cache-miss
1358 http fetch GET 200 https://registry.npmjs.org/htmlparser2 40ms (cache revalidated)
1359 silly packumentCache full:https://registry.npmjs.org/htmlparser2 set size:165347 disposed:false
1360 silly fetch manifest uc.micro@^2.1.0
1361 silly packumentCache full:https://registry.npmjs.org/uc.micro cache-miss
1362 http fetch GET 200 https://registry.npmjs.org/uhyphen 39ms (cache revalidated)
1363 silly packumentCache full:https://registry.npmjs.org/uhyphen set size:10719 disposed:false
1364 silly fetch manifest yargs@^17.7.2
1365 silly packumentCache full:https://registry.npmjs.org/yargs cache-hit
1366 silly fetch manifest ora@^9.3.0
1367 silly packumentCache full:https://registry.npmjs.org/ora cache-miss
1368 http fetch GET 200 https://registry.npmjs.org/mdurl 44ms (cache revalidated)
1369 silly packumentCache full:https://registry.npmjs.org/mdurl set size:9361 disposed:false
1370 silly fetch manifest bytes@^3.1.2
1371 silly packumentCache full:https://registry.npmjs.org/bytes cache-miss
1372 http fetch GET 200 https://registry.npmjs.org/argparse 47ms (cache revalidated)
1373 silly packumentCache full:https://registry.npmjs.org/argparse set size:49266 disposed:false
1374 silly fetch manifest ipull@^3.9.5
1375 silly packumentCache full:https://registry.npmjs.org/ipull cache-miss
1376 http fetch GET 200 https://registry.npmjs.org/linkify-it 47ms (cache revalidated)
1377 silly packumentCache full:https://registry.npmjs.org/linkify-it set size:62527 disposed:false
1378 silly fetch manifest which@^6.0.1
1379 silly packumentCache full:https://registry.npmjs.org/which cache-miss
1380 http fetch GET 200 https://registry.npmjs.org/entities 50ms (cache revalidated)
1381 silly packumentCache full:https://registry.npmjs.org/entities set size:99036 disposed:false
1382 silly fetch manifest ignore@^7.0.4
1383 silly packumentCache full:https://registry.npmjs.org/ignore cache-hit
1384 silly fetch manifest nanoid@^5.1.6
1385 silly packumentCache full:https://registry.npmjs.org/nanoid cache-miss
1386 http fetch GET 200 https://registry.npmjs.org/punycode.js 48ms (cache revalidated)
1387 silly packumentCache full:https://registry.npmjs.org/punycode.js set size:13508 disposed:false
1388 silly fetch manifest semver@^7.7.1
1389 silly packumentCache full:https://registry.npmjs.org/semver cache-hit
1390 silly fetch manifest chmodrp@^1.0.2
1391 silly packumentCache full:https://registry.npmjs.org/chmodrp cache-miss
1392 http fetch GET 200 https://registry.npmjs.org/uc.micro 42ms (cache revalidated)
1393 silly packumentCache full:https://registry.npmjs.org/uc.micro set size:16457 disposed:false
1394 silly fetch manifest env-var@^7.5.0
1395 silly packumentCache full:https://registry.npmjs.org/env-var cache-miss
1396 http fetch GET 200 https://registry.npmjs.org/ora 39ms (cache revalidated)
1397 silly packumentCache full:https://registry.npmjs.org/ora set size:142374 disposed:false
1398 silly fetch manifest octokit@^5.0.5
1399 silly packumentCache full:https://registry.npmjs.org/octokit cache-miss
1400 http fetch GET 200 https://registry.npmjs.org/bytes 45ms (cache revalidated)
1401 silly packumentCache full:https://registry.npmjs.org/bytes set size:37018 disposed:false
1402 silly fetch manifest cmake-js@^8.0.0
1403 silly packumentCache full:https://registry.npmjs.org/cmake-js cache-miss
1404 http fetch GET 200 https://registry.npmjs.org/ipull 45ms (cache revalidated)
1405 silly packumentCache full:https://registry.npmjs.org/ipull set size:241213 disposed:false
1406 silly fetch manifest fs-extra@^11.3.0
1407 silly packumentCache full:https://registry.npmjs.org/fs-extra cache-miss
1408 http fetch GET 200 https://registry.npmjs.org/nanoid 45ms (cache revalidated)
1409 silly packumentCache full:https://registry.npmjs.org/nanoid set size:298419 disposed:false
1410 silly fetch manifest pretty-ms@^9.3.0
1411 silly packumentCache full:https://registry.npmjs.org/pretty-ms cache-miss
1412 http fetch GET 200 https://registry.npmjs.org/env-var 46ms (cache revalidated)
1413 silly packumentCache full:https://registry.npmjs.org/env-var set size:148239 disposed:false
1414 silly fetch manifest filenamify@^6.0.0
1415 silly packumentCache full:https://registry.npmjs.org/filenamify cache-miss
1416 http fetch GET 200 https://registry.npmjs.org/chmodrp 50ms (cache revalidated)
1417 silly packumentCache full:https://registry.npmjs.org/chmodrp set size:9290 disposed:false
1418 silly fetch manifest simple-git@^3.31.1
1419 silly packumentCache full:https://registry.npmjs.org/simple-git cache-miss
1420 http fetch GET 200 https://registry.npmjs.org/which 54ms (cache revalidated)
1421 silly packumentCache full:https://registry.npmjs.org/which set size:67805 disposed:false
1422 silly fetch manifest slice-ansi@^8.0.0
1423 silly packumentCache full:https://registry.npmjs.org/slice-ansi cache-miss
1424 http fetch GET 200 https://registry.npmjs.org/pretty-ms 44ms (cache revalidated)
1425 silly packumentCache full:https://registry.npmjs.org/pretty-ms set size:61783 disposed:false
1426 silly fetch manifest strip-ansi@^7.1.2
1427 silly packumentCache full:https://registry.npmjs.org/strip-ansi cache-miss
1428 http fetch GET 200 https://registry.npmjs.org/slice-ansi 42ms (cache revalidated)
1429 silly packumentCache full:https://registry.npmjs.org/slice-ansi set size:34449 disposed:false
1430 silly fetch manifest async-retry@^1.3.3
1431 silly packumentCache full:https://registry.npmjs.org/async-retry cache-miss
1432 http fetch GET 200 https://registry.npmjs.org/simple-git 46ms (cache revalidated)
1433 silly packumentCache full:https://registry.npmjs.org/simple-git set size:674780 disposed:false
1434 silly fetch manifest cross-spawn@^7.0.6
1435 silly packumentCache full:https://registry.npmjs.org/cross-spawn cache-miss
1436 http fetch GET 200 https://registry.npmjs.org/filenamify 51ms (cache revalidated)
1437 silly packumentCache full:https://registry.npmjs.org/filenamify set size:48675 disposed:false
1438 silly fetch manifest log-symbols@^7.0.1
1439 silly packumentCache full:https://registry.npmjs.org/log-symbols cache-miss
1440 http fetch GET 200 https://registry.npmjs.org/fs-extra 60ms (cache revalidated)
1441 silly packumentCache full:https://registry.npmjs.org/fs-extra set size:230266 disposed:false
1442 silly fetch manifest stdout-update@^4.0.1
1443 silly packumentCache full:https://registry.npmjs.org/stdout-update cache-miss
1444 http fetch GET 200 https://registry.npmjs.org/@tokenizer%2finflate 306ms (cache revalidated)
1445 silly packumentCache full:https://registry.npmjs.org/@tokenizer%2finflate set size:32390 disposed:false
1446 silly fetch manifest node-addon-api@^8.5.0
1447 silly packumentCache full:https://registry.npmjs.org/node-addon-api cache-hit
1448 silly fetch manifest lifecycle-utils@^3.1.1
1449 silly packumentCache full:https://registry.npmjs.org/lifecycle-utils cache-miss
1450 http fetch GET 200 https://registry.npmjs.org/async-retry 47ms (cache revalidated)
1451 silly packumentCache full:https://registry.npmjs.org/async-retry set size:51916 disposed:false
1452 silly fetch manifest @huggingface/jinja@^0.5.5
1453 silly packumentCache full:https://registry.npmjs.org/@huggingface%2fjinja cache-miss
1454 http fetch GET 200 https://registry.npmjs.org/strip-ansi 50ms (cache revalidated)
1455 silly packumentCache full:https://registry.npmjs.org/strip-ansi set size:44998 disposed:false
1456 silly fetch manifest is-unicode-supported@^2.1.0
1457 silly packumentCache full:https://registry.npmjs.org/is-unicode-supported cache-miss
1458 http fetch GET 200 https://registry.npmjs.org/log-symbols 44ms (cache revalidated)
1459 silly packumentCache full:https://registry.npmjs.org/log-symbols set size:31977 disposed:false
1460 silly fetch manifest validate-npm-package-name@^7.0.2
1461 silly packumentCache full:https://registry.npmjs.org/validate-npm-package-name cache-miss
1462 http fetch GET 200 https://registry.npmjs.org/stdout-update 45ms (cache revalidated)
1463 silly packumentCache full:https://registry.npmjs.org/stdout-update set size:152512 disposed:false
1464 silly fetch manifest @node-llama-cpp/mac-x64@3.16.2
1465 silly packumentCache full:https://registry.npmjs.org/@node-llama-cpp%2fmac-x64 cache-miss
1466 http fetch GET 200 https://registry.npmjs.org/lifecycle-utils 38ms (cache revalidated)
1467 silly packumentCache full:https://registry.npmjs.org/lifecycle-utils set size:88491 disposed:false
1468 silly fetch manifest @node-llama-cpp/win-x64@3.16.2
1469 silly packumentCache full:https://registry.npmjs.org/@node-llama-cpp%2fwin-x64 cache-miss
1470 http fetch GET 200 https://registry.npmjs.org/validate-npm-package-name 40ms (cache revalidated)
1471 silly packumentCache full:https://registry.npmjs.org/validate-npm-package-name set size:48201 disposed:false
1472 silly fetch manifest @node-llama-cpp/linux-x64@3.16.2
1473 silly packumentCache full:https://registry.npmjs.org/@node-llama-cpp%2flinux-x64 cache-miss
1474 http fetch GET 200 https://registry.npmjs.org/is-unicode-supported 46ms (cache revalidated)
1475 silly packumentCache full:https://registry.npmjs.org/is-unicode-supported set size:19461 disposed:false
1476 silly fetch manifest @node-llama-cpp/win-arm64@3.16.2
1477 silly packumentCache full:https://registry.npmjs.org/@node-llama-cpp%2fwin-arm64 cache-miss
1478 http fetch GET 200 https://registry.npmjs.org/cross-spawn 316ms (cache revalidated)
1479 silly packumentCache full:https://registry.npmjs.org/cross-spawn set size:109066 disposed:false
1480 silly fetch manifest @node-llama-cpp/linux-arm64@3.16.2
1481 silly packumentCache full:https://registry.npmjs.org/@node-llama-cpp%2flinux-arm64 cache-miss
1482 http fetch GET 200 https://registry.npmjs.org/@huggingface%2fjinja 329ms (cache revalidated)
1483 silly packumentCache full:https://registry.npmjs.org/@huggingface%2fjinja set size:69589 disposed:false
1484 silly fetch manifest @node-llama-cpp/linux-armv7l@3.16.2
1485 silly packumentCache full:https://registry.npmjs.org/@node-llama-cpp%2flinux-armv7l cache-miss
1486 http fetch GET 200 https://registry.npmjs.org/@node-llama-cpp%2flinux-x64 333ms (cache revalidated)
1487 silly packumentCache full:https://registry.npmjs.org/@node-llama-cpp%2flinux-x64 set size:73963 disposed:false
1488 silly fetch manifest @node-llama-cpp/win-x64-cuda@3.16.2
1489 silly packumentCache full:https://registry.npmjs.org/@node-llama-cpp%2fwin-x64-cuda cache-miss
1490 http fetch GET 200 https://registry.npmjs.org/@node-llama-cpp%2fwin-arm64 338ms (cache revalidated)
1491 silly packumentCache full:https://registry.npmjs.org/@node-llama-cpp%2fwin-arm64 set size:72185 disposed:false
1492 silly fetch manifest @node-llama-cpp/linux-x64-cuda@3.16.2
1493 silly packumentCache full:https://registry.npmjs.org/@node-llama-cpp%2flinux-x64-cuda cache-miss
1494 http fetch GET 200 https://registry.npmjs.org/@node-llama-cpp%2fmac-x64 582ms (cache revalidated)
1495 silly packumentCache full:https://registry.npmjs.org/@node-llama-cpp%2fmac-x64 set size:71234 disposed:false
1496 silly fetch manifest @node-llama-cpp/win-x64-vulkan@3.16.2
1497 silly packumentCache full:https://registry.npmjs.org/@node-llama-cpp%2fwin-x64-vulkan cache-miss
1498 http fetch GET 200 https://registry.npmjs.org/@node-llama-cpp%2flinux-arm64 334ms (cache revalidated)
1499 silly packumentCache full:https://registry.npmjs.org/@node-llama-cpp%2flinux-arm64 set size:74874 disposed:false
1500 silly fetch manifest @node-llama-cpp/mac-arm64-metal@3.16.2
1501 silly packumentCache full:https://registry.npmjs.org/@node-llama-cpp%2fmac-arm64-metal cache-miss
1502 http fetch GET 200 https://registry.npmjs.org/octokit 792ms (cache revalidated)
1503 silly packumentCache full:https://registry.npmjs.org/octokit set size:290473 disposed:false
1504 silly fetch manifest @node-llama-cpp/linux-x64-vulkan@3.16.2
1505 silly packumentCache full:https://registry.npmjs.org/@node-llama-cpp%2flinux-x64-vulkan cache-miss
1506 http fetch GET 200 https://registry.npmjs.org/@node-llama-cpp%2flinux-armv7l 340ms (cache revalidated)
1507 silly packumentCache full:https://registry.npmjs.org/@node-llama-cpp%2flinux-armv7l set size:75062 disposed:false
1508 silly fetch manifest @node-llama-cpp/win-x64-cuda-ext@3.16.2
1509 silly packumentCache full:https://registry.npmjs.org/@node-llama-cpp%2fwin-x64-cuda-ext cache-miss
1510 http fetch GET 200 https://registry.npmjs.org/cmake-js 784ms (cache revalidated)
1511 silly packumentCache full:https://registry.npmjs.org/cmake-js set size:210823 disposed:false
1512 silly fetch manifest @node-llama-cpp/linux-x64-cuda-ext@3.16.2
1513 silly packumentCache full:https://registry.npmjs.org/@node-llama-cpp%2flinux-x64-cuda-ext cache-miss
1514 http fetch GET 200 https://registry.npmjs.org/@node-llama-cpp%2fwin-x64 769ms (cache revalidated)
1515 silly packumentCache full:https://registry.npmjs.org/@node-llama-cpp%2fwin-x64 set size:71315 disposed:false
1516 silly fetch manifest node-readable-to-web-readable-stream@^0.4.2
1517 silly packumentCache full:https://registry.npmjs.org/node-readable-to-web-readable-stream cache-miss
1518 http fetch GET 200 https://registry.npmjs.org/@node-llama-cpp%2fwin-x64-cuda 587ms (cache revalidated)
1519 silly packumentCache full:https://registry.npmjs.org/@node-llama-cpp%2fwin-x64-cuda set size:92937 disposed:false
1520 silly fetch manifest sqlite-vec-linux-x64@0.1.7-alpha.2
1521 silly packumentCache full:https://registry.npmjs.org/sqlite-vec-linux-x64 cache-miss
1522 http fetch GET 200 https://registry.npmjs.org/@node-llama-cpp%2flinux-x64-cuda 596ms (cache revalidated)
1523 silly packumentCache full:https://registry.npmjs.org/@node-llama-cpp%2flinux-x64-cuda set size:94323 disposed:false
1524 silly fetch manifest sqlite-vec-darwin-x64@0.1.7-alpha.2
1525 silly packumentCache full:https://registry.npmjs.org/sqlite-vec-darwin-x64 cache-miss
1526 http fetch GET 200 https://registry.npmjs.org/sqlite-vec-darwin-x64 54ms (cache revalidated)
1527 silly packumentCache full:https://registry.npmjs.org/sqlite-vec-darwin-x64 set size:104282 disposed:false
1528 silly fetch manifest sqlite-vec-linux-arm64@0.1.7-alpha.2
1529 silly packumentCache full:https://registry.npmjs.org/sqlite-vec-linux-arm64 cache-miss
1530 http fetch GET 200 https://registry.npmjs.org/node-readable-to-web-readable-stream 298ms (cache revalidated)
1531 silly packumentCache full:https://registry.npmjs.org/node-readable-to-web-readable-stream set size:26065 disposed:false
1532 silly fetch manifest sqlite-vec-windows-x64@0.1.7-alpha.2
1533 silly packumentCache full:https://registry.npmjs.org/sqlite-vec-windows-x64 cache-miss
1534 http fetch GET 200 https://registry.npmjs.org/sqlite-vec-linux-arm64 52ms (cache revalidated)
1535 silly packumentCache full:https://registry.npmjs.org/sqlite-vec-linux-arm64 set size:6132 disposed:false
1536 silly fetch manifest sqlite-vec-darwin-arm64@0.1.7-alpha.2
1537 silly packumentCache full:https://registry.npmjs.org/sqlite-vec-darwin-arm64 cache-miss
1538 http fetch GET 200 https://registry.npmjs.org/sqlite-vec-darwin-arm64 45ms (cache revalidated)
1539 silly packumentCache full:https://registry.npmjs.org/sqlite-vec-darwin-arm64 set size:105289 disposed:false
1540 silly fetch manifest @isaacs/fs-minipass@^4.0.0
1541 silly packumentCache full:https://registry.npmjs.org/@isaacs%2ffs-minipass cache-miss
1542 http fetch GET 200 https://registry.npmjs.org/sqlite-vec-windows-x64 73ms (cache revalidated)
1543 silly packumentCache full:https://registry.npmjs.org/sqlite-vec-windows-x64 set size:103083 disposed:false
1544 silly fetch manifest chownr@^3.0.0
1545 silly packumentCache full:https://registry.npmjs.org/chownr cache-miss
1546 http fetch GET 200 https://registry.npmjs.org/chownr 53ms (cache revalidated)
1547 silly packumentCache full:https://registry.npmjs.org/chownr set size:22157 disposed:false
1548 silly fetch manifest minipass@^7.1.2
1549 silly packumentCache full:https://registry.npmjs.org/minipass cache-miss
1550 http fetch GET 200 https://registry.npmjs.org/@node-llama-cpp%2fmac-arm64-metal 611ms (cache revalidated)
1551 silly packumentCache full:https://registry.npmjs.org/@node-llama-cpp%2fmac-arm64-metal set size:74379 disposed:false
1552 silly fetch manifest minizlib@^3.1.0
1553 silly packumentCache full:https://registry.npmjs.org/minizlib cache-miss
1554 http fetch GET 200 https://registry.npmjs.org/@node-llama-cpp%2flinux-x64-cuda-ext 600ms (cache revalidated)
1555 silly packumentCache full:https://registry.npmjs.org/@node-llama-cpp%2flinux-x64-cuda-ext set size:32089 disposed:false
1556 silly fetch manifest yallist@^5.0.0
1557 silly packumentCache full:https://registry.npmjs.org/yallist cache-miss
1558 http fetch GET 200 https://registry.npmjs.org/minipass 73ms (cache revalidated)
1559 silly packumentCache full:https://registry.npmjs.org/minipass set size:276925 disposed:false
1560 http fetch GET 200 https://registry.npmjs.org/sqlite-vec-linux-x64 318ms (cache revalidated)
1561 silly packumentCache full:https://registry.npmjs.org/sqlite-vec-linux-x64 set size:103776 disposed:false
1562 http fetch GET 200 https://registry.npmjs.org/minizlib 67ms (cache revalidated)
1563 silly packumentCache full:https://registry.npmjs.org/minizlib set size:62862 disposed:false
1564 http fetch GET 200 https://registry.npmjs.org/yallist 49ms (cache revalidated)
1565 silly packumentCache full:https://registry.npmjs.org/yallist set size:34610 disposed:false
1566 http fetch GET 200 https://registry.npmjs.org/@node-llama-cpp%2fwin-x64-cuda-ext 688ms (cache revalidated)
1567 silly packumentCache full:https://registry.npmjs.org/@node-llama-cpp%2fwin-x64-cuda-ext set size:31621 disposed:false
1568 http fetch GET 200 https://registry.npmjs.org/@isaacs%2ffs-minipass 325ms (cache revalidated)
1569 silly packumentCache full:https://registry.npmjs.org/@isaacs%2ffs-minipass set size:7912 disposed:false
1570 http fetch GET 200 https://registry.npmjs.org/@node-llama-cpp%2fwin-x64-vulkan 1201ms (cache revalidated)
1571 silly packumentCache full:https://registry.npmjs.org/@node-llama-cpp%2fwin-x64-vulkan set size:73830 disposed:false
1572 http fetch GET 200 https://registry.npmjs.org/@node-llama-cpp%2flinux-x64-vulkan 1162ms (cache revalidated)
1573 silly packumentCache full:https://registry.npmjs.org/@node-llama-cpp%2flinux-x64-vulkan set size:74930 disposed:false
1574 silly fetch manifest aws-crt@>=1.0.0
1575 silly packumentCache full:https://registry.npmjs.org/aws-crt cache-miss
1576 http fetch GET 200 https://registry.npmjs.org/aws-crt 49ms (cache revalidated)
1577 silly packumentCache full:https://registry.npmjs.org/aws-crt set size:474108 disposed:false
1578 silly placeDep node_modules/openclaw @aws-crypto/sha256-browser@5.2.0 OK for: @aws-sdk/client-bedrock@3.1000.0 want: 5.2.0
1579 silly placeDep node_modules/openclaw @aws-crypto/sha256-js@5.2.0 OK for: @aws-sdk/client-bedrock@3.1000.0 want: 5.2.0
1580 silly placeDep node_modules/openclaw @aws-sdk/core@3.973.15 OK for: @aws-sdk/client-bedrock@3.1000.0 want: ^3.973.15
1581 silly placeDep node_modules/openclaw @aws-sdk/credential-provider-node@3.972.14 OK for: @aws-sdk/client-bedrock@3.1000.0 want: ^3.972.14
1582 silly placeDep node_modules/openclaw @aws-sdk/middleware-host-header@3.972.6 OK for: @aws-sdk/client-bedrock@3.1000.0 want: ^3.972.6
1583 silly placeDep node_modules/openclaw @aws-sdk/middleware-logger@3.972.6 OK for: @aws-sdk/client-bedrock@3.1000.0 want: ^3.972.6
1584 silly placeDep node_modules/openclaw @aws-sdk/middleware-recursion-detection@3.972.6 OK for: @aws-sdk/client-bedrock@3.1000.0 want: ^3.972.6
1585 silly placeDep node_modules/openclaw @aws-sdk/middleware-user-agent@3.972.15 OK for: @aws-sdk/client-bedrock@3.1000.0 want: ^3.972.15
1586 silly placeDep node_modules/openclaw @aws-sdk/region-config-resolver@3.972.6 OK for: @aws-sdk/client-bedrock@3.1000.0 want: ^3.972.6
1587 silly placeDep node_modules/openclaw @aws-sdk/token-providers@3.1000.0 OK for: @aws-sdk/client-bedrock@3.1000.0 want: 3.1000.0
1588 silly placeDep node_modules/openclaw @aws-sdk/types@3.973.4 OK for: @aws-sdk/client-bedrock@3.1000.0 want: ^3.973.4
1589 silly placeDep node_modules/openclaw @aws-sdk/util-endpoints@3.996.3 OK for: @aws-sdk/client-bedrock@3.1000.0 want: ^3.996.3
1590 silly placeDep node_modules/openclaw @aws-sdk/util-user-agent-browser@3.972.6 OK for: @aws-sdk/client-bedrock@3.1000.0 want: ^3.972.6
1591 silly placeDep node_modules/openclaw @aws-sdk/util-user-agent-node@3.973.0 OK for: @aws-sdk/client-bedrock@3.1000.0 want: ^3.973.0
1592 silly placeDep node_modules/openclaw @smithy/config-resolver@4.4.9 OK for: @aws-sdk/client-bedrock@3.1000.0 want: ^4.4.9
1593 silly placeDep node_modules/openclaw @smithy/core@3.23.6 OK for: @aws-sdk/client-bedrock@3.1000.0 want: ^3.23.6
1594 silly placeDep node_modules/openclaw @smithy/fetch-http-handler@5.3.11 OK for: @aws-sdk/client-bedrock@3.1000.0 want: ^5.3.11
1595 silly placeDep node_modules/openclaw @smithy/hash-node@4.2.10 OK for: @aws-sdk/client-bedrock@3.1000.0 want: ^4.2.10
1596 silly placeDep node_modules/openclaw @smithy/invalid-dependency@4.2.10 OK for: @aws-sdk/client-bedrock@3.1000.0 want: ^4.2.10
1597 silly placeDep node_modules/openclaw @smithy/middleware-content-length@4.2.10 OK for: @aws-sdk/client-bedrock@3.1000.0 want: ^4.2.10
1598 silly placeDep node_modules/openclaw @smithy/middleware-endpoint@4.4.20 OK for: @aws-sdk/client-bedrock@3.1000.0 want: ^4.4.20
1599 silly placeDep node_modules/openclaw @smithy/middleware-retry@4.4.37 OK for: @aws-sdk/client-bedrock@3.1000.0 want: ^4.4.37
1600 silly placeDep node_modules/openclaw @smithy/middleware-serde@4.2.11 OK for: @aws-sdk/client-bedrock@3.1000.0 want: ^4.2.11
1601 silly placeDep node_modules/openclaw @smithy/middleware-stack@4.2.10 OK for: @aws-sdk/client-bedrock@3.1000.0 want: ^4.2.10
1602 silly placeDep node_modules/openclaw @smithy/node-config-provider@4.3.10 OK for: @aws-sdk/client-bedrock@3.1000.0 want: ^4.3.10
1603 silly placeDep node_modules/openclaw @smithy/node-http-handler@4.4.12 OK for: @aws-sdk/client-bedrock@3.1000.0 want: ^4.4.12
1604 silly placeDep node_modules/openclaw @smithy/protocol-http@5.3.10 OK for: @aws-sdk/client-bedrock@3.1000.0 want: ^5.3.10
1605 silly placeDep node_modules/openclaw @smithy/smithy-client@4.12.0 OK for: @aws-sdk/client-bedrock@3.1000.0 want: ^4.12.0
1606 silly placeDep node_modules/openclaw @smithy/types@4.13.0 OK for: @aws-sdk/client-bedrock@3.1000.0 want: ^4.13.0
1607 silly placeDep node_modules/openclaw @smithy/url-parser@4.2.10 OK for: @aws-sdk/client-bedrock@3.1000.0 want: ^4.2.10
1608 silly placeDep node_modules/openclaw @smithy/util-base64@4.3.1 OK for: @aws-sdk/client-bedrock@3.1000.0 want: ^4.3.1
1609 silly placeDep node_modules/openclaw @smithy/util-body-length-browser@4.2.1 OK for: @aws-sdk/client-bedrock@3.1000.0 want: ^4.2.1
1610 silly placeDep node_modules/openclaw @smithy/util-body-length-node@4.2.2 OK for: @aws-sdk/client-bedrock@3.1000.0 want: ^4.2.2
1611 silly placeDep node_modules/openclaw @smithy/util-defaults-mode-browser@4.3.36 OK for: @aws-sdk/client-bedrock@3.1000.0 want: ^4.3.36
1612 silly placeDep node_modules/openclaw @smithy/util-defaults-mode-node@4.2.39 OK for: @aws-sdk/client-bedrock@3.1000.0 want: ^4.2.39
1613 silly placeDep node_modules/openclaw @smithy/util-endpoints@3.3.1 OK for: @aws-sdk/client-bedrock@3.1000.0 want: ^3.3.1
1614 silly placeDep node_modules/openclaw @smithy/util-middleware@4.2.10 OK for: @aws-sdk/client-bedrock@3.1000.0 want: ^4.2.10
1615 silly placeDep node_modules/openclaw @smithy/util-retry@4.2.10 OK for: @aws-sdk/client-bedrock@3.1000.0 want: ^4.2.10
1616 silly placeDep node_modules/openclaw @smithy/util-utf8@4.2.1 OK for: @aws-sdk/client-bedrock@3.1000.0 want: ^4.2.1
1617 silly placeDep node_modules/openclaw tslib@2.8.1 OK for: @aws-sdk/client-bedrock@3.1000.0 want: ^2.6.2
1618 silly fetch manifest @aws-sdk/types@^3.222.0
1619 silly packumentCache full:https://registry.npmjs.org/@aws-sdk%2ftypes cache-hit
1620 silly fetch manifest @aws-crypto/util@^5.2.0
1621 silly packumentCache full:https://registry.npmjs.org/@aws-crypto%2futil cache-miss
1622 silly fetch manifest @smithy/util-utf8@^2.0.0
1623 silly packumentCache full:https://registry.npmjs.org/@smithy%2futil-utf8 cache-hit
1624 silly fetch manifest @aws-crypto/sha256-js@^5.2.0
1625 silly packumentCache full:https://registry.npmjs.org/@aws-crypto%2fsha256-js cache-hit
1626 silly fetch manifest @aws-sdk/util-locate-window@^3.0.0
1627 silly packumentCache full:https://registry.npmjs.org/@aws-sdk%2futil-locate-window cache-miss
1628 silly fetch manifest @aws-crypto/supports-web-crypto@^5.2.0
1629 silly packumentCache full:https://registry.npmjs.org/@aws-crypto%2fsupports-web-crypto cache-miss
1630 silly fetch manifest @aws-sdk/types@^3.222.0
1631 silly packumentCache full:https://registry.npmjs.org/@aws-sdk%2ftypes cache-hit
1632 silly fetch manifest @aws-crypto/util@^5.2.0
1633 silly packumentCache full:https://registry.npmjs.org/@aws-crypto%2futil cache-miss
1634 silly fetch manifest @aws-sdk/xml-builder@^3.972.8
1635 silly packumentCache full:https://registry.npmjs.org/@aws-sdk%2fxml-builder cache-miss
1636 silly fetch manifest @smithy/property-provider@^4.2.10
1637 silly packumentCache full:https://registry.npmjs.org/@smithy%2fproperty-provider cache-miss
1638 silly fetch manifest @smithy/signature-v4@^5.3.10
1639 silly packumentCache full:https://registry.npmjs.org/@smithy%2fsignature-v4 cache-miss
1640 silly fetch manifest @aws-sdk/credential-provider-env@^3.972.13
1641 silly packumentCache full:https://registry.npmjs.org/@aws-sdk%2fcredential-provider-env cache-miss
1642 silly fetch manifest @aws-sdk/credential-provider-http@^3.972.15
1643 silly packumentCache full:https://registry.npmjs.org/@aws-sdk%2fcredential-provider-http cache-miss
1644 http fetch GET 200 https://registry.npmjs.org/@aws-sdk%2fxml-builder 58ms (cache revalidated)
1645 silly packumentCache full:https://registry.npmjs.org/@aws-sdk%2fxml-builder set size:307502 disposed:false
1646 silly fetch manifest @aws-sdk/credential-provider-ini@^3.972.13
1647 silly packumentCache full:https://registry.npmjs.org/@aws-sdk%2fcredential-provider-ini cache-miss
1648 http fetch GET 200 https://registry.npmjs.org/@aws-sdk%2fcredential-provider-env 61ms (cache revalidated)
1649 silly packumentCache full:https://registry.npmjs.org/@aws-sdk%2fcredential-provider-env set size:811305 disposed:false
1650 silly fetch manifest @aws-sdk/credential-provider-process@^3.972.13
1651 silly packumentCache full:https://registry.npmjs.org/@aws-sdk%2fcredential-provider-process cache-miss
1652 http fetch GET 200 https://registry.npmjs.org/@smithy%2fproperty-provider 66ms (cache revalidated)
1653 silly packumentCache full:https://registry.npmjs.org/@smithy%2fproperty-provider set size:186218 disposed:false
1654 silly fetch manifest @aws-sdk/credential-provider-sso@^3.972.13
1655 silly packumentCache full:https://registry.npmjs.org/@aws-sdk%2fcredential-provider-sso cache-miss
1656 http fetch GET 200 https://registry.npmjs.org/@aws-sdk%2fcredential-provider-ini 51ms (cache revalidated)
1657 silly packumentCache full:https://registry.npmjs.org/@aws-sdk%2fcredential-provider-ini set size:1672956 disposed:false
1658 silly fetch manifest @aws-sdk/credential-provider-web-identity@^3.972.13
1659 silly packumentCache full:https://registry.npmjs.org/@aws-sdk%2fcredential-provider-web-identity cache-miss
1660 http fetch GET 200 https://registry.npmjs.org/@aws-sdk%2fcredential-provider-sso 54ms (cache revalidated)
1661 silly packumentCache full:https://registry.npmjs.org/@aws-sdk%2fcredential-provider-sso set size:1429846 disposed:false
1662 silly fetch manifest @smithy/credential-provider-imds@^4.2.10
1663 silly packumentCache full:https://registry.npmjs.org/@smithy%2fcredential-provider-imds cache-miss
1664 http fetch GET 200 https://registry.npmjs.org/@aws-sdk%2fcredential-provider-web-identity 48ms (cache revalidated)
1665 silly packumentCache full:https://registry.npmjs.org/@aws-sdk%2fcredential-provider-web-identity set size:867773 disposed:false
1666 silly fetch manifest @smithy/shared-ini-file-loader@^4.4.5
1667 silly packumentCache full:https://registry.npmjs.org/@smithy%2fshared-ini-file-loader cache-miss
1668 http fetch GET 200 https://registry.npmjs.org/@aws-sdk%2fcredential-provider-http 313ms (cache revalidated)
1669 silly packumentCache full:https://registry.npmjs.org/@aws-sdk%2fcredential-provider-http set size:475861 disposed:false
1670 silly fetch manifest @aws/lambda-invoke-store@^0.2.2
1671 silly packumentCache full:https://registry.npmjs.org/@aws%2flambda-invoke-store cache-miss
1672 http fetch GET 200 https://registry.npmjs.org/@smithy%2fsignature-v4 324ms (cache revalidated)
1673 silly packumentCache full:https://registry.npmjs.org/@smithy%2fsignature-v4 set size:216346 disposed:false
1674 silly fetch manifest @aws-sdk/nested-clients@^3.996.3
1675 silly packumentCache full:https://registry.npmjs.org/@aws-sdk%2fnested-clients cache-miss
1676 http fetch GET 200 https://registry.npmjs.org/@aws-sdk%2futil-locate-window 344ms (cache revalidated)
1677 silly packumentCache full:https://registry.npmjs.org/@aws-sdk%2futil-locate-window set size:218534 disposed:false
1678 silly fetch manifest @smithy/shared-ini-file-loader@^4.4.5
1679 silly packumentCache full:https://registry.npmjs.org/@smithy%2fshared-ini-file-loader cache-miss
1680 http fetch GET 200 https://registry.npmjs.org/@aws-crypto%2fsupports-web-crypto 347ms (cache revalidated)
1681 silly packumentCache full:https://registry.npmjs.org/@aws-crypto%2fsupports-web-crypto set size:41745 disposed:false
1682 silly fetch manifest bowser@^2.11.0
1683 silly packumentCache full:https://registry.npmjs.org/bowser cache-miss
1684 http fetch GET 200 https://registry.npmjs.org/@aws-sdk%2fcredential-provider-process 312ms (cache revalidated)
1685 silly packumentCache full:https://registry.npmjs.org/@aws-sdk%2fcredential-provider-process set size:887721 disposed:false
1686 silly fetch manifest @smithy/util-config-provider@^4.2.1
1687 silly packumentCache full:https://registry.npmjs.org/@smithy%2futil-config-provider cache-miss
1688 http fetch GET 200 https://registry.npmjs.org/bowser 40ms (cache revalidated)
1689 silly packumentCache full:https://registry.npmjs.org/bowser set size:197673 disposed:false
1690 silly fetch manifest @smithy/util-stream@^4.5.15
1691 silly packumentCache full:https://registry.npmjs.org/@smithy%2futil-stream cache-miss
1692 http fetch GET 200 https://registry.npmjs.org/@aws-sdk%2fnested-clients 69ms (cache revalidated)
1693 silly packumentCache full:https://registry.npmjs.org/@aws-sdk%2fnested-clients set size:618990 disposed:false
1694 silly fetch manifest @smithy/uuid@^1.1.1
1695 silly packumentCache full:https://registry.npmjs.org/@smithy%2fuuid cache-miss
1696 http fetch GET 200 https://registry.npmjs.org/@smithy%2futil-config-provider 62ms (cache revalidated)
1697 silly packumentCache full:https://registry.npmjs.org/@smithy%2futil-config-provider set size:41038 disposed:false
1698 silly fetch manifest @smithy/querystring-builder@^4.2.10
1699 silly packumentCache full:https://registry.npmjs.org/@smithy%2fquerystring-builder cache-miss
1700 http fetch GET 200 https://registry.npmjs.org/@smithy%2fcredential-provider-imds 336ms (cache revalidated)
1701 silly packumentCache full:https://registry.npmjs.org/@smithy%2fcredential-provider-imds set size:235737 disposed:false
1702 silly fetch manifest @smithy/util-buffer-from@^4.2.1
1703 silly packumentCache full:https://registry.npmjs.org/@smithy%2futil-buffer-from cache-miss
1704 http fetch GET 200 https://registry.npmjs.org/@smithy%2fquerystring-builder 70ms (cache revalidated)
1705 silly packumentCache full:https://registry.npmjs.org/@smithy%2fquerystring-builder set size:182157 disposed:false
1706 silly fetch manifest @smithy/shared-ini-file-loader@^4.4.5
1707 silly packumentCache full:https://registry.npmjs.org/@smithy%2fshared-ini-file-loader cache-miss
1708 http fetch GET 200 https://registry.npmjs.org/@smithy%2fshared-ini-file-loader 372ms (cache revalidated)
1709 silly packumentCache full:https://registry.npmjs.org/@smithy%2fshared-ini-file-loader set size:232466 disposed:false
1710 silly fetch manifest @smithy/service-error-classification@^4.2.10
1711 silly packumentCache full:https://registry.npmjs.org/@smithy%2fservice-error-classification cache-miss
1712 http fetch GET 200 https://registry.npmjs.org/@smithy%2fshared-ini-file-loader 197ms (cache revalidated)
1713 silly packumentCache full:https://registry.npmjs.org/@smithy%2fshared-ini-file-loader set size:232466 disposed:false
1714 silly packumentCache full:https://registry.npmjs.org/@smithy%2fshared-ini-file-loader dispose
1715 silly fetch manifest @smithy/uuid@^1.1.1
1716 silly packumentCache full:https://registry.npmjs.org/@smithy%2fuuid cache-miss
1717 http fetch GET 200 https://registry.npmjs.org/@smithy%2fshared-ini-file-loader 59ms (cache revalidated)
1718 silly packumentCache full:https://registry.npmjs.org/@smithy%2fshared-ini-file-loader set size:232466 disposed:true
1719 silly packumentCache full:https://registry.npmjs.org/@smithy%2fshared-ini-file-loader dispose
1720 silly fetch manifest @smithy/abort-controller@^4.2.10
1721 silly packumentCache full:https://registry.npmjs.org/@smithy%2fabort-controller cache-miss
1722 http fetch GET 200 https://registry.npmjs.org/@aws-crypto%2futil 602ms (cache revalidated)
1723 silly packumentCache full:https://registry.npmjs.org/@aws-crypto%2futil set size:30876 disposed:false
1724 silly fetch manifest @smithy/util-stream@^4.5.15
1725 silly packumentCache full:https://registry.npmjs.org/@smithy%2futil-stream cache-miss
1726 http fetch GET 200 https://registry.npmjs.org/@aws-crypto%2futil 602ms (cache revalidated)
1727 silly packumentCache full:https://registry.npmjs.org/@aws-crypto%2futil set size:30876 disposed:false
1728 silly packumentCache full:https://registry.npmjs.org/@aws-crypto%2futil dispose
1729 silly fetch manifest @smithy/querystring-parser@^4.2.10
1730 silly packumentCache full:https://registry.npmjs.org/@smithy%2fquerystring-parser cache-miss
1731 http fetch GET 200 https://registry.npmjs.org/@aws%2flambda-invoke-store 341ms (cache revalidated)
1732 silly packumentCache full:https://registry.npmjs.org/@aws%2flambda-invoke-store set size:35903 disposed:false
1733 silly fetch manifest @smithy/util-buffer-from@^4.2.1
1734 silly packumentCache full:https://registry.npmjs.org/@smithy%2futil-buffer-from cache-miss
1735 http fetch GET 200 https://registry.npmjs.org/@smithy%2futil-stream 328ms (cache revalidated)
1736 silly packumentCache full:https://registry.npmjs.org/@smithy%2futil-stream set size:416650 disposed:false
1737 silly fetch manifest @smithy/service-error-classification@^4.2.10
1738 silly packumentCache full:https://registry.npmjs.org/@smithy%2fservice-error-classification cache-miss
1739 http fetch GET 200 https://registry.npmjs.org/@smithy%2futil-stream 133ms (cache revalidated)
1740 silly packumentCache full:https://registry.npmjs.org/@smithy%2futil-stream set size:416650 disposed:false
1741 silly packumentCache full:https://registry.npmjs.org/@smithy%2futil-stream dispose
1742 silly fetch manifest @smithy/util-buffer-from@^4.2.1
1743 silly packumentCache full:https://registry.npmjs.org/@smithy%2futil-buffer-from cache-miss
1744 http fetch GET 200 https://registry.npmjs.org/@smithy%2futil-buffer-from 337ms (cache revalidated)
1745 silly packumentCache full:https://registry.npmjs.org/@smithy%2futil-buffer-from set size:41115 disposed:false
1746 http fetch GET 200 https://registry.npmjs.org/@smithy%2futil-buffer-from 137ms (cache revalidated)
1747 silly packumentCache full:https://registry.npmjs.org/@smithy%2futil-buffer-from set size:41115 disposed:false
1748 silly packumentCache full:https://registry.npmjs.org/@smithy%2futil-buffer-from dispose
1749 http fetch GET 200 https://registry.npmjs.org/@smithy%2futil-buffer-from 66ms (cache revalidated)
1750 silly packumentCache full:https://registry.npmjs.org/@smithy%2futil-buffer-from set size:41115 disposed:true
1751 silly packumentCache full:https://registry.npmjs.org/@smithy%2futil-buffer-from dispose
1752 http fetch GET 200 https://registry.npmjs.org/@smithy%2fservice-error-classification 169ms (cache revalidated)
1753 silly packumentCache full:https://registry.npmjs.org/@smithy%2fservice-error-classification set size:172529 disposed:false
1754 http fetch GET 200 https://registry.npmjs.org/@smithy%2fservice-error-classification 368ms (cache revalidated)
1755 silly packumentCache full:https://registry.npmjs.org/@smithy%2fservice-error-classification set size:172529 disposed:false
1756 silly packumentCache full:https://registry.npmjs.org/@smithy%2fservice-error-classification dispose
1757 http fetch GET 200 https://registry.npmjs.org/@smithy%2fabort-controller 346ms (cache revalidated)
1758 silly packumentCache full:https://registry.npmjs.org/@smithy%2fabort-controller set size:168950 disposed:false
1759 http fetch GET 200 https://registry.npmjs.org/@smithy%2fquerystring-parser 338ms (cache revalidated)
1760 silly packumentCache full:https://registry.npmjs.org/@smithy%2fquerystring-parser set size:180696 disposed:false
1761 http fetch GET 200 https://registry.npmjs.org/@smithy%2fuuid 818ms (cache revalidated)
1762 silly packumentCache full:https://registry.npmjs.org/@smithy%2fuuid set size:10090 disposed:false
1763 http fetch GET 200 https://registry.npmjs.org/@smithy%2fuuid 678ms (cache revalidated)
1764 silly packumentCache full:https://registry.npmjs.org/@smithy%2fuuid set size:10090 disposed:false
1765 silly packumentCache full:https://registry.npmjs.org/@smithy%2fuuid dispose
1766 silly placeDep node_modules/openclaw @aws-crypto/supports-web-crypto@5.2.0 OK for: @aws-crypto/sha256-browser@5.2.0 want: ^5.2.0
1767 silly placeDep node_modules/openclaw @aws-crypto/util@5.2.0 OK for: @aws-crypto/sha256-browser@5.2.0 want: ^5.2.0
1768 silly placeDep node_modules/openclaw @aws-sdk/util-locate-window@3.965.4 OK for: @aws-crypto/sha256-browser@5.2.0 want: ^3.0.0
1769 silly placeDep node_modules/openclaw/node_modules/@aws-crypto/sha256-browser @smithy/util-utf8@2.3.0 OK for: @aws-crypto/sha256-browser@5.2.0 want: ^2.0.0
1770 silly fetch manifest @smithy/util-buffer-from@^2.2.0
1771 silly packumentCache full:https://registry.npmjs.org/@smithy%2futil-buffer-from cache-hit
1772 silly placeDep node_modules/openclaw/node_modules/@aws-crypto/util @smithy/util-utf8@2.3.0 OK for: @aws-crypto/util@5.2.0 want: ^2.0.0
1773 silly placeDep node_modules/openclaw @aws-sdk/xml-builder@3.972.8 OK for: @aws-sdk/core@3.973.15 want: ^3.972.8
1774 silly placeDep node_modules/openclaw @smithy/property-provider@4.2.10 OK for: @aws-sdk/core@3.973.15 want: ^4.2.10
1775 silly placeDep node_modules/openclaw @smithy/signature-v4@5.3.10 OK for: @aws-sdk/core@3.973.15 want: ^5.3.10
1776 silly fetch manifest fast-xml-parser@5.3.6
1777 silly packumentCache full:https://registry.npmjs.org/fast-xml-parser cache-miss
1778 silly fetch manifest @smithy/is-array-buffer@^4.2.1
1779 silly packumentCache full:https://registry.npmjs.org/@smithy%2fis-array-buffer cache-miss
1780 silly fetch manifest @smithy/util-hex-encoding@^4.2.1
1781 silly packumentCache full:https://registry.npmjs.org/@smithy%2futil-hex-encoding cache-miss
1782 silly fetch manifest @smithy/util-uri-escape@^4.2.1
1783 silly packumentCache full:https://registry.npmjs.org/@smithy%2futil-uri-escape cache-miss
1784 http fetch GET 200 https://registry.npmjs.org/fast-xml-parser 63ms (cache revalidated)
1785 silly packumentCache full:https://registry.npmjs.org/fast-xml-parser set size:521330 disposed:false
1786 http fetch GET 200 https://registry.npmjs.org/@smithy%2fis-array-buffer 327ms (cache revalidated)
1787 silly packumentCache full:https://registry.npmjs.org/@smithy%2fis-array-buffer set size:37570 disposed:false
1788 http fetch GET 200 https://registry.npmjs.org/@smithy%2futil-hex-encoding 635ms (cache revalidated)
1789 silly packumentCache full:https://registry.npmjs.org/@smithy%2futil-hex-encoding set size:37700 disposed:false
1790 http fetch GET 200 https://registry.npmjs.org/@smithy%2futil-uri-escape 637ms (cache revalidated)
1791 silly packumentCache full:https://registry.npmjs.org/@smithy%2futil-uri-escape set size:40225 disposed:false
1792 silly placeDep node_modules/openclaw @aws-sdk/credential-provider-env@3.972.13 OK for: @aws-sdk/credential-provider-node@3.972.14 want: ^3.972.13
1793 silly placeDep node_modules/openclaw @aws-sdk/credential-provider-http@3.972.15 OK for: @aws-sdk/credential-provider-node@3.972.14 want: ^3.972.15
1794 silly placeDep node_modules/openclaw @aws-sdk/credential-provider-ini@3.972.13 OK for: @aws-sdk/credential-provider-node@3.972.14 want: ^3.972.13
1795 silly placeDep node_modules/openclaw @aws-sdk/credential-provider-process@3.972.13 OK for: @aws-sdk/credential-provider-node@3.972.14 want: ^3.972.13
1796 silly placeDep node_modules/openclaw @aws-sdk/credential-provider-sso@3.972.13 OK for: @aws-sdk/credential-provider-node@3.972.14 want: ^3.972.13
1797 silly placeDep node_modules/openclaw @aws-sdk/credential-provider-web-identity@3.972.13 OK for: @aws-sdk/credential-provider-node@3.972.14 want: ^3.972.13
1798 silly placeDep node_modules/openclaw @smithy/credential-provider-imds@4.2.10 OK for: @aws-sdk/credential-provider-node@3.972.14 want: ^4.2.10
1799 silly placeDep node_modules/openclaw @smithy/shared-ini-file-loader@4.4.5 OK for: @aws-sdk/credential-provider-node@3.972.14 want: ^4.4.5
1800 silly fetch manifest @aws-sdk/credential-provider-login@^3.972.13
1801 silly packumentCache full:https://registry.npmjs.org/@aws-sdk%2fcredential-provider-login cache-miss
1802 silly fetch manifest @aws-sdk/token-providers@3.999.0
1803 silly packumentCache full:https://registry.npmjs.org/@aws-sdk%2ftoken-providers cache-miss
1804 http cache https://registry.npmjs.org/@aws-sdk%2ftoken-providers 5ms (cache hit)
1805 silly packumentCache full:https://registry.npmjs.org/@aws-sdk%2ftoken-providers set size:1046641 disposed:false
1806 http fetch GET 200 https://registry.npmjs.org/@aws-sdk%2fcredential-provider-login 60ms (cache revalidated)
1807 silly packumentCache full:https://registry.npmjs.org/@aws-sdk%2fcredential-provider-login set size:106162 disposed:false
1808 silly placeDep node_modules/openclaw @smithy/util-stream@4.5.15 OK for: @aws-sdk/credential-provider-http@3.972.15 want: ^4.5.15
1809 silly placeDep node_modules/openclaw @aws-sdk/credential-provider-login@3.972.13 OK for: @aws-sdk/credential-provider-ini@3.972.13 want: ^3.972.13
1810 silly placeDep node_modules/openclaw @aws-sdk/nested-clients@3.996.3 OK for: @aws-sdk/credential-provider-ini@3.972.13 want: ^3.996.3
1811 silly placeDep node_modules/openclaw/node_modules/@aws-sdk/credential-provider-sso @aws-sdk/token-providers@3.999.0 OK for: @aws-sdk/credential-provider-sso@3.972.13 want: 3.999.0
1812 silly placeDep node_modules/openclaw @aws/lambda-invoke-store@0.2.3 OK for: @aws-sdk/middleware-recursion-detection@3.972.6 want: ^0.2.2
1813 silly placeDep node_modules/openclaw bowser@2.14.1 OK for: @aws-sdk/util-user-agent-browser@3.972.6 want: ^2.11.0
1814 silly placeDep node_modules/openclaw fast-xml-parser@5.3.6 OK for: @aws-sdk/xml-builder@3.972.8 want: 5.3.6
1815 silly fetch manifest strnum@^2.1.2
1816 silly packumentCache full:https://registry.npmjs.org/strnum cache-miss
1817 http fetch GET 200 https://registry.npmjs.org/strnum 47ms (cache revalidated)
1818 silly packumentCache full:https://registry.npmjs.org/strnum set size:36552 disposed:false
1819 silly fetch manifest hono@^4
1820 silly packumentCache full:https://registry.npmjs.org/hono cache-miss
1821 http fetch GET 200 https://registry.npmjs.org/hono 64ms (cache revalidated)
1822 silly packumentCache full:https://registry.npmjs.org/hono set size:5409518 disposed:false
1823 silly placeDep node_modules/openclaw @cloudflare/workers-types@4.20260120.0 OK for: @buape/carbon@0.0.0-beta-20260216184201 want: 4.20260120.0
1824 silly placeDep node_modules/openclaw @hono/node-server@1.19.9 OK for: @buape/carbon@0.0.0-beta-20260216184201 want: 1.19.9
1825 silly placeDep node_modules/openclaw hono@4.12.3 OK for: @hono/node-server@1.19.9 want: ^4
1826 silly placeDep node_modules/openclaw @types/bun@1.3.9 OK for: @buape/carbon@0.0.0-beta-20260216184201 want: 1.3.9
1827 silly placeDep node_modules/openclaw @types/node@25.3.3 OK for: @buape/carbon@0.0.0-beta-20260216184201 want: ^25.0.9
1828 silly placeDep node_modules/openclaw @types/ws@8.18.1 OK for: @buape/carbon@0.0.0-beta-20260216184201 want: 8.18.1
1829 silly placeDep node_modules/openclaw/node_modules/@buape/carbon discord-api-types@0.38.37 OK for: @buape/carbon@0.0.0-beta-20260216184201 want: 0.38.37
1830 silly fetch manifest bun-types@1.3.9
1831 silly packumentCache full:https://registry.npmjs.org/bun-types cache-miss
1832 silly fetch manifest undici-types@~7.18.0
1833 silly packumentCache full:https://registry.npmjs.org/undici-types cache-miss
1834 http fetch GET 200 https://registry.npmjs.org/undici-types 44ms (cache revalidated)
1835 silly packumentCache full:https://registry.npmjs.org/undici-types set size:171546 disposed:false
1836 http fetch GET 200 https://registry.npmjs.org/bun-types 124ms (cache updated)
1837 silly packumentCache full:https://registry.npmjs.org/bun-types set size:undefined disposed:false
1838 silly placeDep node_modules/openclaw @clack/core@1.0.1 OK for: @clack/prompts@1.0.1 want: 1.0.1
1839 silly placeDep node_modules/openclaw picocolors@1.1.1 OK for: @clack/prompts@1.0.1 want: ^1.0.0
1840 silly placeDep node_modules/openclaw sisteransi@1.0.5 OK for: @clack/prompts@1.0.1 want: ^1.0.5
1841 silly placeDep node_modules/openclaw @discordjs/node-pre-gyp@0.4.5 OK for: @discordjs/opus@0.10.0 want: ^0.4.5
1842 silly placeDep node_modules/openclaw node-addon-api@8.6.0 OK for: @discordjs/opus@0.10.0 want: ^8.1.0
1843 silly fetch manifest detect-libc@^2.0.0
1844 silly packumentCache full:https://registry.npmjs.org/detect-libc cache-hit
1845 silly fetch manifest https-proxy-agent@^5.0.0
1846 silly packumentCache full:https://registry.npmjs.org/https-proxy-agent cache-hit
1847 silly fetch manifest make-dir@^3.1.0
1848 silly packumentCache full:https://registry.npmjs.org/make-dir cache-miss
1849 silly fetch manifest node-fetch@^2.6.7
1850 silly packumentCache full:https://registry.npmjs.org/node-fetch cache-hit
1851 silly fetch manifest nopt@^5.0.0
1852 silly packumentCache full:https://registry.npmjs.org/nopt cache-miss
1853 silly fetch manifest npmlog@^5.0.1
1854 silly packumentCache full:https://registry.npmjs.org/npmlog cache-miss
1855 silly fetch manifest rimraf@^3.0.2
1856 silly packumentCache full:https://registry.npmjs.org/rimraf cache-hit
1857 silly fetch manifest semver@^7.3.5
1858 silly packumentCache full:https://registry.npmjs.org/semver cache-hit
1859 silly fetch manifest tar@^6.1.11
1860 silly packumentCache full:https://registry.npmjs.org/tar cache-hit
1861 http fetch GET 200 https://registry.npmjs.org/nopt 47ms (cache revalidated)
1862 silly packumentCache full:https://registry.npmjs.org/nopt set size:71592 disposed:false
1863 http fetch GET 200 https://registry.npmjs.org/make-dir 48ms (cache revalidated)
1864 silly packumentCache full:https://registry.npmjs.org/make-dir set size:34889 disposed:false
1865 http fetch GET 200 https://registry.npmjs.org/npmlog 49ms (cache revalidated)
1866 silly packumentCache full:https://registry.npmjs.org/npmlog set size:68119 disposed:false
1867 silly fetch manifest encoding@^0.1.0
1868 silly packumentCache full:https://registry.npmjs.org/encoding cache-miss
1869 http fetch GET 200 https://registry.npmjs.org/encoding 40ms (cache revalidated)
1870 silly packumentCache full:https://registry.npmjs.org/encoding set size:17833 disposed:false
1871 silly placeDep node_modules/openclaw detect-libc@2.1.2 OK for: @discordjs/node-pre-gyp@0.4.5 want: ^2.0.0
1872 silly placeDep node_modules/openclaw/node_modules/@discordjs/node-pre-gyp https-proxy-agent@5.0.1 OK for: @discordjs/node-pre-gyp@0.4.5 want: ^5.0.0
1873 silly placeDep node_modules/openclaw make-dir@3.1.0 OK for: @discordjs/node-pre-gyp@0.4.5 want: ^3.1.0
1874 silly placeDep node_modules/openclaw node-fetch@2.7.0 OK for: @discordjs/node-pre-gyp@0.4.5 want: ^2.6.7
1875 silly placeDep node_modules/openclaw nopt@5.0.0 OK for: @discordjs/node-pre-gyp@0.4.5 want: ^5.0.0
1876 silly placeDep node_modules/openclaw npmlog@5.0.1 OK for: @discordjs/node-pre-gyp@0.4.5 want: ^5.0.1
1877 silly placeDep node_modules/openclaw rimraf@3.0.2 OK for: @discordjs/node-pre-gyp@0.4.5 want: ^3.0.2
1878 silly placeDep node_modules/openclaw semver@7.7.4 OK for: @discordjs/node-pre-gyp@0.4.5 want: ^7.3.5
1879 silly placeDep node_modules/openclaw/node_modules/@discordjs/node-pre-gyp tar@6.2.1 OK for: @discordjs/node-pre-gyp@0.4.5 want: ^6.1.11
1880 silly fetch manifest agent-base@6
1881 silly packumentCache full:https://registry.npmjs.org/agent-base cache-hit
1882 silly fetch manifest semver@^6.0.0
1883 silly packumentCache full:https://registry.npmjs.org/semver cache-hit
1884 silly fetch manifest whatwg-url@^5.0.0
1885 silly packumentCache full:https://registry.npmjs.org/whatwg-url cache-miss
1886 silly fetch manifest abbrev@1
1887 silly packumentCache full:https://registry.npmjs.org/abbrev cache-miss
1888 silly fetch manifest gauge@^3.0.0
1889 silly packumentCache full:https://registry.npmjs.org/gauge cache-miss
1890 silly fetch manifest set-blocking@^2.0.0
1891 silly packumentCache full:https://registry.npmjs.org/set-blocking cache-miss
1892 silly fetch manifest are-we-there-yet@^2.0.0
1893 silly packumentCache full:https://registry.npmjs.org/are-we-there-yet cache-miss
1894 silly fetch manifest console-control-strings@^1.1.0
1895 silly packumentCache full:https://registry.npmjs.org/console-control-strings cache-miss
1896 silly fetch manifest glob@^7.1.3
1897 silly packumentCache full:https://registry.npmjs.org/glob cache-hit
1898 silly fetch manifest chownr@^2.0.0
1899 silly packumentCache full:https://registry.npmjs.org/chownr cache-hit
1900 silly fetch manifest mkdirp@^1.0.3
1901 silly packumentCache full:https://registry.npmjs.org/mkdirp cache-miss
1902 silly fetch manifest yallist@^4.0.0
1903 silly packumentCache full:https://registry.npmjs.org/yallist cache-hit
1904 silly fetch manifest minipass@^5.0.0
1905 silly packumentCache full:https://registry.npmjs.org/minipass cache-hit
1906 silly fetch manifest minizlib@^2.1.1
1907 silly packumentCache full:https://registry.npmjs.org/minizlib cache-hit
1908 silly fetch manifest fs-minipass@^2.0.0
1909 silly packumentCache full:https://registry.npmjs.org/fs-minipass cache-miss
1910 http fetch GET 200 https://registry.npmjs.org/gauge 55ms (cache revalidated)
1911 silly packumentCache full:https://registry.npmjs.org/gauge set size:101042 disposed:false
1912 http fetch GET 200 https://registry.npmjs.org/whatwg-url 62ms (cache revalidated)
1913 silly packumentCache full:https://registry.npmjs.org/whatwg-url set size:170765 disposed:false
1914 http fetch GET 200 https://registry.npmjs.org/abbrev 63ms (cache revalidated)
1915 silly packumentCache full:https://registry.npmjs.org/abbrev set size:21777 disposed:false
1916 http fetch GET 200 https://registry.npmjs.org/console-control-strings 64ms (cache revalidated)
1917 silly packumentCache full:https://registry.npmjs.org/console-control-strings set size:9235 disposed:false
1918 http fetch GET 200 https://registry.npmjs.org/set-blocking 65ms (cache revalidated)
1919 silly packumentCache full:https://registry.npmjs.org/set-blocking set size:5763 disposed:false
1920 http fetch GET 200 https://registry.npmjs.org/fs-minipass 63ms (cache revalidated)
1921 silly packumentCache full:https://registry.npmjs.org/fs-minipass set size:44606 disposed:false
1922 http fetch GET 200 https://registry.npmjs.org/mkdirp 63ms (cache revalidated)
1923 silly packumentCache full:https://registry.npmjs.org/mkdirp set size:116455 disposed:false
1924 http fetch GET 200 https://registry.npmjs.org/are-we-there-yet 66ms (cache revalidated)
1925 silly packumentCache full:https://registry.npmjs.org/are-we-there-yet set size:52315 disposed:false
1926 silly fetch manifest @discordjs/opus@>=0.8.0 <1.0.0
1927 silly packumentCache full:https://registry.npmjs.org/@discordjs%2fopus cache-hit
1928 silly fetch manifest ffmpeg-static@^5.0.2 || ^4.2.7 || ^3.0.0 || ^2.4.0
1929 silly packumentCache full:https://registry.npmjs.org/ffmpeg-static cache-miss
1930 http fetch GET 200 https://registry.npmjs.org/ffmpeg-static 42ms (cache revalidated)
1931 silly packumentCache full:https://registry.npmjs.org/ffmpeg-static set size:101147 disposed:false
1932 silly fetch manifest node-opus@^0.3.3
1933 silly packumentCache full:https://registry.npmjs.org/node-opus cache-miss
1934 http fetch GET 200 https://registry.npmjs.org/node-opus 295ms (cache revalidated)
1935 silly packumentCache full:https://registry.npmjs.org/node-opus set size:54788 disposed:false
1936 silly fetch manifest opusscript@^0.0.8
1937 silly packumentCache full:https://registry.npmjs.org/opusscript cache-hit
1938 silly placeDep node_modules/openclaw/node_modules/@discordjs/voice prism-media@1.3.5 OK for: @discordjs/voice@0.19.0 want: ^1.3.5
1939 silly placeDep node_modules/openclaw/node_modules/@discordjs/voice opusscript@0.0.8 OK for: prism-media@1.3.5 want: ^0.0.8
1940 silly placeDep node_modules/openclaw abort-controller@3.0.0 OK for: @grammyjs/runner@2.0.3 want: ^3.0.0
1941 silly fetch manifest event-target-shim@^5.0.0
1942 silly packumentCache full:https://registry.npmjs.org/event-target-shim cache-miss
1943 http fetch GET 200 https://registry.npmjs.org/event-target-shim 55ms (cache revalidated)
1944 silly packumentCache full:https://registry.npmjs.org/event-target-shim set size:103601 disposed:false
1945 silly placeDep node_modules/openclaw bottleneck@2.19.5 OK for: @grammyjs/transformer-throttler@1.2.1 want: ^2.0.0
1946 silly placeDep node_modules/openclaw debug@4.4.3 OK for: @homebridge/ciao@1.3.5 want: ^4.4.3
1947 silly placeDep node_modules/openclaw fast-deep-equal@3.1.3 OK for: @homebridge/ciao@1.3.5 want: ^3.1.3
1948 silly placeDep node_modules/openclaw source-map-support@0.5.21 OK for: @homebridge/ciao@1.3.5 want: ^0.5.21
1949 silly fetch manifest ms@^2.1.3
1950 silly packumentCache full:https://registry.npmjs.org/ms cache-miss
1951 silly fetch manifest buffer-from@^1.0.0
1952 silly packumentCache full:https://registry.npmjs.org/buffer-from cache-miss
1953 silly fetch manifest source-map@^0.6.0
1954 silly packumentCache full:https://registry.npmjs.org/source-map cache-miss
1955 http fetch GET 200 https://registry.npmjs.org/ms 54ms (cache revalidated)
1956 silly packumentCache full:https://registry.npmjs.org/ms set size:92208 disposed:false
1957 http fetch GET 200 https://registry.npmjs.org/source-map 58ms (cache revalidated)
1958 silly packumentCache full:https://registry.npmjs.org/source-map set size:226141 disposed:false
1959 http fetch GET 200 https://registry.npmjs.org/buffer-from 295ms (cache revalidated)
1960 silly packumentCache full:https://registry.npmjs.org/buffer-from set size:15463 disposed:false
1961 silly placeDep node_modules/openclaw axios@1.13.6 OK for: @larksuiteoapi/node-sdk@1.59.0 want: ~1.13.3
1962 silly placeDep node_modules/openclaw lodash.identity@3.0.0 OK for: @larksuiteoapi/node-sdk@1.59.0 want: ^3.0.0
1963 silly placeDep node_modules/openclaw lodash.merge@4.6.2 OK for: @larksuiteoapi/node-sdk@1.59.0 want: ^4.6.2
1964 silly placeDep node_modules/openclaw lodash.pickby@4.6.0 OK for: @larksuiteoapi/node-sdk@1.59.0 want: ^4.6.0
1965 silly placeDep node_modules/openclaw protobufjs@7.5.4 OK for: @larksuiteoapi/node-sdk@1.59.0 want: ^7.2.6
1966 silly placeDep node_modules/openclaw qs@6.15.0 OK for: @larksuiteoapi/node-sdk@1.59.0 want: ^6.14.2
1967 silly fetch manifest follow-redirects@^1.15.11
1968 silly packumentCache full:https://registry.npmjs.org/follow-redirects cache-miss
1969 silly fetch manifest form-data@^4.0.5
1970 silly packumentCache full:https://registry.npmjs.org/form-data cache-hit
1971 silly fetch manifest proxy-from-env@^1.1.0
1972 silly packumentCache full:https://registry.npmjs.org/proxy-from-env cache-miss
1973 silly fetch manifest @protobufjs/path@^1.1.2
1974 silly packumentCache full:https://registry.npmjs.org/@protobufjs%2fpath cache-miss
1975 silly fetch manifest @protobufjs/pool@^1.1.0
1976 silly packumentCache full:https://registry.npmjs.org/@protobufjs%2fpool cache-miss
1977 silly fetch manifest @protobufjs/utf8@^1.1.0
1978 silly packumentCache full:https://registry.npmjs.org/@protobufjs%2futf8 cache-miss
1979 silly fetch manifest @protobufjs/fetch@^1.1.0
1980 silly packumentCache full:https://registry.npmjs.org/@protobufjs%2ffetch cache-miss
1981 silly fetch manifest @protobufjs/float@^1.0.2
1982 silly packumentCache full:https://registry.npmjs.org/@protobufjs%2ffloat cache-miss
1983 silly fetch manifest @protobufjs/base64@^1.1.2
1984 silly packumentCache full:https://registry.npmjs.org/@protobufjs%2fbase64 cache-miss
1985 silly fetch manifest @protobufjs/codegen@^2.0.4
1986 silly packumentCache full:https://registry.npmjs.org/@protobufjs%2fcodegen cache-miss
1987 http fetch GET 200 https://registry.npmjs.org/follow-redirects 50ms (cache revalidated)
1988 silly packumentCache full:https://registry.npmjs.org/follow-redirects set size:186700 disposed:false
1989 silly fetch manifest @protobufjs/inquire@^1.1.0
1990 silly packumentCache full:https://registry.npmjs.org/@protobufjs%2finquire cache-miss
1991 http fetch GET 200 https://registry.npmjs.org/proxy-from-env 51ms (cache revalidated)
1992 silly packumentCache full:https://registry.npmjs.org/proxy-from-env set size:18911 disposed:false
1993 silly fetch manifest @protobufjs/aspromise@^1.1.2
1994 silly packumentCache full:https://registry.npmjs.org/@protobufjs%2faspromise cache-miss
1995 http fetch GET 200 https://registry.npmjs.org/@protobufjs%2fpath 55ms (cache revalidated)
1996 silly packumentCache full:https://registry.npmjs.org/@protobufjs%2fpath set size:10241 disposed:false
1997 silly fetch manifest @protobufjs/eventemitter@^1.1.0
1998 silly packumentCache full:https://registry.npmjs.org/@protobufjs%2feventemitter cache-miss
1999 http fetch GET 200 https://registry.npmjs.org/@protobufjs%2ffetch 66ms (cache revalidated)
2000 silly packumentCache full:https://registry.npmjs.org/@protobufjs%2ffetch set size:10099 disposed:false
2001 silly fetch manifest side-channel@^1.1.0
2002 silly packumentCache full:https://registry.npmjs.org/side-channel cache-miss
2003 http fetch GET 200 https://registry.npmjs.org/@protobufjs%2ffloat 68ms (cache revalidated)
2004 silly packumentCache full:https://registry.npmjs.org/@protobufjs%2ffloat set size:9957 disposed:false
2005 http fetch GET 200 https://registry.npmjs.org/@protobufjs%2fpool 71ms (cache revalidated)
2006 silly packumentCache full:https://registry.npmjs.org/@protobufjs%2fpool set size:10727 disposed:false
2007 http fetch GET 200 https://registry.npmjs.org/@protobufjs%2fcodegen 69ms (cache revalidated)
2008 silly packumentCache full:https://registry.npmjs.org/@protobufjs%2fcodegen set size:22005 disposed:false
2009 http fetch GET 200 https://registry.npmjs.org/@protobufjs%2fbase64 75ms (cache revalidated)
2010 silly packumentCache full:https://registry.npmjs.org/@protobufjs%2fbase64 set size:14176 disposed:false
2011 http fetch GET 200 https://registry.npmjs.org/@protobufjs%2finquire 54ms (cache revalidated)
2012 silly packumentCache full:https://registry.npmjs.org/@protobufjs%2finquire set size:6983 disposed:false
2013 http fetch GET 200 https://registry.npmjs.org/@protobufjs%2feventemitter 56ms (cache revalidated)
2014 silly packumentCache full:https://registry.npmjs.org/@protobufjs%2feventemitter set size:11306 disposed:false
2015 http fetch GET 200 https://registry.npmjs.org/side-channel 46ms (cache revalidated)
2016 silly packumentCache full:https://registry.npmjs.org/side-channel set size:24660 disposed:false
2017 http fetch GET 200 https://registry.npmjs.org/@protobufjs%2futf8 329ms (cache revalidated)
2018 silly packumentCache full:https://registry.npmjs.org/@protobufjs%2futf8 set size:13750 disposed:false
2019 http fetch GET 200 https://registry.npmjs.org/@protobufjs%2faspromise 317ms (cache revalidated)
2020 silly packumentCache full:https://registry.npmjs.org/@protobufjs%2faspromise set size:11438 disposed:false
2021 silly placeDep node_modules/openclaw/node_modules/@line/bot-sdk @types/node@24.11.0 OK for: @line/bot-sdk@10.6.0 want: ^24.0.0
2022 silly fetch manifest undici-types@~7.16.0
2023 silly packumentCache full:https://registry.npmjs.org/undici-types cache-hit
2024 silly placeDep node_modules/openclaw @lydell/node-pty-darwin-arm64@1.2.0-beta.3 OK for: @lydell/node-pty@1.2.0-beta.3 want: 1.2.0-beta.3
2025 silly placeDep node_modules/openclaw @lydell/node-pty-darwin-x64@1.2.0-beta.3 OK for: @lydell/node-pty@1.2.0-beta.3 want: 1.2.0-beta.3
2026 silly placeDep node_modules/openclaw @lydell/node-pty-linux-arm64@1.2.0-beta.3 OK for: @lydell/node-pty@1.2.0-beta.3 want: 1.2.0-beta.3
2027 silly placeDep node_modules/openclaw @lydell/node-pty-linux-x64@1.2.0-beta.3 OK for: @lydell/node-pty@1.2.0-beta.3 want: 1.2.0-beta.3
2028 silly placeDep node_modules/openclaw @lydell/node-pty-win32-arm64@1.2.0-beta.3 OK for: @lydell/node-pty@1.2.0-beta.3 want: 1.2.0-beta.3
2029 silly placeDep node_modules/openclaw @lydell/node-pty-win32-x64@1.2.0-beta.3 OK for: @lydell/node-pty@1.2.0-beta.3 want: 1.2.0-beta.3
2030 silly fetch manifest zod@^3.25.0 || ^4.0.0
2031 silly packumentCache full:https://registry.npmjs.org/zod cache-miss
2032 http cache https://registry.npmjs.org/zod 10ms (cache hit)
2033 silly packumentCache full:https://registry.npmjs.org/zod set size:3489329 disposed:false
2034 silly fetch manifest @modelcontextprotocol/sdk@^1.25.2
2035 silly packumentCache full:https://registry.npmjs.org/@modelcontextprotocol%2fsdk cache-miss
2036 http fetch GET 200 https://registry.npmjs.org/@modelcontextprotocol%2fsdk 75ms (cache revalidated)
2037 silly packumentCache full:https://registry.npmjs.org/@modelcontextprotocol%2fsdk set size:268266 disposed:false
2038 silly fetch manifest @cfworker/json-schema@^4.1.1
2039 silly packumentCache full:https://registry.npmjs.org/@cfworker%2fjson-schema cache-miss
2040 http fetch GET 200 https://registry.npmjs.org/@cfworker%2fjson-schema 53ms (cache revalidated)
2041 silly packumentCache full:https://registry.npmjs.org/@cfworker%2fjson-schema set size:144207 disposed:false
2042 silly fetch manifest ws@^8.18.0
2043 silly packumentCache full:https://registry.npmjs.org/ws cache-hit
2044 silly fetch manifest zod@^3.25 || ^4.0
2045 silly packumentCache full:https://registry.npmjs.org/zod cache-miss
2046 http cache https://registry.npmjs.org/zod 12ms (cache hit)
2047 silly packumentCache full:https://registry.npmjs.org/zod set size:3489329 disposed:false
2048 silly fetch manifest zod@^3.25 || ^4
2049 silly packumentCache full:https://registry.npmjs.org/zod cache-miss
2050 http cache https://registry.npmjs.org/zod 8ms (cache hit)
2051 silly packumentCache full:https://registry.npmjs.org/zod set size:3489329 disposed:false
2052 silly placeDep node_modules/openclaw @anthropic-ai/sdk@0.73.0 OK for: @mariozechner/pi-ai@0.55.3 want: ^0.73.0
2053 silly placeDep node_modules/openclaw @aws-sdk/client-bedrock-runtime@3.1000.0 OK for: @mariozechner/pi-ai@0.55.3 want: ^3.983.0
2054 silly placeDep node_modules/openclaw @google/genai@1.43.0 OK for: @mariozechner/pi-ai@0.55.3 want: ^1.40.0
2055 silly placeDep node_modules/openclaw @mistralai/mistralai@1.10.0 OK for: @mariozechner/pi-ai@0.55.3 want: 1.10.0
2056 silly placeDep node_modules/openclaw ajv-formats@3.0.1 OK for: @mariozechner/pi-ai@0.55.3 want: ^3.0.1
2057 silly placeDep node_modules/openclaw openai@6.10.0 OK for: @mariozechner/pi-ai@0.55.3 want: 6.10.0
2058 silly placeDep node_modules/openclaw partial-json@0.1.7 OK for: @mariozechner/pi-ai@0.55.3 want: ^0.1.7
2059 silly placeDep node_modules/openclaw proxy-agent@6.5.0 OK for: @mariozechner/pi-ai@0.55.3 want: ^6.5.0
2060 silly placeDep node_modules/openclaw zod-to-json-schema@3.25.1 OK for: @mariozechner/pi-ai@0.55.3 want: ^3.24.6
2061 silly fetch manifest json-schema-to-ts@^3.1.1
2062 silly packumentCache full:https://registry.npmjs.org/json-schema-to-ts cache-miss
2063 silly fetch manifest @aws-sdk/eventstream-handler-node@^3.972.9
2064 silly packumentCache full:https://registry.npmjs.org/@aws-sdk%2feventstream-handler-node cache-miss
2065 silly fetch manifest @aws-sdk/middleware-eventstream@^3.972.6
2066 silly packumentCache full:https://registry.npmjs.org/@aws-sdk%2fmiddleware-eventstream cache-miss
2067 silly fetch manifest @aws-sdk/middleware-websocket@^3.972.10
2068 silly packumentCache full:https://registry.npmjs.org/@aws-sdk%2fmiddleware-websocket cache-miss
2069 silly fetch manifest @smithy/eventstream-serde-browser@^4.2.10
2070 silly packumentCache full:https://registry.npmjs.org/@smithy%2feventstream-serde-browser cache-miss
2071 silly fetch manifest @smithy/eventstream-serde-config-resolver@^4.3.10
2072 silly packumentCache full:https://registry.npmjs.org/@smithy%2feventstream-serde-config-resolver cache-miss
2073 silly fetch manifest @smithy/eventstream-serde-node@^4.2.10
2074 silly packumentCache full:https://registry.npmjs.org/@smithy%2feventstream-serde-node cache-miss
2075 silly fetch manifest p-retry@^4.6.2
2076 silly packumentCache full:https://registry.npmjs.org/p-retry cache-hit
2077 silly fetch manifest zod@^3.20.0
2078 silly packumentCache full:https://registry.npmjs.org/zod cache-miss
2079 silly fetch manifest zod-to-json-schema@^3.24.1
2080 silly packumentCache full:https://registry.npmjs.org/zod-to-json-schema cache-hit
2081 silly fetch manifest http-proxy-agent@^7.0.1
2082 silly packumentCache full:https://registry.npmjs.org/http-proxy-agent cache-miss
2083 http cache https://registry.npmjs.org/zod 16ms (cache hit)
2084 silly packumentCache full:https://registry.npmjs.org/zod set size:3489329 disposed:false
2085 silly fetch manifest lru-cache@^7.14.1
2086 silly packumentCache full:https://registry.npmjs.org/lru-cache cache-hit
2087 silly fetch manifest pac-proxy-agent@^7.1.0
2088 silly packumentCache full:https://registry.npmjs.org/pac-proxy-agent cache-miss
2089 http fetch GET 200 https://registry.npmjs.org/http-proxy-agent 51ms (cache revalidated)
2090 silly packumentCache full:https://registry.npmjs.org/http-proxy-agent set size:50096 disposed:false
2091 silly fetch manifest socks-proxy-agent@^8.0.5
2092 silly packumentCache full:https://registry.npmjs.org/socks-proxy-agent cache-miss
2093 http fetch GET 200 https://registry.npmjs.org/json-schema-to-ts 54ms (cache revalidated)
2094 silly packumentCache full:https://registry.npmjs.org/json-schema-to-ts set size:287972 disposed:false
2095 http fetch GET 200 https://registry.npmjs.org/@smithy%2feventstream-serde-browser 64ms (cache revalidated)
2096 silly packumentCache full:https://registry.npmjs.org/@smithy%2feventstream-serde-browser set size:194898 disposed:false
2097 http fetch GET 200 https://registry.npmjs.org/pac-proxy-agent 40ms (cache revalidated)
2098 silly packumentCache full:https://registry.npmjs.org/pac-proxy-agent set size:59229 disposed:false
2099 http fetch GET 200 https://registry.npmjs.org/socks-proxy-agent 42ms (cache revalidated)
2100 silly packumentCache full:https://registry.npmjs.org/socks-proxy-agent set size:96838 disposed:false
2101 http fetch GET 200 https://registry.npmjs.org/@smithy%2feventstream-serde-node 360ms (cache revalidated)
2102 silly packumentCache full:https://registry.npmjs.org/@smithy%2feventstream-serde-node set size:191957 disposed:false
2103 http fetch GET 200 https://registry.npmjs.org/@aws-sdk%2fmiddleware-websocket 363ms (cache revalidated)
2104 silly packumentCache full:https://registry.npmjs.org/@aws-sdk%2fmiddleware-websocket set size:417955 disposed:false
2105 http fetch GET 200 https://registry.npmjs.org/@aws-sdk%2fmiddleware-eventstream 365ms (cache revalidated)
2106 silly packumentCache full:https://registry.npmjs.org/@aws-sdk%2fmiddleware-eventstream set size:619631 disposed:false
2107 http fetch GET 200 https://registry.npmjs.org/@smithy%2feventstream-serde-config-resolver 618ms (cache revalidated)
2108 silly packumentCache full:https://registry.npmjs.org/@smithy%2feventstream-serde-config-resolver set size:189863 disposed:false
2109 http fetch GET 200 https://registry.npmjs.org/@aws-sdk%2feventstream-handler-node 975ms (cache revalidated)
2110 silly packumentCache full:https://registry.npmjs.org/@aws-sdk%2feventstream-handler-node set size:635372 disposed:false
2111 silly placeDep node_modules/openclaw json-schema-to-ts@3.1.1 OK for: @anthropic-ai/sdk@0.73.0 want: ^3.1.1
2112 silly fetch manifest @babel/runtime@^7.18.3
2113 silly packumentCache full:https://registry.npmjs.org/@babel%2fruntime cache-miss
2114 silly fetch manifest ts-algebra@^2.0.0
2115 silly packumentCache full:https://registry.npmjs.org/ts-algebra cache-miss
2116 http fetch GET 200 https://registry.npmjs.org/ts-algebra 47ms (cache revalidated)
2117 silly packumentCache full:https://registry.npmjs.org/ts-algebra set size:143978 disposed:false
2118 http fetch GET 200 https://registry.npmjs.org/@babel%2fruntime 59ms (cache revalidated)
2119 silly packumentCache full:https://registry.npmjs.org/@babel%2fruntime set size:3322062 disposed:false
2120 silly placeDep node_modules/openclaw @aws-sdk/eventstream-handler-node@3.972.9 OK for: @aws-sdk/client-bedrock-runtime@3.1000.0 want: ^3.972.9
2121 silly placeDep node_modules/openclaw @aws-sdk/middleware-eventstream@3.972.6 OK for: @aws-sdk/client-bedrock-runtime@3.1000.0 want: ^3.972.6
2122 silly placeDep node_modules/openclaw @aws-sdk/middleware-websocket@3.972.10 OK for: @aws-sdk/client-bedrock-runtime@3.1000.0 want: ^3.972.10
2123 silly placeDep node_modules/openclaw @smithy/eventstream-serde-browser@4.2.10 OK for: @aws-sdk/client-bedrock-runtime@3.1000.0 want: ^4.2.10
2124 silly placeDep node_modules/openclaw @smithy/eventstream-serde-config-resolver@4.3.10 OK for: @aws-sdk/client-bedrock-runtime@3.1000.0 want: ^4.3.10
2125 silly placeDep node_modules/openclaw @smithy/eventstream-serde-node@4.2.10 OK for: @aws-sdk/client-bedrock-runtime@3.1000.0 want: ^4.2.10
2126 silly fetch manifest @smithy/eventstream-codec@^4.2.10
2127 silly packumentCache full:https://registry.npmjs.org/@smithy%2feventstream-codec cache-miss
2128 silly fetch manifest @aws-sdk/util-format-url@^3.972.6
2129 silly packumentCache full:https://registry.npmjs.org/@aws-sdk%2futil-format-url cache-miss
2130 silly fetch manifest @smithy/eventstream-codec@^4.2.10
2131 silly packumentCache full:https://registry.npmjs.org/@smithy%2feventstream-codec cache-miss
2132 silly fetch manifest @smithy/eventstream-serde-universal@^4.2.10
2133 silly packumentCache full:https://registry.npmjs.org/@smithy%2feventstream-serde-universal cache-miss
2134 silly fetch manifest @smithy/eventstream-serde-universal@^4.2.10
2135 silly packumentCache full:https://registry.npmjs.org/@smithy%2feventstream-serde-universal cache-miss
2136 http fetch GET 200 https://registry.npmjs.org/@aws-sdk%2futil-format-url 328ms (cache revalidated)
2137 silly packumentCache full:https://registry.npmjs.org/@aws-sdk%2futil-format-url set size:611933 disposed:false
2138 http fetch GET 200 https://registry.npmjs.org/@smithy%2feventstream-serde-universal 582ms (cache revalidated)
2139 silly packumentCache full:https://registry.npmjs.org/@smithy%2feventstream-serde-universal set size:197996 disposed:false
2140 http fetch GET 200 https://registry.npmjs.org/@smithy%2feventstream-serde-universal 591ms (cache revalidated)
2141 silly packumentCache full:https://registry.npmjs.org/@smithy%2feventstream-serde-universal set size:197996 disposed:false
2142 silly packumentCache full:https://registry.npmjs.org/@smithy%2feventstream-serde-universal dispose
2143 http fetch GET 200 https://registry.npmjs.org/@smithy%2feventstream-codec 868ms (cache revalidated)
2144 silly packumentCache full:https://registry.npmjs.org/@smithy%2feventstream-codec set size:189526 disposed:false
2145 http fetch GET 200 https://registry.npmjs.org/@smithy%2feventstream-codec 874ms (cache revalidated)
2146 silly packumentCache full:https://registry.npmjs.org/@smithy%2feventstream-codec set size:189526 disposed:false
2147 silly packumentCache full:https://registry.npmjs.org/@smithy%2feventstream-codec dispose
2148 silly placeDep node_modules/openclaw @smithy/eventstream-codec@4.2.10 OK for: @aws-sdk/eventstream-handler-node@3.972.9 want: ^4.2.10
2149 silly fetch manifest @aws-crypto/crc32@5.2.0
2150 silly packumentCache full:https://registry.npmjs.org/@aws-crypto%2fcrc32 cache-miss
2151 http fetch GET 200 https://registry.npmjs.org/@aws-crypto%2fcrc32 694ms (cache revalidated)
2152 silly packumentCache full:https://registry.npmjs.org/@aws-crypto%2fcrc32 set size:54461 disposed:false
2153 silly placeDep node_modules/openclaw @aws-sdk/util-format-url@3.972.6 OK for: @aws-sdk/middleware-websocket@3.972.10 want: ^3.972.6
2154 silly placeDep node_modules/openclaw @smithy/util-hex-encoding@4.2.1 OK for: @aws-sdk/middleware-websocket@3.972.10 want: ^4.2.1
2155 silly placeDep node_modules/openclaw @smithy/querystring-builder@4.2.10 OK for: @aws-sdk/util-format-url@3.972.6 want: ^4.2.10
2156 silly placeDep node_modules/openclaw p-retry@4.6.2 OK for: @google/genai@1.43.0 want: ^4.6.2
2157 silly placeDep node_modules/openclaw @mariozechner/clipboard@0.3.2 OK for: @mariozechner/pi-coding-agent@0.55.3 want: ^0.3.2
2158 silly placeDep node_modules/openclaw @mariozechner/jiti@2.6.5 OK for: @mariozechner/pi-coding-agent@0.55.3 want: ^2.6.2
2159 silly placeDep node_modules/openclaw @silvia-odwyer/photon-node@0.3.4 OK for: @mariozechner/pi-coding-agent@0.55.3 want: ^0.3.4
2160 silly placeDep node_modules/openclaw diff@8.0.3 OK for: @mariozechner/pi-coding-agent@0.55.3 want: ^8.0.2
2161 silly placeDep node_modules/openclaw extract-zip@2.0.1 OK for: @mariozechner/pi-coding-agent@0.55.3 want: ^2.0.1
2162 silly placeDep node_modules/openclaw glob@13.0.6 OK for: @mariozechner/pi-coding-agent@0.55.3 want: ^13.0.1
2163 silly placeDep node_modules/openclaw hosted-git-info@9.0.2 OK for: @mariozechner/pi-coding-agent@0.55.3 want: ^9.0.2
2164 silly placeDep node_modules/openclaw ignore@7.0.5 OK for: @mariozechner/pi-coding-agent@0.55.3 want: ^7.0.5
2165 silly placeDep node_modules/openclaw marked@15.0.12 OK for: @mariozechner/pi-coding-agent@0.55.3 want: ^15.0.12
2166 silly placeDep node_modules/openclaw minimatch@10.2.4 OK for: @mariozechner/pi-coding-agent@0.55.3 want: ^10.2.3
2167 silly placeDep node_modules/openclaw proper-lockfile@4.1.2 OK for: @mariozechner/pi-coding-agent@0.55.3 want: ^4.1.2
2168 silly fetch manifest @mariozechner/clipboard-win32-x64-msvc@0.3.2
2169 silly packumentCache full:https://registry.npmjs.org/@mariozechner%2fclipboard-win32-x64-msvc cache-miss
2170 silly fetch manifest @mariozechner/clipboard-darwin-x64@0.3.2
2171 silly packumentCache full:https://registry.npmjs.org/@mariozechner%2fclipboard-darwin-x64 cache-miss
2172 silly fetch manifest @mariozechner/clipboard-linux-x64-gnu@0.3.2
2173 silly packumentCache full:https://registry.npmjs.org/@mariozechner%2fclipboard-linux-x64-gnu cache-miss
2174 silly fetch manifest @mariozechner/clipboard-darwin-arm64@0.3.2
2175 silly packumentCache full:https://registry.npmjs.org/@mariozechner%2fclipboard-darwin-arm64 cache-miss
2176 silly fetch manifest @mariozechner/clipboard-linux-arm64-gnu@0.3.2
2177 silly packumentCache full:https://registry.npmjs.org/@mariozechner%2fclipboard-linux-arm64-gnu cache-miss
2178 silly fetch manifest @mariozechner/clipboard-linux-arm64-musl@0.3.2
2179 silly packumentCache full:https://registry.npmjs.org/@mariozechner%2fclipboard-linux-arm64-musl cache-miss
2180 silly fetch manifest @mariozechner/clipboard-win32-arm64-msvc@0.3.2
2181 silly packumentCache full:https://registry.npmjs.org/@mariozechner%2fclipboard-win32-arm64-msvc cache-miss
2182 silly fetch manifest @mariozechner/clipboard-darwin-universal@0.3.2
2183 silly packumentCache full:https://registry.npmjs.org/@mariozechner%2fclipboard-darwin-universal cache-miss
2184 silly fetch manifest @mariozechner/clipboard-linux-riscv64-gnu@0.3.2
2185 silly packumentCache full:https://registry.npmjs.org/@mariozechner%2fclipboard-linux-riscv64-gnu cache-miss
2186 http fetch GET 200 https://registry.npmjs.org/@mariozechner%2fclipboard-linux-riscv64-gnu 332ms (cache revalidated)
2187 silly packumentCache full:https://registry.npmjs.org/@mariozechner%2fclipboard-linux-riscv64-gnu set size:4307 disposed:false
2188 silly fetch manifest @mariozechner/clipboard-linux-x64-musl@0.3.2
2189 silly packumentCache full:https://registry.npmjs.org/@mariozechner%2fclipboard-linux-x64-musl cache-miss
2190 http fetch GET 200 https://registry.npmjs.org/@mariozechner%2fclipboard-linux-x64-gnu 348ms (cache revalidated)
2191 silly packumentCache full:https://registry.npmjs.org/@mariozechner%2fclipboard-linux-x64-gnu set size:4220 disposed:false
2192 silly fetch manifest std-env@^3.10.0
2193 silly packumentCache full:https://registry.npmjs.org/std-env cache-miss
2194 http fetch GET 200 https://registry.npmjs.org/std-env 49ms (cache revalidated)
2195 silly packumentCache full:https://registry.npmjs.org/std-env set size:84246 disposed:false
2196 silly fetch manifest yoctocolors@^2.1.2
2197 silly packumentCache full:https://registry.npmjs.org/yoctocolors cache-miss
2198 http fetch GET 200 https://registry.npmjs.org/yoctocolors 49ms (cache revalidated)
2199 silly packumentCache full:https://registry.npmjs.org/yoctocolors set size:25767 disposed:false
2200 silly fetch manifest get-stream@^5.1.0
2201 silly packumentCache full:https://registry.npmjs.org/get-stream cache-miss
2202 http fetch GET 200 https://registry.npmjs.org/get-stream 43ms (cache revalidated)
2203 silly packumentCache full:https://registry.npmjs.org/get-stream set size:57536 disposed:false
2204 silly fetch manifest yauzl@^2.10.0
2205 silly packumentCache full:https://registry.npmjs.org/yauzl cache-miss
2206 http fetch GET 200 https://registry.npmjs.org/yauzl 50ms (cache revalidated)
2207 silly packumentCache full:https://registry.npmjs.org/yauzl set size:97051 disposed:false
2208 silly fetch manifest @types/yauzl@^2.9.1
2209 silly packumentCache full:https://registry.npmjs.org/@types%2fyauzl cache-miss
2210 http fetch GET 200 https://registry.npmjs.org/@mariozechner%2fclipboard-linux-arm64-gnu 568ms (cache revalidated)
2211 silly packumentCache full:https://registry.npmjs.org/@mariozechner%2fclipboard-linux-arm64-gnu set size:4262 disposed:false
2212 silly fetch manifest minimatch@^10.2.2
2213 silly packumentCache full:https://registry.npmjs.org/minimatch cache-hit
2214 silly fetch manifest minipass@^7.1.3
2215 silly packumentCache full:https://registry.npmjs.org/minipass cache-hit
2216 silly fetch manifest path-scurry@^2.0.2
2217 silly packumentCache full:https://registry.npmjs.org/path-scurry cache-miss
2218 http fetch GET 200 https://registry.npmjs.org/@mariozechner%2fclipboard-darwin-x64 583ms (cache revalidated)
2219 silly packumentCache full:https://registry.npmjs.org/@mariozechner%2fclipboard-darwin-x64 set size:4115 disposed:false
2220 silly fetch manifest brace-expansion@^5.0.2
2221 silly packumentCache full:https://registry.npmjs.org/brace-expansion cache-miss
2222 http fetch GET 200 https://registry.npmjs.org/@mariozechner%2fclipboard-darwin-universal 592ms (cache revalidated)
2223 silly packumentCache full:https://registry.npmjs.org/@mariozechner%2fclipboard-darwin-universal set size:4203 disposed:false
2224 silly fetch manifest graceful-fs@^4.2.4
2225 silly packumentCache full:https://registry.npmjs.org/graceful-fs cache-miss
2226 http fetch GET 200 https://registry.npmjs.org/@mariozechner%2fclipboard-win32-x64-msvc 592ms (cache revalidated)
2227 silly packumentCache full:https://registry.npmjs.org/@mariozechner%2fclipboard-win32-x64-msvc set size:4193 disposed:false
2228 silly fetch manifest retry@^0.12.0
2229 silly packumentCache full:https://registry.npmjs.org/retry cache-hit
2230 silly fetch manifest signal-exit@^3.0.2
2231 silly packumentCache full:https://registry.npmjs.org/signal-exit cache-miss
2232 http fetch GET 200 https://registry.npmjs.org/@mariozechner%2fclipboard-win32-arm64-msvc 597ms (cache revalidated)
2233 silly packumentCache full:https://registry.npmjs.org/@mariozechner%2fclipboard-win32-arm64-msvc set size:4234 disposed:false
2234 http fetch GET 200 https://registry.npmjs.org/@mariozechner%2fclipboard-linux-arm64-musl 597ms (cache revalidated)
2235 silly packumentCache full:https://registry.npmjs.org/@mariozechner%2fclipboard-linux-arm64-musl set size:2252 disposed:false
2236 http fetch GET 200 https://registry.npmjs.org/@mariozechner%2fclipboard-darwin-arm64 602ms (cache revalidated)
2237 silly packumentCache full:https://registry.npmjs.org/@mariozechner%2fclipboard-darwin-arm64 set size:4160 disposed:false
2238 http fetch GET 200 https://registry.npmjs.org/@types%2fyauzl 58ms (cache revalidated)
2239 silly packumentCache full:https://registry.npmjs.org/@types%2fyauzl set size:14128 disposed:false
2240 http fetch GET 200 https://registry.npmjs.org/path-scurry 50ms (cache revalidated)
2241 silly packumentCache full:https://registry.npmjs.org/path-scurry set size:117612 disposed:false
2242 http fetch GET 200 https://registry.npmjs.org/brace-expansion 45ms (cache revalidated)
2243 silly packumentCache full:https://registry.npmjs.org/brace-expansion set size:55744 disposed:false
2244 http fetch GET 200 https://registry.npmjs.org/signal-exit 54ms (cache revalidated)
2245 silly packumentCache full:https://registry.npmjs.org/signal-exit set size:53489 disposed:false
2246 http fetch GET 200 https://registry.npmjs.org/graceful-fs 80ms (cache revalidated)
2247 silly packumentCache full:https://registry.npmjs.org/graceful-fs set size:124285 disposed:false
2248 http fetch GET 200 https://registry.npmjs.org/@mariozechner%2fclipboard-linux-x64-musl 599ms (cache revalidated)
2249 silly packumentCache full:https://registry.npmjs.org/@mariozechner%2fclipboard-linux-x64-musl set size:4236 disposed:false
2250 silly placeDep node_modules/openclaw @mariozechner/clipboard-darwin-arm64@0.3.2 OK for: @mariozechner/clipboard@0.3.2 want: 0.3.2
2251 silly placeDep node_modules/openclaw @mariozechner/clipboard-darwin-universal@0.3.2 OK for: @mariozechner/clipboard@0.3.2 want: 0.3.2
2252 silly placeDep node_modules/openclaw @mariozechner/clipboard-darwin-x64@0.3.2 OK for: @mariozechner/clipboard@0.3.2 want: 0.3.2
2253 silly placeDep node_modules/openclaw @mariozechner/clipboard-linux-arm64-gnu@0.3.2 OK for: @mariozechner/clipboard@0.3.2 want: 0.3.2
2254 silly placeDep node_modules/openclaw @mariozechner/clipboard-linux-arm64-musl@0.3.2 OK for: @mariozechner/clipboard@0.3.2 want: 0.3.2
2255 silly placeDep node_modules/openclaw @mariozechner/clipboard-linux-riscv64-gnu@0.3.2 OK for: @mariozechner/clipboard@0.3.2 want: 0.3.2
2256 silly placeDep node_modules/openclaw @mariozechner/clipboard-linux-x64-gnu@0.3.2 OK for: @mariozechner/clipboard@0.3.2 want: 0.3.2
2257 silly placeDep node_modules/openclaw @mariozechner/clipboard-linux-x64-musl@0.3.2 OK for: @mariozechner/clipboard@0.3.2 want: 0.3.2
2258 silly placeDep node_modules/openclaw @mariozechner/clipboard-win32-arm64-msvc@0.3.2 OK for: @mariozechner/clipboard@0.3.2 want: 0.3.2
2259 silly placeDep node_modules/openclaw @mariozechner/clipboard-win32-x64-msvc@0.3.2 OK for: @mariozechner/clipboard@0.3.2 want: 0.3.2
2260 silly placeDep node_modules/openclaw std-env@3.10.0 OK for: @mariozechner/jiti@2.6.5 want: ^3.10.0
2261 silly placeDep node_modules/openclaw yoctocolors@2.1.2 OK for: @mariozechner/jiti@2.6.5 want: ^2.1.2
2262 silly placeDep node_modules/openclaw @types/mime-types@2.1.4 OK for: @mariozechner/pi-tui@0.55.3 want: ^2.1.4
2263 silly placeDep node_modules/openclaw get-east-asian-width@1.5.0 OK for: @mariozechner/pi-tui@0.55.3 want: ^1.3.0
2264 silly placeDep node_modules/openclaw koffi@2.15.1 OK for: @mariozechner/pi-tui@0.55.3 want: ^2.9.0
2265 silly placeDep node_modules/openclaw mime-types@3.0.2 OK for: @mariozechner/pi-tui@0.55.3 want: ^3.0.1
2266 silly fetch manifest mime-db@^1.54.0
2267 silly packumentCache full:https://registry.npmjs.org/mime-db cache-miss
2268 http fetch GET 200 https://registry.npmjs.org/mime-db 55ms (cache revalidated)
2269 silly packumentCache full:https://registry.npmjs.org/mime-db set size:164953 disposed:false
2270 silly placeDep node_modules/openclaw/node_modules/@mistralai/mistralai zod@3.25.76 OK for: @mistralai/mistralai@1.10.0 want: ^3.20.0
2271 silly placeDep node_modules/openclaw @napi-rs/canvas-android-arm64@0.1.95 OK for: @napi-rs/canvas@0.1.95 want: 0.1.95
2272 silly placeDep node_modules/openclaw @napi-rs/canvas-darwin-arm64@0.1.95 OK for: @napi-rs/canvas@0.1.95 want: 0.1.95
2273 silly placeDep node_modules/openclaw @napi-rs/canvas-darwin-x64@0.1.95 OK for: @napi-rs/canvas@0.1.95 want: 0.1.95
2274 silly placeDep node_modules/openclaw @napi-rs/canvas-linux-arm-gnueabihf@0.1.95 OK for: @napi-rs/canvas@0.1.95 want: 0.1.95
2275 silly placeDep node_modules/openclaw @napi-rs/canvas-linux-arm64-gnu@0.1.95 OK for: @napi-rs/canvas@0.1.95 want: 0.1.95
2276 silly placeDep node_modules/openclaw @napi-rs/canvas-linux-arm64-musl@0.1.95 OK for: @napi-rs/canvas@0.1.95 want: 0.1.95
2277 silly placeDep node_modules/openclaw @napi-rs/canvas-linux-riscv64-gnu@0.1.95 OK for: @napi-rs/canvas@0.1.95 want: 0.1.95
2278 silly placeDep node_modules/openclaw @napi-rs/canvas-linux-x64-gnu@0.1.95 OK for: @napi-rs/canvas@0.1.95 want: 0.1.95
2279 silly placeDep node_modules/openclaw @napi-rs/canvas-linux-x64-musl@0.1.95 OK for: @napi-rs/canvas@0.1.95 want: 0.1.95
2280 silly placeDep node_modules/openclaw @napi-rs/canvas-win32-arm64-msvc@0.1.95 OK for: @napi-rs/canvas@0.1.95 want: 0.1.95
2281 silly placeDep node_modules/openclaw @napi-rs/canvas-win32-x64-msvc@0.1.95 OK for: @napi-rs/canvas@0.1.95 want: 0.1.95
2282 silly placeDep node_modules/openclaw @slack/logger@4.0.0 OK for: @slack/bolt@4.6.0 want: ^4.0.0
2283 silly placeDep node_modules/openclaw @slack/oauth@3.0.4 OK for: @slack/bolt@4.6.0 want: ^3.0.4
2284 silly placeDep node_modules/openclaw @slack/socket-mode@2.0.5 OK for: @slack/bolt@4.6.0 want: ^2.0.5
2285 silly placeDep node_modules/openclaw @slack/types@2.20.0 OK for: @slack/bolt@4.6.0 want: ^2.18.0
2286 silly placeDep node_modules/openclaw path-to-regexp@8.3.0 OK for: @slack/bolt@4.6.0 want: ^8.1.0
2287 silly placeDep node_modules/openclaw raw-body@3.0.2 OK for: @slack/bolt@4.6.0 want: ^3
2288 silly placeDep node_modules/openclaw tsscmp@1.0.6 OK for: @slack/bolt@4.6.0 want: ^1.0.6
2289 silly fetch manifest @types/jsonwebtoken@^9
2290 silly packumentCache full:https://registry.npmjs.org/@types%2fjsonwebtoken cache-miss
2291 silly fetch manifest jsonwebtoken@^9
2292 silly packumentCache full:https://registry.npmjs.org/jsonwebtoken cache-miss
2293 silly fetch manifest eventemitter3@^5
2294 silly packumentCache full:https://registry.npmjs.org/eventemitter3 cache-hit
2295 silly fetch manifest bytes@~3.1.2
2296 silly packumentCache full:https://registry.npmjs.org/bytes cache-hit
2297 silly fetch manifest unpipe@~1.0.0
2298 silly packumentCache full:https://registry.npmjs.org/unpipe cache-miss
2299 silly fetch manifest iconv-lite@~0.7.0
2300 silly packumentCache full:https://registry.npmjs.org/iconv-lite cache-miss
2301 silly fetch manifest http-errors@~2.0.1
2302 silly packumentCache full:https://registry.npmjs.org/http-errors cache-hit
2303 http fetch GET 200 https://registry.npmjs.org/unpipe 45ms (cache revalidated)
2304 silly packumentCache full:https://registry.npmjs.org/unpipe set size:3609 disposed:false
2305 http fetch GET 200 https://registry.npmjs.org/jsonwebtoken 46ms (cache revalidated)
2306 silly packumentCache full:https://registry.npmjs.org/jsonwebtoken set size:183671 disposed:false
2307 http fetch GET 200 https://registry.npmjs.org/iconv-lite 51ms (cache revalidated)
2308 silly packumentCache full:https://registry.npmjs.org/iconv-lite set size:120557 disposed:false
2309 http fetch GET 200 https://registry.npmjs.org/@types%2fjsonwebtoken 54ms (cache revalidated)
2310 silly packumentCache full:https://registry.npmjs.org/@types%2fjsonwebtoken set size:129919 disposed:false
2311 silly placeDep node_modules/openclaw @types/jsonwebtoken@9.0.10 OK for: @slack/oauth@3.0.4 want: ^9
2312 silly placeDep node_modules/openclaw jsonwebtoken@9.0.3 OK for: @slack/oauth@3.0.4 want: ^9
2313 silly fetch manifest @types/ms@*
2314 silly packumentCache full:https://registry.npmjs.org/@types%2fms cache-miss
2315 silly fetch manifest ms@^2.1.1
2316 silly packumentCache full:https://registry.npmjs.org/ms cache-hit
2317 silly fetch manifest jws@^4.0.1
2318 silly packumentCache full:https://registry.npmjs.org/jws cache-hit
2319 silly fetch manifest lodash.once@^4.0.0
2320 silly packumentCache full:https://registry.npmjs.org/lodash.once cache-miss
2321 silly fetch manifest lodash.includes@^4.3.0
2322 silly packumentCache full:https://registry.npmjs.org/lodash.includes cache-miss
2323 silly fetch manifest lodash.isnumber@^3.0.3
2324 silly packumentCache full:https://registry.npmjs.org/lodash.isnumber cache-miss
2325 silly fetch manifest lodash.isstring@^4.0.1
2326 silly packumentCache full:https://registry.npmjs.org/lodash.isstring cache-miss
2327 silly fetch manifest lodash.isboolean@^3.0.3
2328 silly packumentCache full:https://registry.npmjs.org/lodash.isboolean cache-miss
2329 silly fetch manifest lodash.isinteger@^4.0.4
2330 silly packumentCache full:https://registry.npmjs.org/lodash.isinteger cache-miss
2331 silly fetch manifest lodash.isplainobject@^4.0.6
2332 silly packumentCache full:https://registry.npmjs.org/lodash.isplainobject cache-miss
2333 http fetch GET 200 https://registry.npmjs.org/lodash.isplainobject 48ms (cache revalidated)
2334 silly packumentCache full:https://registry.npmjs.org/lodash.isplainobject set size:38531 disposed:false
2335 http fetch GET 200 https://registry.npmjs.org/lodash.includes 52ms (cache revalidated)
2336 silly packumentCache full:https://registry.npmjs.org/lodash.includes set size:27594 disposed:false
2337 http fetch GET 200 https://registry.npmjs.org/lodash.isnumber 53ms (cache revalidated)
2338 silly packumentCache full:https://registry.npmjs.org/lodash.isnumber set size:21368 disposed:false
2339 http fetch GET 200 https://registry.npmjs.org/lodash.isboolean 54ms (cache revalidated)
2340 silly packumentCache full:https://registry.npmjs.org/lodash.isboolean set size:21437 disposed:false
2341 http fetch GET 200 https://registry.npmjs.org/lodash.once 55ms (cache revalidated)
2342 silly packumentCache full:https://registry.npmjs.org/lodash.once set size:23407 disposed:false
2343 http fetch GET 200 https://registry.npmjs.org/@types%2fms 63ms (cache revalidated)
2344 silly packumentCache full:https://registry.npmjs.org/@types%2fms set size:24399 disposed:false
2345 http fetch GET 200 https://registry.npmjs.org/lodash.isstring 63ms (cache revalidated)
2346 silly packumentCache full:https://registry.npmjs.org/lodash.isstring set size:21368 disposed:false
2347 http fetch GET 200 https://registry.npmjs.org/lodash.isinteger 63ms (cache revalidated)
2348 silly packumentCache full:https://registry.npmjs.org/lodash.isinteger set size:10827 disposed:false
2349 silly placeDep node_modules/openclaw eventemitter3@5.0.4 OK for: @slack/socket-mode@2.0.5 want: ^5
2350 silly placeDep node_modules/openclaw @types/retry@0.12.0 OK for: @slack/web-api@7.14.1 want: 0.12.0
2351 silly placeDep node_modules/openclaw form-data@4.0.5 OK for: @slack/web-api@7.14.1 want: ^4.0.4
2352 silly placeDep node_modules/openclaw is-electron@2.2.2 OK for: @slack/web-api@7.14.1 want: 2.2.2
2353 silly placeDep node_modules/openclaw is-stream@2.0.1 OK for: @slack/web-api@7.14.1 want: ^2
2354 silly placeDep node_modules/openclaw p-queue@6.6.2 OK for: @slack/web-api@7.14.1 want: ^6
2355 silly placeDep node_modules/openclaw retry@0.13.1 OK for: @slack/web-api@7.14.1 want: ^0.13.1
2356 silly fetch manifest asynckit@^0.4.0
2357 silly packumentCache full:https://registry.npmjs.org/asynckit cache-miss
2358 silly fetch manifest combined-stream@^1.0.8
2359 silly packumentCache full:https://registry.npmjs.org/combined-stream cache-miss
2360 silly fetch manifest es-set-tostringtag@^2.1.0
2361 silly packumentCache full:https://registry.npmjs.org/es-set-tostringtag cache-miss
2362 silly fetch manifest hasown@^2.0.2
2363 silly packumentCache full:https://registry.npmjs.org/hasown cache-miss
2364 silly fetch manifest mime-types@^2.1.12
2365 silly packumentCache full:https://registry.npmjs.org/mime-types cache-hit
2366 silly fetch manifest p-timeout@^3.2.0
2367 silly packumentCache full:https://registry.npmjs.org/p-timeout cache-miss
2368 silly fetch manifest eventemitter3@^4.0.4
2369 silly packumentCache full:https://registry.npmjs.org/eventemitter3 cache-hit
2370 http fetch GET 200 https://registry.npmjs.org/combined-stream 45ms (cache revalidated)
2371 silly packumentCache full:https://registry.npmjs.org/combined-stream set size:40337 disposed:false
2372 http fetch GET 200 https://registry.npmjs.org/es-set-tostringtag 47ms (cache revalidated)
2373 silly packumentCache full:https://registry.npmjs.org/es-set-tostringtag set size:22094 disposed:false
2374 http fetch GET 200 https://registry.npmjs.org/asynckit 47ms (cache revalidated)
2375 silly packumentCache full:https://registry.npmjs.org/asynckit set size:18932 disposed:false
2376 http fetch GET 200 https://registry.npmjs.org/hasown 53ms (cache revalidated)
2377 silly packumentCache full:https://registry.npmjs.org/hasown set size:12476 disposed:false
2378 http fetch GET 200 https://registry.npmjs.org/p-timeout 308ms (cache revalidated)
2379 silly packumentCache full:https://registry.npmjs.org/p-timeout set size:60739 disposed:false
2380 silly placeDep node_modules/openclaw @smithy/util-config-provider@4.2.1 OK for: @smithy/config-resolver@4.4.9 want: ^4.2.1
2381 silly placeDep node_modules/openclaw @smithy/uuid@1.1.1 OK for: @smithy/core@3.23.6 want: ^1.1.1
2382 silly placeDep node_modules/openclaw @aws-crypto/crc32@5.2.0 OK for: @smithy/eventstream-codec@4.2.10 want: 5.2.0
2383 silly placeDep node_modules/openclaw @smithy/eventstream-serde-universal@4.2.10 OK for: @smithy/eventstream-serde-browser@4.2.10 want: ^4.2.10
2384 silly placeDep node_modules/openclaw @smithy/util-buffer-from@4.2.1 OK for: @smithy/hash-node@4.2.10 want: ^4.2.1
2385 silly placeDep node_modules/openclaw @smithy/service-error-classification@4.2.10 OK for: @smithy/middleware-retry@4.4.37 want: ^4.2.10
2386 silly placeDep node_modules/openclaw @smithy/abort-controller@4.2.10 OK for: @smithy/node-http-handler@4.4.12 want: ^4.2.10
2387 silly placeDep node_modules/openclaw @smithy/util-uri-escape@4.2.1 OK for: @smithy/querystring-builder@4.2.10 want: ^4.2.1
2388 silly placeDep node_modules/openclaw @smithy/is-array-buffer@4.2.1 OK for: @smithy/signature-v4@5.3.10 want: ^4.2.1
2389 silly placeDep node_modules/openclaw @smithy/querystring-parser@4.2.10 OK for: @smithy/url-parser@4.2.10 want: ^4.2.10
2390 silly placeDep node_modules/openclaw @snazzah/davey-android-arm-eabi@0.1.9 OK for: @snazzah/davey@0.1.9 want: 0.1.9
2391 silly placeDep node_modules/openclaw @snazzah/davey-android-arm64@0.1.9 OK for: @snazzah/davey@0.1.9 want: 0.1.9
2392 silly placeDep node_modules/openclaw @snazzah/davey-darwin-arm64@0.1.9 OK for: @snazzah/davey@0.1.9 want: 0.1.9
2393 silly placeDep node_modules/openclaw @snazzah/davey-darwin-x64@0.1.9 OK for: @snazzah/davey@0.1.9 want: 0.1.9
2394 silly placeDep node_modules/openclaw @snazzah/davey-freebsd-x64@0.1.9 OK for: @snazzah/davey@0.1.9 want: 0.1.9
2395 silly placeDep node_modules/openclaw @snazzah/davey-linux-arm-gnueabihf@0.1.9 OK for: @snazzah/davey@0.1.9 want: 0.1.9
2396 silly placeDep node_modules/openclaw @snazzah/davey-linux-arm64-gnu@0.1.9 OK for: @snazzah/davey@0.1.9 want: 0.1.9
2397 silly placeDep node_modules/openclaw @snazzah/davey-linux-arm64-musl@0.1.9 OK for: @snazzah/davey@0.1.9 want: 0.1.9
2398 silly placeDep node_modules/openclaw @snazzah/davey-linux-x64-gnu@0.1.9 OK for: @snazzah/davey@0.1.9 want: 0.1.9
2399 silly placeDep node_modules/openclaw @snazzah/davey-linux-x64-musl@0.1.9 OK for: @snazzah/davey@0.1.9 want: 0.1.9
2400 silly placeDep node_modules/openclaw @snazzah/davey-wasm32-wasi@0.1.9 OK for: @snazzah/davey@0.1.9 want: 0.1.9
2401 silly placeDep node_modules/openclaw @snazzah/davey-win32-arm64-msvc@0.1.9 OK for: @snazzah/davey@0.1.9 want: 0.1.9
2402 silly placeDep node_modules/openclaw @snazzah/davey-win32-ia32-msvc@0.1.9 OK for: @snazzah/davey@0.1.9 want: 0.1.9
2403 silly placeDep node_modules/openclaw @snazzah/davey-win32-x64-msvc@0.1.9 OK for: @snazzah/davey@0.1.9 want: 0.1.9
2404 silly fetch manifest @napi-rs/wasm-runtime@^1.1.0
2405 silly packumentCache full:https://registry.npmjs.org/@napi-rs%2fwasm-runtime cache-miss
2406 http fetch GET 200 https://registry.npmjs.org/@napi-rs%2fwasm-runtime 50ms (cache revalidated)
2407 silly packumentCache full:https://registry.npmjs.org/@napi-rs%2fwasm-runtime set size:63456 disposed:false
2408 silly placeDep node_modules/openclaw @napi-rs/wasm-runtime@1.1.1 OK for: @snazzah/davey-wasm32-wasi@0.1.9 want: ^1.1.0
2409 silly fetch manifest @emnapi/core@^1.7.1
2410 silly packumentCache full:https://registry.npmjs.org/@emnapi%2fcore cache-miss
2411 silly fetch manifest @emnapi/runtime@^1.7.1
2412 silly packumentCache full:https://registry.npmjs.org/@emnapi%2fruntime cache-miss
2413 silly fetch manifest @tybys/wasm-util@^0.10.1
2414 silly packumentCache full:https://registry.npmjs.org/@tybys%2fwasm-util cache-miss
2415 http fetch GET 200 https://registry.npmjs.org/@tybys%2fwasm-util 54ms (cache revalidated)
2416 silly packumentCache full:https://registry.npmjs.org/@tybys%2fwasm-util set size:55410 disposed:false
2417 http fetch GET 200 https://registry.npmjs.org/@emnapi%2fcore 59ms (cache revalidated)
2418 silly packumentCache full:https://registry.npmjs.org/@emnapi%2fcore set size:96861 disposed:false
2419 http fetch GET 200 https://registry.npmjs.org/@emnapi%2fruntime 62ms (cache revalidated)
2420 silly packumentCache full:https://registry.npmjs.org/@emnapi%2fruntime set size:99452 disposed:false
2421 silly placeDep node_modules/openclaw @emnapi/core@1.8.1 OK for: @napi-rs/wasm-runtime@1.1.1 want: ^1.7.1
2422 silly placeDep node_modules/openclaw @emnapi/runtime@1.8.1 OK for: @napi-rs/wasm-runtime@1.1.1 want: ^1.7.1
2423 silly placeDep node_modules/openclaw @tybys/wasm-util@0.10.1 OK for: @napi-rs/wasm-runtime@1.1.1 want: ^0.10.1
2424 silly fetch manifest @emnapi/wasi-threads@1.1.0
2425 silly packumentCache full:https://registry.npmjs.org/@emnapi%2fwasi-threads cache-miss
2426 http fetch GET 200 https://registry.npmjs.org/@emnapi%2fwasi-threads 57ms (cache revalidated)
2427 silly packumentCache full:https://registry.npmjs.org/@emnapi%2fwasi-threads set size:19454 disposed:false
2428 silly placeDep node_modules/openclaw @emnapi/wasi-threads@1.1.0 OK for: @emnapi/core@1.8.1 want: 1.1.0
2429 silly placeDep node_modules/openclaw bun-types@1.3.9 OK for: @types/bun@1.3.9 want: 1.3.9
2430 silly placeDep node_modules/openclaw @types/body-parser@1.19.6 OK for: @types/express@5.0.6 want: *
2431 silly placeDep node_modules/openclaw @types/express-serve-static-core@5.1.1 OK for: @types/express@5.0.6 want: ^5.0.0
2432 silly placeDep node_modules/openclaw @types/serve-static@2.2.0 OK for: @types/express@5.0.6 want: ^2
2433 silly fetch manifest @types/connect@*
2434 silly packumentCache full:https://registry.npmjs.org/@types%2fconnect cache-miss
2435 silly fetch manifest @types/qs@*
2436 silly packumentCache full:https://registry.npmjs.org/@types%2fqs cache-miss
2437 silly fetch manifest @types/send@*
2438 silly packumentCache full:https://registry.npmjs.org/@types%2fsend cache-miss
2439 silly fetch manifest @types/range-parser@*
2440 silly packumentCache full:https://registry.npmjs.org/@types%2frange-parser cache-miss
2441 silly fetch manifest @types/http-errors@*
2442 silly packumentCache full:https://registry.npmjs.org/@types%2fhttp-errors cache-miss
2443 http fetch GET 200 https://registry.npmjs.org/@types%2fhttp-errors 55ms (cache revalidated)
2444 silly packumentCache full:https://registry.npmjs.org/@types%2fhttp-errors set size:48994 disposed:false
2445 http fetch GET 200 https://registry.npmjs.org/@types%2fconnect 60ms (cache revalidated)
2446 silly packumentCache full:https://registry.npmjs.org/@types%2fconnect set size:31512 disposed:false
2447 http fetch GET 200 https://registry.npmjs.org/@types%2fsend 59ms (cache revalidated)
2448 silly packumentCache full:https://registry.npmjs.org/@types%2fsend set size:29985 disposed:false
2449 http fetch GET 200 https://registry.npmjs.org/@types%2fqs 61ms (cache revalidated)
2450 silly packumentCache full:https://registry.npmjs.org/@types%2fqs set size:79370 disposed:false
2451 http fetch GET 200 https://registry.npmjs.org/@types%2frange-parser 61ms (cache revalidated)
2452 silly packumentCache full:https://registry.npmjs.org/@types%2frange-parser set size:15278 disposed:false
2453 silly placeDep node_modules/openclaw @types/connect@3.4.38 OK for: @types/body-parser@1.19.6 want: *
2454 silly placeDep node_modules/openclaw @types/qs@6.14.0 OK for: @types/express-serve-static-core@5.1.1 want: *
2455 silly placeDep node_modules/openclaw @types/range-parser@1.2.7 OK for: @types/express-serve-static-core@5.1.1 want: *
2456 silly placeDep node_modules/openclaw @types/send@1.2.1 OK for: @types/express-serve-static-core@5.1.1 want: *
2457 silly placeDep node_modules/openclaw @types/ms@2.1.0 OK for: @types/jsonwebtoken@9.0.10 want: *
2458 silly placeDep node_modules/openclaw undici-types@7.18.2 OK for: @types/node@25.3.3 want: ~7.18.0
2459 silly placeDep node_modules/openclaw @types/http-errors@2.0.5 OK for: @types/serve-static@2.2.0 want: *
2460 silly placeDep node_modules/openclaw @cacheable/node-cache@1.7.6 OK for: @whiskeysockets/baileys@7.0.0-rc.9 want: ^1.4.0
2461 silly placeDep node_modules/openclaw @hapi/boom@9.1.4 OK for: @whiskeysockets/baileys@7.0.0-rc.9 want: ^9.1.3
2462 silly placeDep node_modules/openclaw async-mutex@0.5.0 OK for: @whiskeysockets/baileys@7.0.0-rc.9 want: ^0.5.0
2463 silly placeDep node_modules/openclaw libsignal@2.0.1 OK for: @whiskeysockets/baileys@7.0.0-rc.9 want: git+https://github.com/whiskeysockets/libsignal-node.git
2464 silly placeDep node_modules/openclaw lru-cache@11.2.6 OK for: @whiskeysockets/baileys@7.0.0-rc.9 want: ^11.1.0
2465 silly placeDep node_modules/openclaw music-metadata@11.12.1 OK for: @whiskeysockets/baileys@7.0.0-rc.9 want: ^11.7.0
2466 silly placeDep node_modules/openclaw/node_modules/@whiskeysockets/baileys p-queue@9.1.0 OK for: @whiskeysockets/baileys@7.0.0-rc.9 want: ^9.0.0
2467 silly placeDep node_modules/openclaw pino@9.14.0 OK for: @whiskeysockets/baileys@7.0.0-rc.9 want: ^9.6
2468 silly fetch manifest keyv@^5.5.5
2469 silly packumentCache full:https://registry.npmjs.org/keyv cache-miss
2470 silly fetch manifest cacheable@^2.3.1
2471 silly packumentCache full:https://registry.npmjs.org/cacheable cache-miss
2472 silly fetch manifest hookified@^1.14.0
2473 silly packumentCache full:https://registry.npmjs.org/hookified cache-miss
2474 silly fetch manifest @hapi/hoek@9.x.x
2475 silly packumentCache full:https://registry.npmjs.org/@hapi%2fhoek cache-miss
2476 silly fetch manifest curve25519-js@^0.0.4
2477 silly packumentCache full:https://registry.npmjs.org/curve25519-js cache-miss
2478 silly fetch manifest protobufjs@6.8.8
2479 silly packumentCache full:https://registry.npmjs.org/protobufjs cache-hit
2480 silly fetch manifest @borewit/text-codec@^0.2.1
2481 silly packumentCache full:https://registry.npmjs.org/@borewit%2ftext-codec cache-miss
2482 silly fetch manifest @tokenizer/token@^0.3.0
2483 silly packumentCache full:https://registry.npmjs.org/@tokenizer%2ftoken cache-miss
2484 silly fetch manifest media-typer@^1.1.0
2485 silly packumentCache full:https://registry.npmjs.org/media-typer cache-miss
2486 silly fetch manifest token-types@^6.1.2
2487 silly packumentCache full:https://registry.npmjs.org/token-types cache-hit
2488 silly fetch manifest uint8array-extras@^1.5.0
2489 silly packumentCache full:https://registry.npmjs.org/uint8array-extras cache-hit
2490 silly fetch manifest win-guid@^0.2.1
2491 silly packumentCache full:https://registry.npmjs.org/win-guid cache-miss
2492 http fetch GET 200 https://registry.npmjs.org/curve25519-js 46ms (cache revalidated)
2493 silly packumentCache full:https://registry.npmjs.org/curve25519-js set size:15295 disposed:false
2494 silly fetch manifest p-timeout@^7.0.0
2495 silly packumentCache full:https://registry.npmjs.org/p-timeout cache-hit
2496 silly fetch manifest sonic-boom@^4.0.1
2497 silly packumentCache full:https://registry.npmjs.org/sonic-boom cache-miss
2498 http fetch GET 200 https://registry.npmjs.org/keyv 48ms (cache revalidated)
2499 silly packumentCache full:https://registry.npmjs.org/keyv set size:210435 disposed:false
2500 silly fetch manifest atomic-sleep@^1.0.0
2501 silly packumentCache full:https://registry.npmjs.org/atomic-sleep cache-miss
2502 http fetch GET 200 https://registry.npmjs.org/cacheable 51ms (cache revalidated)
2503 silly packumentCache full:https://registry.npmjs.org/cacheable set size:150976 disposed:false
2504 silly fetch manifest real-require@^0.2.0
2505 silly packumentCache full:https://registry.npmjs.org/real-require cache-miss
2506 http fetch GET 200 https://registry.npmjs.org/hookified 53ms (cache revalidated)
2507 silly packumentCache full:https://registry.npmjs.org/hookified set size:136778 disposed:false
2508 silly fetch manifest thread-stream@^3.0.0
2509 silly packumentCache full:https://registry.npmjs.org/thread-stream cache-miss
2510 http fetch GET 200 https://registry.npmjs.org/media-typer 55ms (cache revalidated)
2511 silly packumentCache full:https://registry.npmjs.org/media-typer set size:20873 disposed:false
2512 silly fetch manifest @pinojs/redact@^0.4.0
2513 silly packumentCache full:https://registry.npmjs.org/@pinojs%2fredact cache-miss
2514 http fetch GET 200 https://registry.npmjs.org/@borewit%2ftext-codec 59ms (cache revalidated)
2515 silly packumentCache full:https://registry.npmjs.org/@borewit%2ftext-codec set size:14185 disposed:false
2516 silly fetch manifest process-warning@^5.0.0
2517 silly packumentCache full:https://registry.npmjs.org/process-warning cache-miss
2518 http fetch GET 200 https://registry.npmjs.org/@hapi%2fhoek 60ms (cache revalidated)
2519 silly packumentCache full:https://registry.npmjs.org/@hapi%2fhoek set size:121527 disposed:false
2520 silly fetch manifest on-exit-leak-free@^2.1.0
2521 silly packumentCache full:https://registry.npmjs.org/on-exit-leak-free cache-miss
2522 http fetch GET 200 https://registry.npmjs.org/@tokenizer%2ftoken 70ms (cache revalidated)
2523 silly packumentCache full:https://registry.npmjs.org/@tokenizer%2ftoken set size:11833 disposed:false
2524 silly fetch manifest pino-std-serializers@^7.0.0
2525 silly packumentCache full:https://registry.npmjs.org/pino-std-serializers cache-miss
2526 http fetch GET 200 https://registry.npmjs.org/atomic-sleep 42ms (cache revalidated)
2527 silly packumentCache full:https://registry.npmjs.org/atomic-sleep set size:5192 disposed:false
2528 silly fetch manifest safe-stable-stringify@^2.3.1
2529 silly packumentCache full:https://registry.npmjs.org/safe-stable-stringify cache-miss
2530 http fetch GET 200 https://registry.npmjs.org/sonic-boom 48ms (cache revalidated)
2531 silly packumentCache full:https://registry.npmjs.org/sonic-boom set size:168983 disposed:false
2532 silly fetch manifest quick-format-unescaped@^4.0.3
2533 silly packumentCache full:https://registry.npmjs.org/quick-format-unescaped cache-miss
2534 http fetch GET 200 https://registry.npmjs.org/thread-stream 45ms (cache revalidated)
2535 silly packumentCache full:https://registry.npmjs.org/thread-stream set size:127672 disposed:false
2536 silly fetch manifest pino-abstract-transport@^2.0.0
2537 silly packumentCache full:https://registry.npmjs.org/pino-abstract-transport cache-miss
2538 http fetch GET 200 https://registry.npmjs.org/real-require 49ms (cache revalidated)
2539 silly packumentCache full:https://registry.npmjs.org/real-require set size:9152 disposed:false
2540 http fetch GET 200 https://registry.npmjs.org/on-exit-leak-free 42ms (cache revalidated)
2541 silly packumentCache full:https://registry.npmjs.org/on-exit-leak-free set size:18719 disposed:false
2542 http fetch GET 200 https://registry.npmjs.org/process-warning 49ms (cache revalidated)
2543 silly packumentCache full:https://registry.npmjs.org/process-warning set size:32480 disposed:false
2544 http fetch GET 200 https://registry.npmjs.org/pino-std-serializers 40ms (cache revalidated)
2545 silly packumentCache full:https://registry.npmjs.org/pino-std-serializers set size:96176 disposed:false
2546 http fetch GET 200 https://registry.npmjs.org/@pinojs%2fredact 57ms (cache revalidated)
2547 silly packumentCache full:https://registry.npmjs.org/@pinojs%2fredact set size:16907 disposed:false
2548 http fetch GET 200 https://registry.npmjs.org/safe-stable-stringify 42ms (cache revalidated)
2549 silly packumentCache full:https://registry.npmjs.org/safe-stable-stringify set size:45091 disposed:false
2550 http fetch GET 200 https://registry.npmjs.org/quick-format-unescaped 41ms (cache revalidated)
2551 silly packumentCache full:https://registry.npmjs.org/quick-format-unescaped set size:36121 disposed:false
2552 http fetch GET 200 https://registry.npmjs.org/win-guid 403ms (cache revalidated)
2553 silly packumentCache full:https://registry.npmjs.org/win-guid set size:11017 disposed:false
2554 http fetch GET 200 https://registry.npmjs.org/pino-abstract-transport 848ms (cache revalidated)
2555 silly packumentCache full:https://registry.npmjs.org/pino-abstract-transport set size:28687 disposed:false
2556 silly placeDep node_modules/openclaw cacheable@2.3.3 OK for: @cacheable/node-cache@1.7.6 want: ^2.3.1
2557 silly placeDep node_modules/openclaw hookified@1.15.1 OK for: @cacheable/node-cache@1.7.6 want: ^1.14.0
2558 silly placeDep node_modules/openclaw keyv@5.6.0 OK for: @cacheable/node-cache@1.7.6 want: ^5.5.5
2559 silly fetch manifest hookified@^1.15.0
2560 silly packumentCache full:https://registry.npmjs.org/hookified cache-hit
2561 silly fetch manifest keyv@^5.6.0
2562 silly packumentCache full:https://registry.npmjs.org/keyv cache-hit
2563 silly fetch manifest qified@^0.6.0
2564 silly packumentCache full:https://registry.npmjs.org/qified cache-miss
2565 silly fetch manifest @cacheable/memory@^2.0.8
2566 silly packumentCache full:https://registry.npmjs.org/@cacheable%2fmemory cache-miss
2567 silly fetch manifest @cacheable/utils@^2.4.0
2568 silly packumentCache full:https://registry.npmjs.org/@cacheable%2futils cache-miss
2569 silly fetch manifest @keyv/serialize@^1.1.1
2570 silly packumentCache full:https://registry.npmjs.org/@keyv%2fserialize cache-miss
2571 http fetch GET 200 https://registry.npmjs.org/@keyv%2fserialize 76ms (cache revalidated)
2572 silly packumentCache full:https://registry.npmjs.org/@keyv%2fserialize set size:20751 disposed:false
2573 http fetch GET 200 https://registry.npmjs.org/qified 80ms (cache revalidated)
2574 silly packumentCache full:https://registry.npmjs.org/qified set size:52516 disposed:false
2575 http fetch GET 200 https://registry.npmjs.org/@cacheable%2futils 99ms (cache revalidated)
2576 silly packumentCache full:https://registry.npmjs.org/@cacheable%2futils set size:58149 disposed:false
2577 http fetch GET 200 https://registry.npmjs.org/@cacheable%2fmemory 327ms (cache revalidated)
2578 silly packumentCache full:https://registry.npmjs.org/@cacheable%2fmemory set size:49828 disposed:false
2579 silly placeDep node_modules/openclaw @hapi/hoek@9.3.0 OK for: @hapi/boom@9.1.4 want: 9.x.x
2580 silly placeDep node_modules/openclaw event-target-shim@5.0.1 OK for: abort-controller@3.0.0 want: ^5.0.0
2581 silly placeDep node_modules/openclaw fast-uri@3.1.0 OK for: ajv@8.18.0 want: ^3.0.1
2582 silly placeDep node_modules/openclaw json-schema-traverse@1.0.0 OK for: ajv@8.18.0 want: ^1.0.0
2583 silly placeDep node_modules/openclaw require-from-string@2.0.2 OK for: ajv@8.18.0 want: ^2.0.2
2584 silly placeDep node_modules/openclaw follow-redirects@1.15.11 OK for: axios@1.13.6 want: ^1.15.11
2585 silly placeDep node_modules/openclaw proxy-from-env@1.1.0 OK for: axios@1.13.6 want: ^1.1.0
2586 silly placeDep node_modules/openclaw @cacheable/memory@2.0.8 OK for: cacheable@2.3.3 want: ^2.0.8
2587 silly placeDep node_modules/openclaw @cacheable/utils@2.4.0 OK for: cacheable@2.3.3 want: ^2.4.0
2588 silly placeDep node_modules/openclaw qified@0.6.0 OK for: cacheable@2.3.3 want: ^0.6.0
2589 silly fetch manifest @keyv/bigmap@^1.3.1
2590 silly packumentCache full:https://registry.npmjs.org/@keyv%2fbigmap cache-miss
2591 silly fetch manifest hashery@^1.5.0
2592 silly packumentCache full:https://registry.npmjs.org/hashery cache-miss
2593 http fetch GET 200 https://registry.npmjs.org/@keyv%2fbigmap 56ms (cache revalidated)
2594 silly packumentCache full:https://registry.npmjs.org/@keyv%2fbigmap set size:22274 disposed:false
2595 http fetch GET 200 https://registry.npmjs.org/hashery 57ms (cache revalidated)
2596 silly packumentCache full:https://registry.npmjs.org/hashery set size:66703 disposed:false
2597 silly placeDep node_modules/openclaw @keyv/bigmap@1.3.1 OK for: @cacheable/memory@2.0.8 want: ^1.3.1
2598 silly fetch manifest hashery@^1.4.0
2599 silly packumentCache full:https://registry.npmjs.org/hashery cache-hit
2600 silly placeDep node_modules/openclaw hashery@1.5.0 OK for: @cacheable/utils@2.4.0 want: ^1.5.0
2601 silly placeDep node_modules/openclaw readdirp@5.0.0 OK for: chokidar@5.0.0 want: ^5.0.0
2602 silly placeDep node_modules/openclaw/node_modules/cli-highlight chalk@4.1.2 OK for: cli-highlight@2.1.11 want: ^4.0.0
2603 silly placeDep node_modules/openclaw highlight.js@10.7.3 OK for: cli-highlight@2.1.11 want: ^10.7.1
2604 silly placeDep node_modules/openclaw mz@2.7.0 OK for: cli-highlight@2.1.11 want: ^2.4.0
2605 silly placeDep node_modules/openclaw parse5@5.1.1 OK for: cli-highlight@2.1.11 want: ^5.1.1
2606 silly placeDep node_modules/openclaw parse5-htmlparser2-tree-adapter@6.0.1 OK for: cli-highlight@2.1.11 want: ^6.0.0
2607 silly placeDep node_modules/openclaw yargs@16.2.0 OK for: cli-highlight@2.1.11 want: ^16.0.0
2608 silly fetch manifest ansi-styles@^4.1.0
2609 silly packumentCache full:https://registry.npmjs.org/ansi-styles cache-miss
2610 silly fetch manifest supports-color@^7.1.0
2611 silly packumentCache full:https://registry.npmjs.org/supports-color cache-miss
2612 silly fetch manifest any-promise@^1.0.0
2613 silly packumentCache full:https://registry.npmjs.org/any-promise cache-miss
2614 silly fetch manifest object-assign@^4.0.1
2615 silly packumentCache full:https://registry.npmjs.org/object-assign cache-miss
2616 silly fetch manifest thenify-all@^1.0.0
2617 silly packumentCache full:https://registry.npmjs.org/thenify-all cache-miss
2618 silly fetch manifest parse5@^6.0.1
2619 silly packumentCache full:https://registry.npmjs.org/parse5 cache-hit
2620 silly fetch manifest y18n@^5.0.5
2621 silly packumentCache full:https://registry.npmjs.org/y18n cache-miss
2622 silly fetch manifest cliui@^7.0.2
2623 silly packumentCache full:https://registry.npmjs.org/cliui cache-miss
2624 silly fetch manifest escalade@^3.1.1
2625 silly packumentCache full:https://registry.npmjs.org/escalade cache-miss
2626 silly fetch manifest string-width@^4.2.0
2627 silly packumentCache full:https://registry.npmjs.org/string-width cache-miss
2628 http fetch GET 200 https://registry.npmjs.org/y18n 96ms (cache revalidated)
2629 silly packumentCache full:https://registry.npmjs.org/y18n set size:76155 disposed:false
2630 silly fetch manifest yargs-parser@^20.2.2
2631 silly packumentCache full:https://registry.npmjs.org/yargs-parser cache-miss
2632 http fetch GET 200 https://registry.npmjs.org/escalade 99ms (cache revalidated)
2633 silly packumentCache full:https://registry.npmjs.org/escalade set size:33724 disposed:false
2634 silly fetch manifest get-caller-file@^2.0.5
2635 silly packumentCache full:https://registry.npmjs.org/get-caller-file cache-miss
2636 http fetch GET 200 https://registry.npmjs.org/object-assign 102ms (cache revalidated)
2637 silly packumentCache full:https://registry.npmjs.org/object-assign set size:28988 disposed:false
2638 silly fetch manifest require-directory@^2.1.1
2639 silly packumentCache full:https://registry.npmjs.org/require-directory cache-miss
2640 http fetch GET 200 https://registry.npmjs.org/ansi-styles 102ms (cache revalidated)
2641 silly packumentCache full:https://registry.npmjs.org/ansi-styles set size:63233 disposed:false
2642 http fetch GET 200 https://registry.npmjs.org/supports-color 103ms (cache revalidated)
2643 silly packumentCache full:https://registry.npmjs.org/supports-color set size:118680 disposed:false
2644 http fetch GET 200 https://registry.npmjs.org/any-promise 104ms (cache revalidated)
2645 silly packumentCache full:https://registry.npmjs.org/any-promise set size:20233 disposed:false
2646 http fetch GET 200 https://registry.npmjs.org/string-width 103ms (cache revalidated)
2647 silly packumentCache full:https://registry.npmjs.org/string-width set size:68305 disposed:false
2648 http fetch GET 200 https://registry.npmjs.org/thenify-all 105ms (cache revalidated)
2649 silly packumentCache full:https://registry.npmjs.org/thenify-all set size:18488 disposed:false
2650 http fetch GET 200 https://registry.npmjs.org/cliui 105ms (cache revalidated)
2651 silly packumentCache full:https://registry.npmjs.org/cliui set size:69089 disposed:false
2652 http fetch GET 200 https://registry.npmjs.org/yargs-parser 46ms (cache revalidated)
2653 silly packumentCache full:https://registry.npmjs.org/yargs-parser set size:238630 disposed:false
2654 http fetch GET 200 https://registry.npmjs.org/require-directory 48ms (cache revalidated)
2655 silly packumentCache full:https://registry.npmjs.org/require-directory set size:26866 disposed:false
2656 http fetch GET 200 https://registry.npmjs.org/get-caller-file 50ms (cache revalidated)
2657 silly packumentCache full:https://registry.npmjs.org/get-caller-file set size:26456 disposed:false
2658 silly placeDep node_modules/openclaw ms@2.1.3 OK for: debug@4.4.3 want: ^2.1.3
2659 silly placeDep node_modules/openclaw accepts@2.0.0 OK for: express@5.2.1 want: ^2.0.0
2660 silly placeDep node_modules/openclaw body-parser@2.2.2 OK for: express@5.2.1 want: ^2.2.1
2661 silly placeDep node_modules/openclaw content-disposition@1.0.1 OK for: express@5.2.1 want: ^1.0.0
2662 silly placeDep node_modules/openclaw content-type@1.0.5 OK for: express@5.2.1 want: ^1.0.5
2663 silly placeDep node_modules/openclaw cookie@0.7.2 OK for: express@5.2.1 want: ^0.7.1
2664 silly placeDep node_modules/openclaw cookie-signature@1.2.2 OK for: express@5.2.1 want: ^1.2.1
2665 silly placeDep node_modules/openclaw depd@2.0.0 OK for: express@5.2.1 want: ^2.0.0
2666 silly placeDep node_modules/openclaw encodeurl@2.0.0 OK for: express@5.2.1 want: ^2.0.0
2667 silly placeDep node_modules/openclaw escape-html@1.0.3 OK for: express@5.2.1 want: ^1.0.3
2668 silly placeDep node_modules/openclaw etag@1.8.1 OK for: express@5.2.1 want: ^1.8.1
2669 silly placeDep node_modules/openclaw finalhandler@2.1.1 OK for: express@5.2.1 want: ^2.1.0
2670 silly placeDep node_modules/openclaw fresh@2.0.0 OK for: express@5.2.1 want: ^2.0.0
2671 silly placeDep node_modules/openclaw http-errors@2.0.1 OK for: express@5.2.1 want: ^2.0.0
2672 silly placeDep node_modules/openclaw merge-descriptors@2.0.0 OK for: express@5.2.1 want: ^2.0.0
2673 silly placeDep node_modules/openclaw on-finished@2.4.1 OK for: express@5.2.1 want: ^2.4.1
2674 silly placeDep node_modules/openclaw once@1.4.0 OK for: express@5.2.1 want: ^1.4.0
2675 silly placeDep node_modules/openclaw parseurl@1.3.3 OK for: express@5.2.1 want: ^1.3.3
2676 silly placeDep node_modules/openclaw proxy-addr@2.0.7 OK for: express@5.2.1 want: ^2.0.7
2677 silly placeDep node_modules/openclaw range-parser@1.2.1 OK for: express@5.2.1 want: ^1.2.1
2678 silly placeDep node_modules/openclaw router@2.2.0 OK for: express@5.2.1 want: ^2.2.0
2679 silly placeDep node_modules/openclaw send@1.2.1 OK for: express@5.2.1 want: ^1.1.0
2680 silly placeDep node_modules/openclaw serve-static@2.2.1 OK for: express@5.2.1 want: ^2.2.0
2681 silly placeDep node_modules/openclaw statuses@2.0.2 OK for: express@5.2.1 want: ^2.0.1
2682 silly placeDep node_modules/openclaw type-is@2.0.1 OK for: express@5.2.1 want: ^2.0.1
2683 silly placeDep node_modules/openclaw vary@1.1.2 OK for: express@5.2.1 want: ^1.1.2
2684 silly fetch manifest negotiator@^1.0.0
2685 silly packumentCache full:https://registry.npmjs.org/negotiator cache-miss
2686 silly fetch manifest iconv-lite@^0.7.0
2687 silly packumentCache full:https://registry.npmjs.org/iconv-lite cache-hit
2688 silly fetch manifest inherits@~2.0.4
2689 silly packumentCache full:https://registry.npmjs.org/inherits cache-miss
2690 silly fetch manifest setprototypeof@~1.2.0
2691 silly packumentCache full:https://registry.npmjs.org/setprototypeof cache-miss
2692 silly fetch manifest statuses@~2.0.2
2693 silly packumentCache full:https://registry.npmjs.org/statuses cache-hit
2694 silly fetch manifest toidentifier@~1.0.1
2695 silly packumentCache full:https://registry.npmjs.org/toidentifier cache-miss
2696 silly fetch manifest ee-first@1.1.1
2697 silly packumentCache full:https://registry.npmjs.org/ee-first cache-miss
2698 silly fetch manifest wrappy@1
2699 silly packumentCache full:https://registry.npmjs.org/wrappy cache-miss
2700 silly fetch manifest forwarded@0.2.0
2701 silly packumentCache full:https://registry.npmjs.org/forwarded cache-miss
2702 silly fetch manifest ipaddr.js@1.9.1
2703 silly packumentCache full:https://registry.npmjs.org/ipaddr.js cache-hit
2704 silly fetch manifest is-promise@^4.0.0
2705 silly packumentCache full:https://registry.npmjs.org/is-promise cache-miss
2706 silly fetch manifest statuses@^2.0.2
2707 silly packumentCache full:https://registry.npmjs.org/statuses cache-hit
2708 http fetch GET 200 https://registry.npmjs.org/setprototypeof 47ms (cache revalidated)
2709 silly packumentCache full:https://registry.npmjs.org/setprototypeof set size:14532 disposed:false
2710 http fetch GET 200 https://registry.npmjs.org/forwarded 46ms (cache revalidated)
2711 silly packumentCache full:https://registry.npmjs.org/forwarded set size:11229 disposed:false
2712 http fetch GET 200 https://registry.npmjs.org/negotiator 62ms (cache revalidated)
2713 silly packumentCache full:https://registry.npmjs.org/negotiator set size:48046 disposed:false
2714 http fetch GET 200 https://registry.npmjs.org/toidentifier 62ms (cache revalidated)
2715 silly packumentCache full:https://registry.npmjs.org/toidentifier set size:12006 disposed:false
2716 http fetch GET 200 https://registry.npmjs.org/is-promise 62ms (cache revalidated)
2717 silly packumentCache full:https://registry.npmjs.org/is-promise set size:18599 disposed:false
2718 http fetch GET 200 https://registry.npmjs.org/wrappy 64ms (cache revalidated)
2719 silly packumentCache full:https://registry.npmjs.org/wrappy set size:7682 disposed:false
2720 http fetch GET 200 https://registry.npmjs.org/ee-first 64ms (cache revalidated)
2721 silly packumentCache full:https://registry.npmjs.org/ee-first set size:15327 disposed:false
2722 http fetch GET 200 https://registry.npmjs.org/inherits 66ms (cache revalidated)
2723 silly packumentCache full:https://registry.npmjs.org/inherits set size:12925 disposed:false
2724 silly placeDep node_modules/openclaw negotiator@1.0.0 OK for: accepts@2.0.0 want: ^1.0.0
2725 silly placeDep node_modules/openclaw bytes@3.1.2 OK for: body-parser@2.2.2 want: ^3.1.2
2726 silly placeDep node_modules/openclaw iconv-lite@0.7.2 OK for: body-parser@2.2.2 want: ^0.7.0
2727 silly fetch manifest safer-buffer@>= 2.1.2 < 3.0.0
2728 silly packumentCache full:https://registry.npmjs.org/safer-buffer cache-miss
2729 http fetch GET 200 https://registry.npmjs.org/safer-buffer 50ms (cache revalidated)
2730 silly packumentCache full:https://registry.npmjs.org/safer-buffer set size:18521 disposed:false
2731 silly placeDep node_modules/openclaw @types/yauzl@2.10.3 OK for: extract-zip@2.0.1 want: ^2.9.1
2732 silly placeDep node_modules/openclaw get-stream@5.2.0 OK for: extract-zip@2.0.1 want: ^5.1.0
2733 silly placeDep node_modules/openclaw yauzl@2.10.0 OK for: extract-zip@2.0.1 want: ^2.10.0
2734 silly fetch manifest pump@^3.0.0
2735 silly packumentCache full:https://registry.npmjs.org/pump cache-miss
2736 silly fetch manifest fd-slicer@~1.1.0
2737 silly packumentCache full:https://registry.npmjs.org/fd-slicer cache-miss
2738 silly fetch manifest buffer-crc32@~0.2.3
2739 silly packumentCache full:https://registry.npmjs.org/buffer-crc32 cache-miss
2740 http fetch GET 200 https://registry.npmjs.org/buffer-crc32 39ms (cache revalidated)
2741 silly packumentCache full:https://registry.npmjs.org/buffer-crc32 set size:58100 disposed:false
2742 http fetch GET 200 https://registry.npmjs.org/fd-slicer 41ms (cache revalidated)
2743 silly packumentCache full:https://registry.npmjs.org/fd-slicer set size:25525 disposed:false
2744 http fetch GET 200 https://registry.npmjs.org/pump 42ms (cache revalidated)
2745 silly packumentCache full:https://registry.npmjs.org/pump set size:41178 disposed:false
2746 silly placeDep node_modules/openclaw strnum@2.2.0 OK for: fast-xml-parser@5.3.6 want: ^2.1.2
2747 silly placeDep node_modules/openclaw @tokenizer/inflate@0.4.1 OK for: file-type@21.3.0 want: ^0.4.1
2748 silly placeDep node_modules/openclaw strtok3@10.3.4 OK for: file-type@21.3.0 want: ^10.3.4
2749 silly placeDep node_modules/openclaw token-types@6.1.2 OK for: file-type@21.3.0 want: ^6.1.1
2750 silly placeDep node_modules/openclaw uint8array-extras@1.5.0 OK for: file-type@21.3.0 want: ^1.4.0
2751 silly fetch manifest ieee754@^1.2.1
2752 silly packumentCache full:https://registry.npmjs.org/ieee754 cache-miss
2753 http fetch GET 200 https://registry.npmjs.org/ieee754 39ms (cache revalidated)
2754 silly packumentCache full:https://registry.npmjs.org/ieee754 set size:34910 disposed:false
2755 silly placeDep node_modules/openclaw asynckit@0.4.0 OK for: form-data@4.0.5 want: ^0.4.0
2756 silly placeDep node_modules/openclaw combined-stream@1.0.8 OK for: form-data@4.0.5 want: ^1.0.8
2757 silly placeDep node_modules/openclaw es-set-tostringtag@2.1.0 OK for: form-data@4.0.5 want: ^2.1.0
2758 silly placeDep node_modules/openclaw hasown@2.0.2 OK for: form-data@4.0.5 want: ^2.0.2
2759 silly placeDep node_modules/openclaw/node_modules/form-data mime-types@2.1.35 OK for: form-data@4.0.5 want: ^2.1.12
2760 silly fetch manifest delayed-stream@~1.0.0
2761 silly packumentCache full:https://registry.npmjs.org/delayed-stream cache-miss
2762 silly fetch manifest es-errors@^1.3.0
2763 silly packumentCache full:https://registry.npmjs.org/es-errors cache-miss
2764 silly fetch manifest get-intrinsic@^1.2.6
2765 silly packumentCache full:https://registry.npmjs.org/get-intrinsic cache-miss
2766 silly fetch manifest has-tostringtag@^1.0.2
2767 silly packumentCache full:https://registry.npmjs.org/has-tostringtag cache-miss
2768 silly fetch manifest function-bind@^1.1.2
2769 silly packumentCache full:https://registry.npmjs.org/function-bind cache-miss
2770 silly fetch manifest mime-db@1.52.0
2771 silly packumentCache full:https://registry.npmjs.org/mime-db cache-hit
2772 http fetch GET 200 https://registry.npmjs.org/delayed-stream 43ms (cache revalidated)
2773 silly packumentCache full:https://registry.npmjs.org/delayed-stream set size:15820 disposed:false
2774 http fetch GET 200 https://registry.npmjs.org/es-errors 44ms (cache revalidated)
2775 silly packumentCache full:https://registry.npmjs.org/es-errors set size:16918 disposed:false
2776 http fetch GET 200 https://registry.npmjs.org/function-bind 44ms (cache revalidated)
2777 silly packumentCache full:https://registry.npmjs.org/function-bind set size:15733 disposed:false
2778 http fetch GET 200 https://registry.npmjs.org/get-intrinsic 46ms (cache revalidated)
2779 silly packumentCache full:https://registry.npmjs.org/get-intrinsic set size:60985 disposed:false
2780 http fetch GET 200 https://registry.npmjs.org/has-tostringtag 47ms (cache revalidated)
2781 silly packumentCache full:https://registry.npmjs.org/has-tostringtag set size:13945 disposed:false
2782 silly placeDep node_modules/openclaw delayed-stream@1.0.0 OK for: combined-stream@1.0.8 want: ~1.0.0
2783 silly placeDep node_modules/openclaw es-errors@1.3.0 OK for: es-set-tostringtag@2.1.0 want: ^1.3.0
2784 silly placeDep node_modules/openclaw get-intrinsic@1.3.0 OK for: es-set-tostringtag@2.1.0 want: ^1.2.6
2785 silly placeDep node_modules/openclaw has-tostringtag@1.0.2 OK for: es-set-tostringtag@2.1.0 want: ^1.0.2
2786 silly fetch manifest gopd@^1.2.0
2787 silly packumentCache full:https://registry.npmjs.org/gopd cache-miss
2788 silly fetch manifest get-proto@^1.0.1
2789 silly packumentCache full:https://registry.npmjs.org/get-proto cache-miss
2790 silly fetch manifest has-symbols@^1.1.0
2791 silly packumentCache full:https://registry.npmjs.org/has-symbols cache-miss
2792 silly fetch manifest es-object-atoms@^1.1.1
2793 silly packumentCache full:https://registry.npmjs.org/es-object-atoms cache-miss
2794 silly fetch manifest math-intrinsics@^1.1.0
2795 silly packumentCache full:https://registry.npmjs.org/math-intrinsics cache-miss
2796 silly fetch manifest es-define-property@^1.0.1
2797 silly packumentCache full:https://registry.npmjs.org/es-define-property cache-miss
2798 silly fetch manifest call-bind-apply-helpers@^1.0.2
2799 silly packumentCache full:https://registry.npmjs.org/call-bind-apply-helpers cache-miss
2800 silly fetch manifest has-symbols@^1.0.3
2801 silly packumentCache full:https://registry.npmjs.org/has-symbols cache-miss
2802 http fetch GET 200 https://registry.npmjs.org/gopd 40ms (cache revalidated)
2803 silly packumentCache full:https://registry.npmjs.org/gopd set size:11458 disposed:false
2804 http fetch GET 200 https://registry.npmjs.org/es-object-atoms 41ms (cache revalidated)
2805 silly packumentCache full:https://registry.npmjs.org/es-object-atoms set size:15304 disposed:false
2806 http fetch GET 200 https://registry.npmjs.org/get-proto 42ms (cache revalidated)
2807 silly packumentCache full:https://registry.npmjs.org/get-proto set size:8300 disposed:false
2808 http fetch GET 200 https://registry.npmjs.org/call-bind-apply-helpers 43ms (cache revalidated)
2809 silly packumentCache full:https://registry.npmjs.org/call-bind-apply-helpers set size:12744 disposed:false
2810 http fetch GET 200 https://registry.npmjs.org/es-define-property 46ms (cache revalidated)
2811 silly packumentCache full:https://registry.npmjs.org/es-define-property set size:8542 disposed:false
2812 http fetch GET 200 https://registry.npmjs.org/has-symbols 45ms (cache revalidated)
2813 silly packumentCache full:https://registry.npmjs.org/has-symbols set size:21550 disposed:false
2814 http fetch GET 200 https://registry.npmjs.org/math-intrinsics 47ms (cache revalidated)
2815 silly packumentCache full:https://registry.npmjs.org/math-intrinsics set size:9265 disposed:false
2816 http fetch GET 200 https://registry.npmjs.org/has-symbols 49ms (cache revalidated)
2817 silly packumentCache full:https://registry.npmjs.org/has-symbols set size:21550 disposed:false
2818 silly packumentCache full:https://registry.npmjs.org/has-symbols dispose
2819 silly placeDep node_modules/openclaw extend@3.0.2 OK for: gaxios@7.1.3 want: ^3.0.2
2820 silly placeDep node_modules/openclaw/node_modules/gaxios node-fetch@3.3.2 OK for: gaxios@7.1.3 want: ^3.3.2
2821 silly placeDep node_modules/openclaw/node_modules/gaxios rimraf@5.0.10 OK for: gaxios@7.1.3 want: ^5.0.1
2822 silly fetch manifest data-uri-to-buffer@^4.0.0
2823 silly packumentCache full:https://registry.npmjs.org/data-uri-to-buffer cache-miss
2824 silly fetch manifest fetch-blob@^3.1.4
2825 silly packumentCache full:https://registry.npmjs.org/fetch-blob cache-miss
2826 silly fetch manifest formdata-polyfill@^4.0.10
2827 silly packumentCache full:https://registry.npmjs.org/formdata-polyfill cache-miss
2828 silly fetch manifest glob@^10.3.7
2829 silly packumentCache full:https://registry.npmjs.org/glob cache-hit
2830 http fetch GET 200 https://registry.npmjs.org/fetch-blob 43ms (cache revalidated)
2831 silly packumentCache full:https://registry.npmjs.org/fetch-blob set size:73704 disposed:false
2832 http fetch GET 200 https://registry.npmjs.org/formdata-polyfill 44ms (cache revalidated)
2833 silly packumentCache full:https://registry.npmjs.org/formdata-polyfill set size:94446 disposed:false
2834 http fetch GET 200 https://registry.npmjs.org/data-uri-to-buffer 45ms (cache revalidated)
2835 silly packumentCache full:https://registry.npmjs.org/data-uri-to-buffer set size:43253 disposed:false
2836 silly placeDep node_modules/openclaw call-bind-apply-helpers@1.0.2 OK for: get-intrinsic@1.3.0 want: ^1.0.2
2837 silly placeDep node_modules/openclaw es-define-property@1.0.1 OK for: get-intrinsic@1.3.0 want: ^1.0.1
2838 silly placeDep node_modules/openclaw es-object-atoms@1.1.1 OK for: get-intrinsic@1.3.0 want: ^1.1.1
2839 silly placeDep node_modules/openclaw function-bind@1.1.2 OK for: get-intrinsic@1.3.0 want: ^1.1.2
2840 silly placeDep node_modules/openclaw get-proto@1.0.1 OK for: get-intrinsic@1.3.0 want: ^1.0.1
2841 silly placeDep node_modules/openclaw gopd@1.2.0 OK for: get-intrinsic@1.3.0 want: ^1.2.0
2842 silly placeDep node_modules/openclaw has-symbols@1.1.0 OK for: get-intrinsic@1.3.0 want: ^1.1.0
2843 silly placeDep node_modules/openclaw math-intrinsics@1.1.0 OK for: get-intrinsic@1.3.0 want: ^1.1.0
2844 silly fetch manifest dunder-proto@^1.0.1
2845 silly packumentCache full:https://registry.npmjs.org/dunder-proto cache-miss
2846 http fetch GET 200 https://registry.npmjs.org/dunder-proto 40ms (cache revalidated)
2847 silly packumentCache full:https://registry.npmjs.org/dunder-proto set size:8256 disposed:false
2848 silly placeDep node_modules/openclaw dunder-proto@1.0.1 OK for: get-proto@1.0.1 want: ^1.0.1
2849 silly placeDep node_modules/openclaw pump@3.0.4 OK for: get-stream@5.2.0 want: ^3.0.0
2850 silly fetch manifest end-of-stream@^1.1.0
2851 silly packumentCache full:https://registry.npmjs.org/end-of-stream cache-miss
2852 http fetch GET 200 https://registry.npmjs.org/end-of-stream 40ms (cache revalidated)
2853 silly packumentCache full:https://registry.npmjs.org/end-of-stream set size:27842 disposed:false
2854 silly placeDep node_modules/openclaw minipass@7.1.3 OK for: glob@13.0.6 want: ^7.1.3
2855 silly placeDep node_modules/openclaw path-scurry@2.0.2 OK for: glob@13.0.6 want: ^2.0.2
2856 silly placeDep node_modules/openclaw base64-js@1.5.1 OK for: google-auth-library@10.6.1 want: ^1.3.0
2857 silly placeDep node_modules/openclaw ecdsa-sig-formatter@1.0.11 OK for: google-auth-library@10.6.1 want: ^1.0.11
2858 silly placeDep node_modules/openclaw gcp-metadata@8.1.2 OK for: google-auth-library@10.6.1 want: 8.1.2
2859 silly placeDep node_modules/openclaw google-logging-utils@1.1.3 OK for: google-auth-library@10.6.1 want: 1.1.3
2860 silly placeDep node_modules/openclaw jws@4.0.1 OK for: google-auth-library@10.6.1 want: ^4.0.0
2861 silly fetch manifest safe-buffer@^5.0.1
2862 silly packumentCache full:https://registry.npmjs.org/safe-buffer cache-miss
2863 silly fetch manifest google-logging-utils@^1.0.0
2864 silly packumentCache full:https://registry.npmjs.org/google-logging-utils cache-hit
2865 silly fetch manifest json-bigint@^1.0.0
2866 silly packumentCache full:https://registry.npmjs.org/json-bigint cache-miss
2867 silly fetch manifest jwa@^2.0.1
2868 silly packumentCache full:https://registry.npmjs.org/jwa cache-miss
2869 silly fetch manifest safe-buffer@^5.0.1
2870 silly packumentCache full:https://registry.npmjs.org/safe-buffer cache-miss
2871 http fetch GET 200 https://registry.npmjs.org/safe-buffer 44ms (cache revalidated)
2872 silly packumentCache full:https://registry.npmjs.org/safe-buffer set size:41183 disposed:false
2873 http fetch GET 200 https://registry.npmjs.org/safe-buffer 45ms (cache revalidated)
2874 silly packumentCache full:https://registry.npmjs.org/safe-buffer set size:41183 disposed:false
2875 silly packumentCache full:https://registry.npmjs.org/safe-buffer dispose
2876 http fetch GET 200 https://registry.npmjs.org/jwa 47ms (cache revalidated)
2877 silly packumentCache full:https://registry.npmjs.org/jwa set size:39956 disposed:false
2878 http fetch GET 200 https://registry.npmjs.org/json-bigint 51ms (cache revalidated)
2879 silly packumentCache full:https://registry.npmjs.org/json-bigint set size:36963 disposed:false
2880 silly placeDep node_modules/openclaw safe-buffer@5.2.1 OK for: ecdsa-sig-formatter@1.0.11 want: ^5.0.1
2881 silly placeDep node_modules/openclaw json-bigint@1.0.0 OK for: gcp-metadata@8.1.2 want: ^1.0.0
2882 silly fetch manifest bignumber.js@^9.0.0
2883 silly packumentCache full:https://registry.npmjs.org/bignumber.js cache-miss
2884 http fetch GET 200 https://registry.npmjs.org/bignumber.js 39ms (cache revalidated)
2885 silly packumentCache full:https://registry.npmjs.org/bignumber.js set size:132050 disposed:false
2886 silly placeDep node_modules/openclaw @grammyjs/types@3.25.0 OK for: grammy@1.41.0 want: 3.25.0
2887 silly placeDep node_modules/openclaw inherits@2.0.4 OK for: http-errors@2.0.1 want: ~2.0.4
2888 silly placeDep node_modules/openclaw setprototypeof@1.2.0 OK for: http-errors@2.0.1 want: ~1.2.0
2889 silly placeDep node_modules/openclaw toidentifier@1.0.1 OK for: http-errors@2.0.1 want: ~1.0.1
2890 silly placeDep node_modules/openclaw agent-base@7.1.4 OK for: https-proxy-agent@7.0.6 want: ^7.1.2
2891 silly placeDep node_modules/openclaw safer-buffer@2.1.2 OK for: iconv-lite@0.7.2 want: >= 2.1.2 < 3.0.0
2892 silly placeDep node_modules/openclaw bignumber.js@9.3.1 OK for: json-bigint@1.0.0 want: ^9.0.0
2893 silly placeDep node_modules/openclaw @babel/runtime@7.28.6 OK for: json-schema-to-ts@3.1.1 want: ^7.18.3
2894 silly placeDep node_modules/openclaw ts-algebra@2.0.0 OK for: json-schema-to-ts@3.1.1 want: ^2.0.0
2895 silly placeDep node_modules/openclaw lodash.includes@4.3.0 OK for: jsonwebtoken@9.0.3 want: ^4.3.0
2896 silly placeDep node_modules/openclaw lodash.isboolean@3.0.3 OK for: jsonwebtoken@9.0.3 want: ^3.0.3
2897 silly placeDep node_modules/openclaw lodash.isinteger@4.0.4 OK for: jsonwebtoken@9.0.3 want: ^4.0.4
2898 silly placeDep node_modules/openclaw lodash.isnumber@3.0.3 OK for: jsonwebtoken@9.0.3 want: ^3.0.3
2899 silly placeDep node_modules/openclaw lodash.isplainobject@4.0.6 OK for: jsonwebtoken@9.0.3 want: ^4.0.6
2900 silly placeDep node_modules/openclaw lodash.isstring@4.0.1 OK for: jsonwebtoken@9.0.3 want: ^4.0.1
2901 silly placeDep node_modules/openclaw lodash.once@4.1.1 OK for: jsonwebtoken@9.0.3 want: ^4.0.0
2902 silly placeDep node_modules/openclaw lie@3.3.0 OK for: jszip@3.10.1 want: ~3.3.0
2903 silly placeDep node_modules/openclaw pako@1.0.11 OK for: jszip@3.10.1 want: ~1.0.2
2904 silly placeDep node_modules/openclaw readable-stream@2.3.8 OK for: jszip@3.10.1 want: ~2.3.6
2905 silly placeDep node_modules/openclaw setimmediate@1.0.5 OK for: jszip@3.10.1 want: ^1.0.5
2906 silly fetch manifest immediate@~3.0.5
2907 silly packumentCache full:https://registry.npmjs.org/immediate cache-miss
2908 silly fetch manifest isarray@~1.0.0
2909 silly packumentCache full:https://registry.npmjs.org/isarray cache-miss
2910 silly fetch manifest safe-buffer@~5.1.1
2911 silly packumentCache full:https://registry.npmjs.org/safe-buffer cache-hit
2912 silly fetch manifest core-util-is@~1.0.0
2913 silly packumentCache full:https://registry.npmjs.org/core-util-is cache-miss
2914 silly fetch manifest string_decoder@~1.1.1
2915 silly packumentCache full:https://registry.npmjs.org/string_decoder cache-miss
2916 silly fetch manifest util-deprecate@~1.0.1
2917 silly packumentCache full:https://registry.npmjs.org/util-deprecate cache-miss
2918 silly fetch manifest process-nextick-args@~2.0.0
2919 silly packumentCache full:https://registry.npmjs.org/process-nextick-args cache-miss
2920 http fetch GET 200 https://registry.npmjs.org/isarray 52ms (cache revalidated)
2921 silly packumentCache full:https://registry.npmjs.org/isarray set size:17392 disposed:false
2922 http fetch GET 200 https://registry.npmjs.org/immediate 57ms (cache revalidated)
2923 silly packumentCache full:https://registry.npmjs.org/immediate set size:66460 disposed:false
2924 http fetch GET 200 https://registry.npmjs.org/string_decoder 58ms (cache revalidated)
2925 silly packumentCache full:https://registry.npmjs.org/string_decoder set size:28441 disposed:false
2926 http fetch GET 200 https://registry.npmjs.org/core-util-is 58ms (cache revalidated)
2927 silly packumentCache full:https://registry.npmjs.org/core-util-is set size:7163 disposed:false
2928 http fetch GET 200 https://registry.npmjs.org/process-nextick-args 58ms (cache revalidated)
2929 silly packumentCache full:https://registry.npmjs.org/process-nextick-args set size:15428 disposed:false
2930 http fetch GET 200 https://registry.npmjs.org/util-deprecate 58ms (cache revalidated)
2931 silly packumentCache full:https://registry.npmjs.org/util-deprecate set size:6674 disposed:false
2932 silly placeDep node_modules/openclaw jwa@2.0.1 OK for: jws@4.0.1 want: ^2.0.1
2933 silly fetch manifest buffer-equal-constant-time@^1.0.1
2934 silly packumentCache full:https://registry.npmjs.org/buffer-equal-constant-time cache-miss
2935 http fetch GET 200 https://registry.npmjs.org/buffer-equal-constant-time 45ms (cache revalidated)
2936 silly packumentCache full:https://registry.npmjs.org/buffer-equal-constant-time set size:4390 disposed:false
2937 silly placeDep node_modules/openclaw buffer-equal-constant-time@1.0.1 OK for: jwa@2.0.1 want: ^1.0.1
2938 silly placeDep node_modules/openclaw @keyv/serialize@1.1.1 OK for: keyv@5.6.0 want: ^1.1.1
2939 silly placeDep node_modules/openclaw curve25519-js@0.0.4 OK for: @whiskeysockets/libsignal-node@2.0.1 want: ^0.0.4
2940 silly placeDep node_modules/openclaw/node_modules/libsignal protobufjs@6.8.8 OK for: @whiskeysockets/libsignal-node@2.0.1 want: 6.8.8
2941 silly fetch manifest long@^4.0.0
2942 silly packumentCache full:https://registry.npmjs.org/long cache-hit
2943 silly fetch manifest @types/long@^4.0.0
2944 silly packumentCache full:https://registry.npmjs.org/@types%2flong cache-miss
2945 silly fetch manifest @types/node@^10.1.0
2946 silly packumentCache full:https://registry.npmjs.org/@types%2fnode cache-miss
2947 http cache https://registry.npmjs.org/@types%2fnode 20ms (cache hit)
2948 silly packumentCache full:https://registry.npmjs.org/@types%2fnode set size:10900244 disposed:false
2949 http fetch GET 200 https://registry.npmjs.org/@types%2flong 78ms (cache revalidated)
2950 silly packumentCache full:https://registry.npmjs.org/@types%2flong set size:28711 disposed:false
2951 silly placeDep node_modules/openclaw immediate@3.0.6 OK for: lie@3.3.0 want: ~3.0.5
2952 silly placeDep node_modules/openclaw css-select@5.2.2 OK for: linkedom@0.18.12 want: ^5.1.0
2953 silly placeDep node_modules/openclaw cssom@0.5.0 OK for: linkedom@0.18.12 want: ^0.5.0
2954 silly placeDep node_modules/openclaw html-escaper@3.0.3 OK for: linkedom@0.18.12 want: ^3.0.3
2955 silly placeDep node_modules/openclaw htmlparser2@10.1.0 OK for: linkedom@0.18.12 want: ^10.0.0
2956 silly placeDep node_modules/openclaw uhyphen@0.2.0 OK for: linkedom@0.18.12 want: ^0.2.0
2957 silly fetch manifest boolbase@^1.0.0
2958 silly packumentCache full:https://registry.npmjs.org/boolbase cache-miss
2959 silly fetch manifest css-what@^6.1.0
2960 silly packumentCache full:https://registry.npmjs.org/css-what cache-miss
2961 silly fetch manifest domutils@^3.0.1
2962 silly packumentCache full:https://registry.npmjs.org/domutils cache-miss
2963 silly fetch manifest nth-check@^2.0.1
2964 silly packumentCache full:https://registry.npmjs.org/nth-check cache-miss
2965 silly fetch manifest domhandler@^5.0.2
2966 silly packumentCache full:https://registry.npmjs.org/domhandler cache-miss
2967 silly fetch manifest domutils@^3.2.2
2968 silly packumentCache full:https://registry.npmjs.org/domutils cache-miss
2969 silly fetch manifest entities@^7.0.1
2970 silly packumentCache full:https://registry.npmjs.org/entities cache-hit
2971 silly fetch manifest domhandler@^5.0.3
2972 silly packumentCache full:https://registry.npmjs.org/domhandler cache-miss
2973 silly fetch manifest domelementtype@^2.3.0
2974 silly packumentCache full:https://registry.npmjs.org/domelementtype cache-miss
2975 http fetch GET 200 https://registry.npmjs.org/nth-check 45ms (cache revalidated)
2976 silly packumentCache full:https://registry.npmjs.org/nth-check set size:22973 disposed:false
2977 http fetch GET 200 https://registry.npmjs.org/css-what 46ms (cache revalidated)
2978 silly packumentCache full:https://registry.npmjs.org/css-what set size:79769 disposed:false
2979 http fetch GET 200 https://registry.npmjs.org/domelementtype 47ms (cache revalidated)
2980 silly packumentCache full:https://registry.npmjs.org/domelementtype set size:30945 disposed:false
2981 http fetch GET 200 https://registry.npmjs.org/boolbase 50ms (cache revalidated)
2982 silly packumentCache full:https://registry.npmjs.org/boolbase set size:2451 disposed:false
2983 http fetch GET 200 https://registry.npmjs.org/domutils 50ms (cache revalidated)
2984 silly packumentCache full:https://registry.npmjs.org/domutils set size:102772 disposed:false
2985 http fetch GET 200 https://registry.npmjs.org/domutils 51ms (cache revalidated)
2986 silly packumentCache full:https://registry.npmjs.org/domutils set size:102772 disposed:false
2987 silly packumentCache full:https://registry.npmjs.org/domutils dispose
2988 http fetch GET 200 https://registry.npmjs.org/domhandler 56ms (cache revalidated)
2989 silly packumentCache full:https://registry.npmjs.org/domhandler set size:73300 disposed:false
2990 http fetch GET 200 https://registry.npmjs.org/domhandler 56ms (cache revalidated)
2991 silly packumentCache full:https://registry.npmjs.org/domhandler set size:73300 disposed:false
2992 silly packumentCache full:https://registry.npmjs.org/domhandler dispose
2993 silly placeDep node_modules/openclaw boolbase@1.0.0 OK for: css-select@5.2.2 want: ^1.0.0
2994 silly placeDep node_modules/openclaw css-what@6.2.2 OK for: css-select@5.2.2 want: ^6.1.0
2995 silly placeDep node_modules/openclaw domhandler@5.0.3 OK for: css-select@5.2.2 want: ^5.0.2
2996 silly placeDep node_modules/openclaw domutils@3.2.2 OK for: css-select@5.2.2 want: ^3.0.1
2997 silly placeDep node_modules/openclaw nth-check@2.1.1 OK for: css-select@5.2.2 want: ^2.0.1
2998 silly fetch manifest dom-serializer@^2.0.0
2999 silly packumentCache full:https://registry.npmjs.org/dom-serializer cache-miss
3000 http fetch GET 200 https://registry.npmjs.org/dom-serializer 44ms (cache revalidated)
3001 silly packumentCache full:https://registry.npmjs.org/dom-serializer set size:52161 disposed:false
3002 silly placeDep node_modules/openclaw domelementtype@2.3.0 OK for: domhandler@5.0.3 want: ^2.3.0
3003 silly placeDep node_modules/openclaw dom-serializer@2.0.0 OK for: domutils@3.2.2 want: ^2.0.0
3004 silly fetch manifest entities@^4.2.0
3005 silly packumentCache full:https://registry.npmjs.org/entities cache-hit
3006 silly placeDep node_modules/openclaw entities@4.5.0 OK for: dom-serializer@2.0.0 want: ^4.2.0
3007 silly placeDep node_modules/openclaw/node_modules/htmlparser2 entities@7.0.1 OK for: htmlparser2@10.1.0 want: ^7.0.1
3008 silly placeDep node_modules/openclaw/node_modules/make-dir semver@6.3.1 OK for: make-dir@3.1.0 want: ^6.0.0
3009 silly placeDep node_modules/openclaw argparse@2.0.1 OK for: markdown-it@14.1.1 want: ^2.0.1
3010 silly placeDep node_modules/openclaw linkify-it@5.0.0 OK for: markdown-it@14.1.1 want: ^5.0.0
3011 silly placeDep node_modules/openclaw mdurl@2.0.0 OK for: markdown-it@14.1.1 want: ^2.0.0
3012 silly placeDep node_modules/openclaw punycode.js@2.3.1 OK for: markdown-it@14.1.1 want: ^2.3.1
3013 silly placeDep node_modules/openclaw uc.micro@2.1.0 OK for: markdown-it@14.1.1 want: ^2.1.0
3014 silly fetch manifest uc.micro@^2.0.0
3015 silly packumentCache full:https://registry.npmjs.org/uc.micro cache-hit
3016 silly placeDep node_modules/openclaw mime-db@1.54.0 OK for: mime-types@3.0.2 want: ^1.54.0
3017 silly placeDep node_modules/openclaw brace-expansion@5.0.4 OK for: minimatch@10.2.4 want: ^5.0.2
3018 silly fetch manifest balanced-match@^4.0.2
3019 silly packumentCache full:https://registry.npmjs.org/balanced-match cache-miss
3020 http fetch GET 200 https://registry.npmjs.org/balanced-match 38ms (cache revalidated)
3021 silly packumentCache full:https://registry.npmjs.org/balanced-match set size:39082 disposed:false
3022 silly placeDep node_modules/openclaw balanced-match@4.0.4 OK for: brace-expansion@5.0.4 want: ^4.0.2
3023 silly placeDep node_modules/openclaw @borewit/text-codec@0.2.1 OK for: music-metadata@11.12.1 want: ^0.2.1
3024 silly placeDep node_modules/openclaw @tokenizer/token@0.3.0 OK for: music-metadata@11.12.1 want: ^0.3.0
3025 silly placeDep node_modules/openclaw media-typer@1.1.0 OK for: music-metadata@11.12.1 want: ^1.1.0
3026 silly placeDep node_modules/openclaw win-guid@0.2.1 OK for: music-metadata@11.12.1 want: ^0.2.1
3027 silly placeDep node_modules/openclaw any-promise@1.3.0 OK for: mz@2.7.0 want: ^1.0.0
3028 silly placeDep node_modules/openclaw object-assign@4.1.1 OK for: mz@2.7.0 want: ^4.0.1
3029 silly placeDep node_modules/openclaw thenify-all@1.6.0 OK for: mz@2.7.0 want: ^1.0.0
3030 silly fetch manifest thenify@>= 3.1.0 < 4
3031 silly packumentCache full:https://registry.npmjs.org/thenify cache-miss
3032 http fetch GET 200 https://registry.npmjs.org/thenify 39ms (cache revalidated)
3033 silly packumentCache full:https://registry.npmjs.org/thenify set size:21379 disposed:false
3034 silly placeDep node_modules/openclaw/node_modules/node-edge-tts yargs@17.7.2 OK for: node-edge-tts@1.2.10 want: ^17.7.2
3035 silly fetch manifest cliui@^8.0.1
3036 silly packumentCache full:https://registry.npmjs.org/cliui cache-hit
3037 silly fetch manifest string-width@^4.2.3
3038 silly packumentCache full:https://registry.npmjs.org/string-width cache-hit
3039 silly fetch manifest yargs-parser@^21.1.1
3040 silly packumentCache full:https://registry.npmjs.org/yargs-parser cache-hit
3041 silly placeDep node_modules/openclaw whatwg-url@5.0.0 OK for: node-fetch@2.7.0 want: ^5.0.0
3042 silly fetch manifest tr46@~0.0.3
3043 silly packumentCache full:https://registry.npmjs.org/tr46 cache-miss
3044 silly fetch manifest webidl-conversions@^3.0.0
3045 silly packumentCache full:https://registry.npmjs.org/webidl-conversions cache-miss
3046 http fetch GET 200 https://registry.npmjs.org/webidl-conversions 41ms (cache revalidated)
3047 silly packumentCache full:https://registry.npmjs.org/webidl-conversions set size:46073 disposed:false
3048 http fetch GET 200 https://registry.npmjs.org/tr46 43ms (cache revalidated)
3049 silly packumentCache full:https://registry.npmjs.org/tr46 set size:47377 disposed:false
3050 silly placeDep node_modules/openclaw @huggingface/jinja@0.5.5 OK for: node-llama-cpp@3.16.2 want: ^0.5.5
3051 silly placeDep node_modules/openclaw @node-llama-cpp/linux-arm64@3.16.2 OK for: node-llama-cpp@3.16.2 want: 3.16.2
3052 silly placeDep node_modules/openclaw @node-llama-cpp/linux-armv7l@3.16.2 OK for: node-llama-cpp@3.16.2 want: 3.16.2
3053 silly placeDep node_modules/openclaw @node-llama-cpp/linux-x64@3.16.2 OK for: node-llama-cpp@3.16.2 want: 3.16.2
3054 silly placeDep node_modules/openclaw @node-llama-cpp/linux-x64-cuda@3.16.2 OK for: node-llama-cpp@3.16.2 want: 3.16.2
3055 silly placeDep node_modules/openclaw @node-llama-cpp/linux-x64-cuda-ext@3.16.2 OK for: node-llama-cpp@3.16.2 want: 3.16.2
3056 silly placeDep node_modules/openclaw @node-llama-cpp/linux-x64-vulkan@3.16.2 OK for: node-llama-cpp@3.16.2 want: 3.16.2
3057 silly placeDep node_modules/openclaw @node-llama-cpp/mac-arm64-metal@3.16.2 OK for: node-llama-cpp@3.16.2 want: 3.16.2
3058 silly placeDep node_modules/openclaw @node-llama-cpp/mac-x64@3.16.2 OK for: node-llama-cpp@3.16.2 want: 3.16.2
3059 silly placeDep node_modules/openclaw @node-llama-cpp/win-arm64@3.16.2 OK for: node-llama-cpp@3.16.2 want: 3.16.2
3060 silly placeDep node_modules/openclaw @node-llama-cpp/win-x64@3.16.2 OK for: node-llama-cpp@3.16.2 want: 3.16.2
3061 silly placeDep node_modules/openclaw @node-llama-cpp/win-x64-cuda@3.16.2 OK for: node-llama-cpp@3.16.2 want: 3.16.2
3062 silly placeDep node_modules/openclaw @node-llama-cpp/win-x64-cuda-ext@3.16.2 OK for: node-llama-cpp@3.16.2 want: 3.16.2
3063 silly placeDep node_modules/openclaw @node-llama-cpp/win-x64-vulkan@3.16.2 OK for: node-llama-cpp@3.16.2 want: 3.16.2
3064 silly placeDep node_modules/openclaw async-retry@1.3.3 OK for: node-llama-cpp@3.16.2 want: ^1.3.3
3065 silly placeDep node_modules/openclaw chmodrp@1.0.2 OK for: node-llama-cpp@3.16.2 want: ^1.0.2
3066 silly placeDep node_modules/openclaw cmake-js@8.0.0 OK for: node-llama-cpp@3.16.2 want: ^8.0.0
3067 silly placeDep node_modules/openclaw cross-spawn@7.0.6 OK for: node-llama-cpp@3.16.2 want: ^7.0.6
3068 silly placeDep node_modules/openclaw env-var@7.5.0 OK for: node-llama-cpp@3.16.2 want: ^7.5.0
3069 silly placeDep node_modules/openclaw filenamify@6.0.0 OK for: node-llama-cpp@3.16.2 want: ^6.0.0
3070 silly placeDep node_modules/openclaw fs-extra@11.3.3 OK for: node-llama-cpp@3.16.2 want: ^11.3.0
3071 silly placeDep node_modules/openclaw ipull@3.9.5 OK for: node-llama-cpp@3.16.2 want: ^3.9.5
3072 silly placeDep node_modules/openclaw is-unicode-supported@2.1.0 OK for: node-llama-cpp@3.16.2 want: ^2.1.0
3073 silly placeDep node_modules/openclaw lifecycle-utils@3.1.1 OK for: node-llama-cpp@3.16.2 want: ^3.1.1
3074 silly placeDep node_modules/openclaw log-symbols@7.0.1 OK for: node-llama-cpp@3.16.2 want: ^7.0.1
3075 silly placeDep node_modules/openclaw nanoid@5.1.6 OK for: node-llama-cpp@3.16.2 want: ^5.1.6
3076 silly placeDep node_modules/openclaw octokit@5.0.5 OK for: node-llama-cpp@3.16.2 want: ^5.0.5
3077 silly placeDep node_modules/openclaw ora@9.3.0 OK for: node-llama-cpp@3.16.2 want: ^9.3.0
3078 silly placeDep node_modules/openclaw pretty-ms@9.3.0 OK for: node-llama-cpp@3.16.2 want: ^9.3.0
3079 silly placeDep node_modules/openclaw simple-git@3.32.3 OK for: node-llama-cpp@3.16.2 want: ^3.31.1
3080 silly placeDep node_modules/openclaw slice-ansi@8.0.0 OK for: node-llama-cpp@3.16.2 want: ^8.0.0
3081 silly placeDep node_modules/openclaw stdout-update@4.0.1 OK for: node-llama-cpp@3.16.2 want: ^4.0.1
3082 silly placeDep node_modules/openclaw strip-ansi@7.2.0 OK for: node-llama-cpp@3.16.2 want: ^7.1.2
3083 silly placeDep node_modules/openclaw validate-npm-package-name@7.0.2 OK for: node-llama-cpp@3.16.2 want: ^7.0.2
3084 silly placeDep node_modules/openclaw which@6.0.1 OK for: node-llama-cpp@3.16.2 want: ^6.0.1
3085 silly placeDep node_modules/openclaw/node_modules/node-llama-cpp yargs@17.7.2 OK for: node-llama-cpp@3.16.2 want: ^17.7.2
3086 silly fetch manifest fs-extra@^11.3.3
3087 silly packumentCache full:https://registry.npmjs.org/fs-extra cache-hit
3088 silly fetch manifest node-api-headers@^1.8.0
3089 silly packumentCache full:https://registry.npmjs.org/node-api-headers cache-miss
3090 silly fetch manifest rc@1.2.8
3091 silly packumentCache full:https://registry.npmjs.org/rc cache-miss
3092 silly fetch manifest url-join@^4.0.1
3093 silly packumentCache full:https://registry.npmjs.org/url-join cache-miss
3094 silly fetch manifest which@^6.0.0
3095 silly packumentCache full:https://registry.npmjs.org/which cache-hit
3096 silly fetch manifest which@^2.0.1
3097 silly packumentCache full:https://registry.npmjs.org/which cache-hit
3098 silly fetch manifest path-key@^3.1.0
3099 silly packumentCache full:https://registry.npmjs.org/path-key cache-miss
3100 silly fetch manifest shebang-command@^2.0.0
3101 silly packumentCache full:https://registry.npmjs.org/shebang-command cache-miss
3102 silly fetch manifest filename-reserved-regex@^3.0.0
3103 silly packumentCache full:https://registry.npmjs.org/filename-reserved-regex cache-miss
3104 silly fetch manifest graceful-fs@^4.2.0
3105 silly packumentCache full:https://registry.npmjs.org/graceful-fs cache-hit
3106 silly fetch manifest jsonfile@^6.0.1
3107 silly packumentCache full:https://registry.npmjs.org/jsonfile cache-miss
3108 silly fetch manifest universalify@^2.0.0
3109 silly packumentCache full:https://registry.npmjs.org/universalify cache-miss
3110 silly fetch manifest @tinyhttp/content-disposition@^2.2.0
3111 silly packumentCache full:https://registry.npmjs.org/@tinyhttp%2fcontent-disposition cache-miss
3112 http fetch GET 200 https://registry.npmjs.org/node-api-headers 44ms (cache revalidated)
3113 silly packumentCache full:https://registry.npmjs.org/node-api-headers set size:39978 disposed:false
3114 silly fetch manifest ci-info@^4.0.0
3115 silly packumentCache full:https://registry.npmjs.org/ci-info cache-miss
3116 http fetch GET 200 https://registry.npmjs.org/universalify 42ms (cache revalidated)
3117 silly packumentCache full:https://registry.npmjs.org/universalify set size:19431 disposed:false
3118 silly fetch manifest cli-spinners@^2.9.2
3119 silly packumentCache full:https://registry.npmjs.org/cli-spinners cache-miss
3120 http fetch GET 200 https://registry.npmjs.org/shebang-command 45ms (cache revalidated)
3121 silly packumentCache full:https://registry.npmjs.org/shebang-command set size:8525 disposed:false
3122 silly fetch manifest commander@^10.0.0
3123 silly packumentCache full:https://registry.npmjs.org/commander cache-hit
3124 silly fetch manifest is-unicode-supported@^2.0.0
3125 silly packumentCache full:https://registry.npmjs.org/is-unicode-supported cache-hit
3126 silly fetch manifest lifecycle-utils@^2.0.1
3127 silly packumentCache full:https://registry.npmjs.org/lifecycle-utils cache-hit
3128 silly fetch manifest lodash.debounce@^4.0.8
3129 silly packumentCache full:https://registry.npmjs.org/lodash.debounce cache-miss
3130 http fetch GET 200 https://registry.npmjs.org/jsonfile 45ms (cache revalidated)
3131 silly packumentCache full:https://registry.npmjs.org/jsonfile set size:51505 disposed:false
3132 silly fetch manifest lowdb@^7.0.1
3133 silly packumentCache full:https://registry.npmjs.org/lowdb cache-miss
3134 http fetch GET 200 https://registry.npmjs.org/url-join 46ms (cache revalidated)
3135 silly packumentCache full:https://registry.npmjs.org/url-join set size:22958 disposed:false
3136 silly fetch manifest pretty-bytes@^6.1.0
3137 silly packumentCache full:https://registry.npmjs.org/pretty-bytes cache-miss
3138 http fetch GET 200 https://registry.npmjs.org/rc 53ms (cache revalidated)
3139 silly packumentCache full:https://registry.npmjs.org/rc set size:70417 disposed:false
3140 silly fetch manifest pretty-ms@^8.0.0
3141 silly packumentCache full:https://registry.npmjs.org/pretty-ms cache-hit
3142 silly fetch manifest sleep-promise@^9.1.0
3143 silly packumentCache full:https://registry.npmjs.org/sleep-promise cache-miss
3144 http fetch GET 200 https://registry.npmjs.org/path-key 58ms (cache revalidated)
3145 silly packumentCache full:https://registry.npmjs.org/path-key set size:16975 disposed:false
3146 silly fetch manifest slice-ansi@^7.1.0
3147 silly packumentCache full:https://registry.npmjs.org/slice-ansi cache-hit
3148 silly fetch manifest strip-ansi@^7.1.0
3149 silly packumentCache full:https://registry.npmjs.org/strip-ansi cache-hit
3150 silly fetch manifest @reflink/reflink@^0.1.16
3151 silly packumentCache full:https://registry.npmjs.org/@reflink%2freflink cache-miss
3152 http fetch GET 200 https://registry.npmjs.org/ci-info 41ms (cache revalidated)
3153 silly packumentCache full:https://registry.npmjs.org/ci-info set size:91363 disposed:false
3154 silly fetch manifest @octokit/app@^16.1.2
3155 silly packumentCache full:https://registry.npmjs.org/@octokit%2fapp cache-miss
3156 http fetch GET 200 https://registry.npmjs.org/lodash.debounce 41ms (cache revalidated)
3157 silly packumentCache full:https://registry.npmjs.org/lodash.debounce set size:44123 disposed:false
3158 silly fetch manifest @octokit/core@^7.0.6
3159 silly packumentCache full:https://registry.npmjs.org/@octokit%2fcore cache-miss
3160 http fetch GET 200 https://registry.npmjs.org/pretty-bytes 41ms (cache revalidated)
3161 silly packumentCache full:https://registry.npmjs.org/pretty-bytes set size:64558 disposed:false
3162 silly fetch manifest @octokit/oauth-app@^8.0.3
3163 silly packumentCache full:https://registry.npmjs.org/@octokit%2foauth-app cache-miss
3164 http fetch GET 200 https://registry.npmjs.org/cli-spinners 47ms (cache revalidated)
3165 silly packumentCache full:https://registry.npmjs.org/cli-spinners set size:67473 disposed:false
3166 silly fetch manifest @octokit/plugin-paginate-graphql@^6.0.0
3167 silly packumentCache full:https://registry.npmjs.org/@octokit%2fplugin-paginate-graphql cache-miss
3168 http fetch GET 200 https://registry.npmjs.org/sleep-promise 40ms (cache revalidated)
3169 silly packumentCache full:https://registry.npmjs.org/sleep-promise set size:52821 disposed:false
3170 silly fetch manifest @octokit/plugin-paginate-rest@^14.0.0
3171 silly packumentCache full:https://registry.npmjs.org/@octokit%2fplugin-paginate-rest cache-miss
3172 http fetch GET 200 https://registry.npmjs.org/lowdb 317ms (cache revalidated)
3173 silly packumentCache full:https://registry.npmjs.org/lowdb set size:183709 disposed:false
3174 silly fetch manifest @octokit/plugin-rest-endpoint-methods@^17.0.0
3175 silly packumentCache full:https://registry.npmjs.org/@octokit%2fplugin-rest-endpoint-methods cache-miss
3176 http fetch GET 200 https://registry.npmjs.org/@reflink%2freflink 348ms (cache revalidated)
3177 silly packumentCache full:https://registry.npmjs.org/@reflink%2freflink set size:55461 disposed:false
3178 silly fetch manifest @octokit/plugin-retry@^8.0.3
3179 silly packumentCache full:https://registry.npmjs.org/@octokit%2fplugin-retry cache-miss
3180 http fetch GET 200 https://registry.npmjs.org/@octokit%2foauth-app 364ms (cache revalidated)
3181 silly packumentCache full:https://registry.npmjs.org/@octokit%2foauth-app set size:257851 disposed:false
3182 silly fetch manifest @octokit/plugin-throttling@^11.0.3
3183 silly packumentCache full:https://registry.npmjs.org/@octokit%2fplugin-throttling cache-miss
3184 http fetch GET 200 https://registry.npmjs.org/@octokit%2fplugin-paginate-rest 475ms (cache revalidated)
3185 silly packumentCache full:https://registry.npmjs.org/@octokit%2fplugin-paginate-rest set size:383183 disposed:false
3186 silly fetch manifest @octokit/request-error@^7.0.2
3187 silly packumentCache full:https://registry.npmjs.org/@octokit%2frequest-error cache-miss
3188 http fetch GET 200 https://registry.npmjs.org/@octokit%2fapp 502ms (cache revalidated)
3189 silly packumentCache full:https://registry.npmjs.org/@octokit%2fapp set size:305555 disposed:false
3190 silly fetch manifest @octokit/types@^16.0.0
3191 silly packumentCache full:https://registry.npmjs.org/@octokit%2ftypes cache-miss
3192 http fetch GET 200 https://registry.npmjs.org/@octokit%2fcore 574ms (cache revalidated)
3193 silly packumentCache full:https://registry.npmjs.org/@octokit%2fcore set size:274435 disposed:false
3194 silly fetch manifest @octokit/webhooks@^14.0.0
3195 silly packumentCache full:https://registry.npmjs.org/@octokit%2fwebhooks cache-miss
3196 http fetch GET 200 https://registry.npmjs.org/@octokit%2fplugin-rest-endpoint-methods 338ms (cache revalidated)
3197 silly packumentCache full:https://registry.npmjs.org/@octokit%2fplugin-rest-endpoint-methods set size:693469 disposed:false
3198 silly fetch manifest cli-cursor@^5.0.0
3199 silly packumentCache full:https://registry.npmjs.org/cli-cursor cache-miss
3200 http fetch GET 200 https://registry.npmjs.org/cli-cursor 55ms (cache revalidated)
3201 silly packumentCache full:https://registry.npmjs.org/cli-cursor set size:18913 disposed:false
3202 silly fetch manifest cli-spinners@^3.2.0
3203 silly packumentCache full:https://registry.npmjs.org/cli-spinners cache-hit
3204 silly fetch manifest is-interactive@^2.0.0
3205 silly packumentCache full:https://registry.npmjs.org/is-interactive cache-miss
3206 http fetch GET 200 https://registry.npmjs.org/@octokit%2fplugin-throttling 330ms (cache revalidated)
3207 silly packumentCache full:https://registry.npmjs.org/@octokit%2fplugin-throttling set size:235138 disposed:false
3208 silly fetch manifest stdin-discarder@^0.3.1
3209 silly packumentCache full:https://registry.npmjs.org/stdin-discarder cache-miss
3210 http fetch GET 200 https://registry.npmjs.org/is-interactive 53ms (cache revalidated)
3211 silly packumentCache full:https://registry.npmjs.org/is-interactive set size:10692 disposed:false
3212 silly fetch manifest string-width@^8.1.0
3213 silly packumentCache full:https://registry.npmjs.org/string-width cache-hit
3214 silly fetch manifest parse-ms@^4.0.0
3215 silly packumentCache full:https://registry.npmjs.org/parse-ms cache-miss
3216 http fetch GET 200 https://registry.npmjs.org/stdin-discarder 43ms (cache revalidated)
3217 silly packumentCache full:https://registry.npmjs.org/stdin-discarder set size:13423 disposed:false
3218 silly fetch manifest @kwsites/file-exists@^1.1.1
3219 silly packumentCache full:https://registry.npmjs.org/@kwsites%2ffile-exists cache-miss
3220 http fetch GET 200 https://registry.npmjs.org/filename-reserved-regex 838ms (cache revalidated)
3221 silly packumentCache full:https://registry.npmjs.org/filename-reserved-regex set size:9832 disposed:false
3222 silly fetch manifest @kwsites/promise-deferred@^1.1.1
3223 silly packumentCache full:https://registry.npmjs.org/@kwsites%2fpromise-deferred cache-miss
3224 http fetch GET 200 https://registry.npmjs.org/@tinyhttp%2fcontent-disposition 845ms (cache revalidated)
3225 silly packumentCache full:https://registry.npmjs.org/@tinyhttp%2fcontent-disposition set size:110052 disposed:false
3226 silly fetch manifest ansi-styles@^6.2.3
3227 silly packumentCache full:https://registry.npmjs.org/ansi-styles cache-hit
3228 silly fetch manifest is-fullwidth-code-point@^5.1.0
3229 silly packumentCache full:https://registry.npmjs.org/is-fullwidth-code-point cache-miss
3230 http fetch GET 200 https://registry.npmjs.org/@kwsites%2fpromise-deferred 57ms (cache revalidated)
3231 silly packumentCache full:https://registry.npmjs.org/@kwsites%2fpromise-deferred set size:18336 disposed:false
3232 silly fetch manifest ansi-escapes@^6.2.0
3233 silly packumentCache full:https://registry.npmjs.org/ansi-escapes cache-miss
3234 http fetch GET 200 https://registry.npmjs.org/@kwsites%2ffile-exists 70ms (cache revalidated)
3235 silly packumentCache full:https://registry.npmjs.org/@kwsites%2ffile-exists set size:10491 disposed:false
3236 silly fetch manifest ansi-styles@^6.2.1
3237 silly packumentCache full:https://registry.npmjs.org/ansi-styles cache-hit
3238 silly fetch manifest string-width@^7.1.0
3239 silly packumentCache full:https://registry.npmjs.org/string-width cache-hit
3240 silly fetch manifest ansi-regex@^6.2.2
3241 silly packumentCache full:https://registry.npmjs.org/ansi-regex cache-miss
3242 http fetch GET 200 https://registry.npmjs.org/is-fullwidth-code-point 60ms (cache revalidated)
3243 silly packumentCache full:https://registry.npmjs.org/is-fullwidth-code-point set size:14578 disposed:false
3244 silly fetch manifest isexe@^4.0.0
3245 silly packumentCache full:https://registry.npmjs.org/isexe cache-miss
3246 http fetch GET 200 https://registry.npmjs.org/@octokit%2fplugin-paginate-graphql 830ms (cache revalidated)
3247 silly packumentCache full:https://registry.npmjs.org/@octokit%2fplugin-paginate-graphql set size:56903 disposed:false
3248 http fetch GET 200 https://registry.npmjs.org/@octokit%2ftypes 341ms (cache revalidated)
3249 silly packumentCache full:https://registry.npmjs.org/@octokit%2ftypes set size:675487 disposed:false
3250 http fetch GET 200 https://registry.npmjs.org/ansi-escapes 45ms (cache revalidated)
3251 silly packumentCache full:https://registry.npmjs.org/ansi-escapes set size:70915 disposed:false
3252 http fetch GET 200 https://registry.npmjs.org/ansi-regex 45ms (cache revalidated)
3253 silly packumentCache full:https://registry.npmjs.org/ansi-regex set size:43572 disposed:false
3254 http fetch GET 200 https://registry.npmjs.org/isexe 74ms (cache revalidated)
3255 silly packumentCache full:https://registry.npmjs.org/isexe set size:31756 disposed:false
3256 http fetch GET 200 https://registry.npmjs.org/@octokit%2fwebhooks 335ms (cache revalidated)
3257 silly packumentCache full:https://registry.npmjs.org/@octokit%2fwebhooks set size:905579 disposed:false
3258 http fetch GET 200 https://registry.npmjs.org/parse-ms 303ms (cache revalidated)
3259 silly packumentCache full:https://registry.npmjs.org/parse-ms set size:18020 disposed:false
3260 http fetch GET 200 https://registry.npmjs.org/@octokit%2frequest-error 574ms (cache revalidated)
3261 silly packumentCache full:https://registry.npmjs.org/@octokit%2frequest-error set size:128798 disposed:false
3262 http fetch GET 200 https://registry.npmjs.org/@octokit%2fplugin-retry 871ms (cache revalidated)
3263 silly packumentCache full:https://registry.npmjs.org/@octokit%2fplugin-retry set size:137843 disposed:false
3264 silly placeDep node_modules/openclaw node-api-headers@1.8.0 OK for: cmake-js@8.0.0 want: ^1.8.0
3265 silly placeDep node_modules/openclaw rc@1.2.8 OK for: cmake-js@8.0.0 want: 1.2.8
3266 silly placeDep node_modules/openclaw url-join@4.0.1 OK for: cmake-js@8.0.0 want: ^4.0.1
3267 silly placeDep node_modules/openclaw/node_modules/cmake-js yargs@17.7.2 OK for: cmake-js@8.0.0 want: ^17.7.2
3268 silly fetch manifest ini@~1.3.0
3269 silly packumentCache full:https://registry.npmjs.org/ini cache-miss
3270 silly fetch manifest minimist@^1.2.0
3271 silly packumentCache full:https://registry.npmjs.org/minimist cache-miss
3272 silly fetch manifest deep-extend@^0.6.0
3273 silly packumentCache full:https://registry.npmjs.org/deep-extend cache-miss
3274 silly fetch manifest strip-json-comments@~2.0.1
3275 silly packumentCache full:https://registry.npmjs.org/strip-json-comments cache-miss
3276 http fetch GET 200 https://registry.npmjs.org/deep-extend 55ms (cache revalidated)
3277 silly packumentCache full:https://registry.npmjs.org/deep-extend set size:34472 disposed:false
3278 http fetch GET 200 https://registry.npmjs.org/strip-json-comments 56ms (cache revalidated)
3279 silly packumentCache full:https://registry.npmjs.org/strip-json-comments set size:43569 disposed:false
3280 http fetch GET 200 https://registry.npmjs.org/ini 58ms (cache revalidated)
3281 silly packumentCache full:https://registry.npmjs.org/ini set size:57019 disposed:false
3282 http fetch GET 200 https://registry.npmjs.org/minimist 58ms (cache revalidated)
3283 silly packumentCache full:https://registry.npmjs.org/minimist set size:77082 disposed:false
3284 silly placeDep node_modules/openclaw path-key@3.1.1 OK for: cross-spawn@7.0.6 want: ^3.1.0
3285 silly placeDep node_modules/openclaw shebang-command@2.0.0 OK for: cross-spawn@7.0.6 want: ^2.0.0
3286 silly placeDep node_modules/openclaw/node_modules/cross-spawn which@2.0.2 OK for: cross-spawn@7.0.6 want: ^2.0.1
3287 silly fetch manifest shebang-regex@^3.0.0
3288 silly packumentCache full:https://registry.npmjs.org/shebang-regex cache-miss
3289 silly fetch manifest isexe@^2.0.0
3290 silly packumentCache full:https://registry.npmjs.org/isexe cache-hit
3291 http fetch GET 200 https://registry.npmjs.org/shebang-regex 52ms (cache revalidated)
3292 silly packumentCache full:https://registry.npmjs.org/shebang-regex set size:9763 disposed:false
3293 silly placeDep node_modules/openclaw filename-reserved-regex@3.0.0 OK for: filenamify@6.0.0 want: ^3.0.0
3294 silly placeDep node_modules/openclaw graceful-fs@4.2.11 OK for: fs-extra@11.3.3 want: ^4.2.0
3295 silly placeDep node_modules/openclaw jsonfile@6.2.0 OK for: fs-extra@11.3.3 want: ^6.0.1
3296 silly placeDep node_modules/openclaw universalify@2.0.1 OK for: fs-extra@11.3.3 want: ^2.0.0
3297 silly placeDep node_modules/openclaw @reflink/reflink@0.1.19 OK for: ipull@3.9.5 want: ^0.1.16
3298 silly placeDep node_modules/openclaw @tinyhttp/content-disposition@2.2.4 OK for: ipull@3.9.5 want: ^2.2.0
3299 silly placeDep node_modules/openclaw ci-info@4.4.0 OK for: ipull@3.9.5 want: ^4.0.0
3300 silly placeDep node_modules/openclaw cli-spinners@2.9.2 OK for: ipull@3.9.5 want: ^2.9.2
3301 silly placeDep node_modules/openclaw/node_modules/ipull commander@10.0.1 OK for: ipull@3.9.5 want: ^10.0.0
3302 silly placeDep node_modules/openclaw/node_modules/ipull lifecycle-utils@2.1.0 OK for: ipull@3.9.5 want: ^2.0.1
3303 silly placeDep node_modules/openclaw lodash.debounce@4.0.8 OK for: ipull@3.9.5 want: ^4.0.8
3304 silly placeDep node_modules/openclaw lowdb@7.0.1 OK for: ipull@3.9.5 want: ^7.0.1
3305 silly placeDep node_modules/openclaw pretty-bytes@6.1.1 OK for: ipull@3.9.5 want: ^6.1.0
3306 silly placeDep node_modules/openclaw/node_modules/ipull pretty-ms@8.0.0 OK for: ipull@3.9.5 want: ^8.0.0
3307 silly placeDep node_modules/openclaw sleep-promise@9.1.0 OK for: ipull@3.9.5 want: ^9.1.0
3308 silly placeDep node_modules/openclaw/node_modules/ipull slice-ansi@7.1.2 OK for: ipull@3.9.5 want: ^7.1.0
3309 silly fetch manifest @reflink/reflink-win32-x64-msvc@0.1.19
3310 silly packumentCache full:https://registry.npmjs.org/@reflink%2freflink-win32-x64-msvc cache-miss
3311 silly fetch manifest @reflink/reflink-darwin-x64@0.1.19
3312 silly packumentCache full:https://registry.npmjs.org/@reflink%2freflink-darwin-x64 cache-miss
3313 silly fetch manifest @reflink/reflink-linux-x64-gnu@0.1.19
3314 silly packumentCache full:https://registry.npmjs.org/@reflink%2freflink-linux-x64-gnu cache-miss
3315 silly fetch manifest @reflink/reflink-darwin-arm64@0.1.19
3316 silly packumentCache full:https://registry.npmjs.org/@reflink%2freflink-darwin-arm64 cache-miss
3317 silly fetch manifest @reflink/reflink-linux-arm64-gnu@0.1.19
3318 silly packumentCache full:https://registry.npmjs.org/@reflink%2freflink-linux-arm64-gnu cache-miss
3319 silly fetch manifest @reflink/reflink-linux-arm64-musl@0.1.19
3320 silly packumentCache full:https://registry.npmjs.org/@reflink%2freflink-linux-arm64-musl cache-miss
3321 silly fetch manifest @reflink/reflink-win32-arm64-msvc@0.1.19
3322 silly packumentCache full:https://registry.npmjs.org/@reflink%2freflink-win32-arm64-msvc cache-miss
3323 silly fetch manifest @reflink/reflink-linux-x64-musl@0.1.19
3324 silly packumentCache full:https://registry.npmjs.org/@reflink%2freflink-linux-x64-musl cache-miss
3325 silly fetch manifest steno@^4.0.2
3326 silly packumentCache full:https://registry.npmjs.org/steno cache-miss
3327 http fetch GET 200 https://registry.npmjs.org/steno 55ms (cache revalidated)
3328 silly packumentCache full:https://registry.npmjs.org/steno set size:47413 disposed:false
3329 silly fetch manifest parse-ms@^3.0.0
3330 silly packumentCache full:https://registry.npmjs.org/parse-ms cache-hit
3331 silly fetch manifest is-fullwidth-code-point@^5.0.0
3332 silly packumentCache full:https://registry.npmjs.org/is-fullwidth-code-point cache-hit
3333 http fetch GET 200 https://registry.npmjs.org/@reflink%2freflink-linux-arm64-musl 278ms (cache revalidated)
3334 silly packumentCache full:https://registry.npmjs.org/@reflink%2freflink-linux-arm64-musl set size:32614 disposed:false
3335 http fetch GET 200 https://registry.npmjs.org/@reflink%2freflink-linux-x64-musl 338ms (cache revalidated)
3336 silly packumentCache full:https://registry.npmjs.org/@reflink%2freflink-linux-x64-musl set size:32247 disposed:false
3337 http fetch GET 200 https://registry.npmjs.org/@reflink%2freflink-linux-arm64-gnu 513ms (cache revalidated)
3338 silly packumentCache full:https://registry.npmjs.org/@reflink%2freflink-linux-arm64-gnu set size:32449 disposed:false
3339 http fetch GET 200 https://registry.npmjs.org/@reflink%2freflink-win32-x64-msvc 518ms (cache revalidated)
3340 silly packumentCache full:https://registry.npmjs.org/@reflink%2freflink-win32-x64-msvc set size:31873 disposed:false
3341 http fetch GET 200 https://registry.npmjs.org/@reflink%2freflink-linux-x64-gnu 532ms (cache revalidated)
3342 silly packumentCache full:https://registry.npmjs.org/@reflink%2freflink-linux-x64-gnu set size:32091 disposed:false
3343 http fetch GET 200 https://registry.npmjs.org/@reflink%2freflink-darwin-arm64 537ms (cache revalidated)
3344 silly packumentCache full:https://registry.npmjs.org/@reflink%2freflink-darwin-arm64 set size:31586 disposed:false
3345 http fetch GET 200 https://registry.npmjs.org/@reflink%2freflink-darwin-x64 545ms (cache revalidated)
3346 silly packumentCache full:https://registry.npmjs.org/@reflink%2freflink-darwin-x64 set size:26296 disposed:false
3347 http fetch GET 200 https://registry.npmjs.org/@reflink%2freflink-win32-arm64-msvc 878ms (cache revalidated)
3348 silly packumentCache full:https://registry.npmjs.org/@reflink%2freflink-win32-arm64-msvc set size:32245 disposed:false
3349 silly placeDep node_modules/openclaw @reflink/reflink-darwin-arm64@0.1.19 OK for: @reflink/reflink@0.1.19 want: 0.1.19
3350 silly placeDep node_modules/openclaw @reflink/reflink-darwin-x64@0.1.19 OK for: @reflink/reflink@0.1.19 want: 0.1.19
3351 silly placeDep node_modules/openclaw @reflink/reflink-linux-arm64-gnu@0.1.19 OK for: @reflink/reflink@0.1.19 want: 0.1.19
3352 silly placeDep node_modules/openclaw @reflink/reflink-linux-arm64-musl@0.1.19 OK for: @reflink/reflink@0.1.19 want: 0.1.19
3353 silly placeDep node_modules/openclaw @reflink/reflink-linux-x64-gnu@0.1.19 OK for: @reflink/reflink@0.1.19 want: 0.1.19
3354 silly placeDep node_modules/openclaw @reflink/reflink-linux-x64-musl@0.1.19 OK for: @reflink/reflink@0.1.19 want: 0.1.19
3355 silly placeDep node_modules/openclaw @reflink/reflink-win32-arm64-msvc@0.1.19 OK for: @reflink/reflink@0.1.19 want: 0.1.19
3356 silly placeDep node_modules/openclaw @reflink/reflink-win32-x64-msvc@0.1.19 OK for: @reflink/reflink@0.1.19 want: 0.1.19
3357 silly placeDep node_modules/openclaw steno@4.0.2 OK for: lowdb@7.0.1 want: ^4.0.2
3358 silly placeDep node_modules/openclaw abbrev@1.1.1 OK for: nopt@5.0.0 want: 1
3359 silly placeDep node_modules/openclaw are-we-there-yet@2.0.0 OK for: npmlog@5.0.1 want: ^2.0.0
3360 silly placeDep node_modules/openclaw console-control-strings@1.1.0 OK for: npmlog@5.0.1 want: ^1.1.0
3361 silly placeDep node_modules/openclaw gauge@3.0.2 OK for: npmlog@5.0.1 want: ^3.0.0
3362 silly placeDep node_modules/openclaw set-blocking@2.0.0 OK for: npmlog@5.0.1 want: ^2.0.0
3363 silly fetch manifest delegates@^1.0.0
3364 silly packumentCache full:https://registry.npmjs.org/delegates cache-miss
3365 silly fetch manifest readable-stream@^3.6.0
3366 silly packumentCache full:https://registry.npmjs.org/readable-stream cache-hit
3367 silly fetch manifest aproba@^1.0.3 || ^2.0.0
3368 silly packumentCache full:https://registry.npmjs.org/aproba cache-miss
3369 silly fetch manifest strip-ansi@^6.0.1
3370 silly packumentCache full:https://registry.npmjs.org/strip-ansi cache-hit
3371 silly fetch manifest wide-align@^1.1.2
3372 silly packumentCache full:https://registry.npmjs.org/wide-align cache-miss
3373 silly fetch manifest has-unicode@^2.0.1
3374 silly packumentCache full:https://registry.npmjs.org/has-unicode cache-miss
3375 silly fetch manifest signal-exit@^3.0.0
3376 silly packumentCache full:https://registry.npmjs.org/signal-exit cache-hit
3377 silly fetch manifest color-support@^1.1.2
3378 silly packumentCache full:https://registry.npmjs.org/color-support cache-miss
3379 http fetch GET 200 https://registry.npmjs.org/has-unicode 52ms (cache revalidated)
3380 silly packumentCache full:https://registry.npmjs.org/has-unicode set size:7567 disposed:false
3381 http fetch GET 200 https://registry.npmjs.org/wide-align 54ms (cache revalidated)
3382 silly packumentCache full:https://registry.npmjs.org/wide-align set size:16598 disposed:false
3383 http fetch GET 200 https://registry.npmjs.org/delegates 55ms (cache revalidated)
3384 silly packumentCache full:https://registry.npmjs.org/delegates set size:8916 disposed:false
3385 http fetch GET 200 https://registry.npmjs.org/aproba 56ms (cache revalidated)
3386 silly packumentCache full:https://registry.npmjs.org/aproba set size:20300 disposed:false
3387 http fetch GET 200 https://registry.npmjs.org/color-support 60ms (cache revalidated)
3388 silly packumentCache full:https://registry.npmjs.org/color-support set size:13824 disposed:false
3389 silly placeDep node_modules/openclaw delegates@1.0.0 OK for: are-we-there-yet@2.0.0 want: ^1.0.0
3390 silly placeDep node_modules/openclaw/node_modules/are-we-there-yet readable-stream@3.6.2 OK for: are-we-there-yet@2.0.0 want: ^3.6.0
3391 silly fetch manifest string_decoder@^1.1.1
3392 silly packumentCache full:https://registry.npmjs.org/string_decoder cache-hit
3393 silly fetch manifest util-deprecate@^1.0.1
3394 silly packumentCache full:https://registry.npmjs.org/util-deprecate cache-hit
3395 silly placeDep node_modules/openclaw aproba@2.1.0 OK for: gauge@3.0.2 want: ^1.0.3 || ^2.0.0
3396 silly placeDep node_modules/openclaw color-support@1.1.3 OK for: gauge@3.0.2 want: ^1.1.2
3397 silly placeDep node_modules/openclaw has-unicode@2.0.1 OK for: gauge@3.0.2 want: ^2.0.1
3398 silly placeDep node_modules/openclaw signal-exit@3.0.7 OK for: gauge@3.0.2 want: ^3.0.0
3399 silly placeDep node_modules/openclaw string-width@4.2.3 OK for: gauge@3.0.2 want: ^4.2.3
3400 silly placeDep node_modules/openclaw/node_modules/gauge strip-ansi@6.0.1 OK for: gauge@3.0.2 want: ^6.0.1
3401 silly placeDep node_modules/openclaw wide-align@1.1.5 OK for: gauge@3.0.2 want: ^1.1.2
3402 silly fetch manifest emoji-regex@^8.0.0
3403 silly packumentCache full:https://registry.npmjs.org/emoji-regex cache-miss
3404 silly fetch manifest is-fullwidth-code-point@^3.0.0
3405 silly packumentCache full:https://registry.npmjs.org/is-fullwidth-code-point cache-hit
3406 silly fetch manifest ansi-regex@^5.0.1
3407 silly packumentCache full:https://registry.npmjs.org/ansi-regex cache-hit
3408 http fetch GET 200 https://registry.npmjs.org/emoji-regex 47ms (cache revalidated)
3409 silly packumentCache full:https://registry.npmjs.org/emoji-regex set size:89088 disposed:false
3410 silly placeDep node_modules/openclaw @octokit/app@16.1.2 OK for: octokit@5.0.5 want: ^16.1.2
3411 silly placeDep node_modules/openclaw @octokit/core@7.0.6 OK for: octokit@5.0.5 want: ^7.0.6
3412 silly placeDep node_modules/openclaw @octokit/oauth-app@8.0.3 OK for: octokit@5.0.5 want: ^8.0.3
3413 silly placeDep node_modules/openclaw @octokit/plugin-paginate-graphql@6.0.0 OK for: octokit@5.0.5 want: ^6.0.0
3414 silly placeDep node_modules/openclaw @octokit/plugin-paginate-rest@14.0.0 OK for: octokit@5.0.5 want: ^14.0.0
3415 silly placeDep node_modules/openclaw @octokit/plugin-rest-endpoint-methods@17.0.0 OK for: octokit@5.0.5 want: ^17.0.0
3416 silly placeDep node_modules/openclaw @octokit/plugin-retry@8.1.0 OK for: octokit@5.0.5 want: ^8.0.3
3417 silly placeDep node_modules/openclaw @octokit/plugin-throttling@11.0.3 OK for: octokit@5.0.5 want: ^11.0.3
3418 silly placeDep node_modules/openclaw @octokit/request-error@7.1.0 OK for: octokit@5.0.5 want: ^7.0.2
3419 silly placeDep node_modules/openclaw @octokit/types@16.0.0 OK for: octokit@5.0.5 want: ^16.0.0
3420 silly placeDep node_modules/openclaw @octokit/webhooks@14.2.0 OK for: octokit@5.0.5 want: ^14.0.0
3421 silly fetch manifest @octokit/auth-app@^8.1.2
3422 silly packumentCache full:https://registry.npmjs.org/@octokit%2fauth-app cache-miss
3423 silly fetch manifest @octokit/auth-unauthenticated@^7.0.3
3424 silly packumentCache full:https://registry.npmjs.org/@octokit%2fauth-unauthenticated cache-miss
3425 silly fetch manifest @octokit/auth-token@^6.0.0
3426 silly packumentCache full:https://registry.npmjs.org/@octokit%2fauth-token cache-miss
3427 silly fetch manifest @octokit/graphql@^9.0.3
3428 silly packumentCache full:https://registry.npmjs.org/@octokit%2fgraphql cache-miss
3429 silly fetch manifest @octokit/request@^10.0.6
3430 silly packumentCache full:https://registry.npmjs.org/@octokit%2frequest cache-miss
3431 silly fetch manifest before-after-hook@^4.0.0
3432 silly packumentCache full:https://registry.npmjs.org/before-after-hook cache-miss
3433 silly fetch manifest universal-user-agent@^7.0.0
3434 silly packumentCache full:https://registry.npmjs.org/universal-user-agent cache-miss
3435 silly fetch manifest @octokit/auth-oauth-app@^9.0.2
3436 silly packumentCache full:https://registry.npmjs.org/@octokit%2fauth-oauth-app cache-miss
3437 silly fetch manifest @octokit/auth-oauth-user@^6.0.1
3438 silly packumentCache full:https://registry.npmjs.org/@octokit%2fauth-oauth-user cache-miss
3439 http fetch GET 200 https://registry.npmjs.org/universal-user-agent 51ms (cache revalidated)
3440 silly packumentCache full:https://registry.npmjs.org/universal-user-agent set size:44336 disposed:false
3441 silly fetch manifest @octokit/auth-unauthenticated@^7.0.2
3442 silly packumentCache full:https://registry.npmjs.org/@octokit%2fauth-unauthenticated cache-miss
3443 http fetch GET 200 https://registry.npmjs.org/before-after-hook 59ms (cache revalidated)
3444 silly packumentCache full:https://registry.npmjs.org/before-after-hook set size:82843 disposed:false
3445 silly fetch manifest @octokit/oauth-authorization-url@^8.0.0
3446 silly packumentCache full:https://registry.npmjs.org/@octokit%2foauth-authorization-url cache-miss
3447 http fetch GET 200 https://registry.npmjs.org/@octokit%2fgraphql 257ms (cache revalidated)
3448 silly packumentCache full:https://registry.npmjs.org/@octokit%2fgraphql set size:207658 disposed:false
3449 silly fetch manifest @octokit/oauth-methods@^6.0.1
3450 silly packumentCache full:https://registry.npmjs.org/@octokit%2foauth-methods cache-miss
3451 http fetch GET 200 https://registry.npmjs.org/@octokit%2fauth-oauth-app 282ms (cache revalidated)
3452 silly packumentCache full:https://registry.npmjs.org/@octokit%2fauth-oauth-app set size:216230 disposed:false
3453 silly fetch manifest @types/aws-lambda@^8.10.83
3454 silly packumentCache full:https://registry.npmjs.org/@types%2faws-lambda cache-miss
3455 http fetch GET 200 https://registry.npmjs.org/@octokit%2fauth-unauthenticated 234ms (cache revalidated)
3456 silly packumentCache full:https://registry.npmjs.org/@octokit%2fauth-unauthenticated set size:87581 disposed:false
3457 silly fetch manifest @octokit/openapi-types@^27.0.0
3458 silly packumentCache full:https://registry.npmjs.org/@octokit%2fopenapi-types cache-miss
3459 http fetch GET 200 https://registry.npmjs.org/@octokit%2frequest 295ms (cache revalidated)
3460 silly packumentCache full:https://registry.npmjs.org/@octokit%2frequest set size:391172 disposed:false
3461 silly fetch manifest @octokit/openapi-webhooks-types@12.1.0
3462 silly packumentCache full:https://registry.npmjs.org/@octokit%2fopenapi-webhooks-types cache-miss
3463 http fetch GET 200 https://registry.npmjs.org/@octokit%2fauth-oauth-user 306ms (cache revalidated)
3464 silly packumentCache full:https://registry.npmjs.org/@octokit%2fauth-oauth-user set size:130059 disposed:false
3465 silly fetch manifest @octokit/webhooks-methods@^6.0.0
3466 silly packumentCache full:https://registry.npmjs.org/@octokit%2fwebhooks-methods cache-miss
3467 http fetch GET 200 https://registry.npmjs.org/@types%2faws-lambda 67ms (cache revalidated)
3468 silly packumentCache full:https://registry.npmjs.org/@types%2faws-lambda set size:932322 disposed:false
3469 http fetch GET 200 https://registry.npmjs.org/@octokit%2fauth-unauthenticated 508ms (cache revalidated)
3470 silly packumentCache full:https://registry.npmjs.org/@octokit%2fauth-unauthenticated set size:87581 disposed:false
3471 silly packumentCache full:https://registry.npmjs.org/@octokit%2fauth-unauthenticated dispose
3472 http fetch GET 200 https://registry.npmjs.org/@octokit%2fauth-token 530ms (cache revalidated)
3473 silly packumentCache full:https://registry.npmjs.org/@octokit%2fauth-token set size:84029 disposed:false
3474 http fetch GET 200 https://registry.npmjs.org/@octokit%2fwebhooks-methods 349ms (cache revalidated)
3475 silly packumentCache full:https://registry.npmjs.org/@octokit%2fwebhooks-methods set size:52275 disposed:false
3476 http fetch GET 200 https://registry.npmjs.org/@octokit%2fopenapi-webhooks-types 363ms (cache revalidated)
3477 silly packumentCache full:https://registry.npmjs.org/@octokit%2fopenapi-webhooks-types set size:66862 disposed:false
3478 http fetch GET 200 https://registry.npmjs.org/@octokit%2foauth-authorization-url 616ms (cache revalidated)
3479 silly packumentCache full:https://registry.npmjs.org/@octokit%2foauth-authorization-url set size:67165 disposed:false
3480 http fetch GET 200 https://registry.npmjs.org/@octokit%2fauth-app 768ms (cache revalidated)
3481 silly packumentCache full:https://registry.npmjs.org/@octokit%2fauth-app set size:366893 disposed:false
3482 http fetch GET 200 https://registry.npmjs.org/@octokit%2fopenapi-types 528ms (cache revalidated)
3483 silly packumentCache full:https://registry.npmjs.org/@octokit%2fopenapi-types set size:395871 disposed:false
3484 http fetch GET 200 https://registry.npmjs.org/@octokit%2foauth-methods 1223ms (cache revalidated)
3485 silly packumentCache full:https://registry.npmjs.org/@octokit%2foauth-methods set size:140528 disposed:false
3486 silly placeDep node_modules/openclaw @octokit/auth-app@8.2.0 OK for: @octokit/app@16.1.2 want: ^8.1.2
3487 silly placeDep node_modules/openclaw @octokit/auth-unauthenticated@7.0.3 OK for: @octokit/app@16.1.2 want: ^7.0.3
3488 silly fetch manifest @octokit/auth-oauth-app@^9.0.3
3489 silly packumentCache full:https://registry.npmjs.org/@octokit%2fauth-oauth-app cache-hit
3490 silly fetch manifest @octokit/auth-oauth-user@^6.0.2
3491 silly packumentCache full:https://registry.npmjs.org/@octokit%2fauth-oauth-user cache-hit
3492 silly fetch manifest toad-cache@^3.7.0
3493 silly packumentCache full:https://registry.npmjs.org/toad-cache cache-miss
3494 silly fetch manifest universal-github-app-jwt@^2.2.0
3495 silly packumentCache full:https://registry.npmjs.org/universal-github-app-jwt cache-miss
3496 http fetch GET 200 https://registry.npmjs.org/universal-github-app-jwt 60ms (cache revalidated)
3497 silly packumentCache full:https://registry.npmjs.org/universal-github-app-jwt set size:63745 disposed:false
3498 http fetch GET 200 https://registry.npmjs.org/toad-cache 281ms (cache revalidated)
3499 silly packumentCache full:https://registry.npmjs.org/toad-cache set size:168116 disposed:false
3500 silly placeDep node_modules/openclaw @octokit/auth-oauth-app@9.0.3 OK for: @octokit/auth-app@8.2.0 want: ^9.0.3
3501 silly placeDep node_modules/openclaw @octokit/auth-oauth-user@6.0.2 OK for: @octokit/auth-app@8.2.0 want: ^6.0.2
3502 silly placeDep node_modules/openclaw @octokit/request@10.0.8 OK for: @octokit/auth-app@8.2.0 want: ^10.0.6
3503 silly placeDep node_modules/openclaw toad-cache@3.7.0 OK for: @octokit/auth-app@8.2.0 want: ^3.7.0
3504 silly placeDep node_modules/openclaw universal-github-app-jwt@2.2.2 OK for: @octokit/auth-app@8.2.0 want: ^2.2.0
3505 silly placeDep node_modules/openclaw universal-user-agent@7.0.3 OK for: @octokit/auth-app@8.2.0 want: ^7.0.0
3506 silly fetch manifest @octokit/auth-oauth-device@^8.0.3
3507 silly packumentCache full:https://registry.npmjs.org/@octokit%2fauth-oauth-device cache-miss
3508 silly fetch manifest @octokit/auth-oauth-device@^8.0.3
3509 silly packumentCache full:https://registry.npmjs.org/@octokit%2fauth-oauth-device cache-miss
3510 silly fetch manifest @octokit/oauth-methods@^6.0.2
3511 silly packumentCache full:https://registry.npmjs.org/@octokit%2foauth-methods cache-hit
3512 silly fetch manifest @octokit/endpoint@^11.0.3
3513 silly packumentCache full:https://registry.npmjs.org/@octokit%2fendpoint cache-miss
3514 silly fetch manifest fast-content-type-parse@^3.0.0
3515 silly packumentCache full:https://registry.npmjs.org/fast-content-type-parse cache-miss
3516 silly fetch manifest json-with-bigint@^3.5.3
3517 silly packumentCache full:https://registry.npmjs.org/json-with-bigint cache-miss
3518 silly fetch manifest universal-user-agent@^7.0.2
3519 silly packumentCache full:https://registry.npmjs.org/universal-user-agent cache-hit
3520 http fetch GET 200 https://registry.npmjs.org/fast-content-type-parse 49ms (cache revalidated)
3521 silly packumentCache full:https://registry.npmjs.org/fast-content-type-parse set size:20504 disposed:false
3522 http fetch GET 200 https://registry.npmjs.org/json-with-bigint 294ms (cache revalidated)
3523 silly packumentCache full:https://registry.npmjs.org/json-with-bigint set size:53276 disposed:false
3524 http fetch GET 200 https://registry.npmjs.org/@octokit%2fauth-oauth-device 335ms (cache revalidated)
3525 silly packumentCache full:https://registry.npmjs.org/@octokit%2fauth-oauth-device set size:118231 disposed:false
3526 http fetch GET 200 https://registry.npmjs.org/@octokit%2fauth-oauth-device 351ms (cache revalidated)
3527 silly packumentCache full:https://registry.npmjs.org/@octokit%2fauth-oauth-device set size:118231 disposed:false
3528 silly packumentCache full:https://registry.npmjs.org/@octokit%2fauth-oauth-device dispose
3529 http fetch GET 200 https://registry.npmjs.org/@octokit%2fendpoint 758ms (cache revalidated)
3530 silly packumentCache full:https://registry.npmjs.org/@octokit%2fendpoint set size:305515 disposed:false
3531 silly placeDep node_modules/openclaw @octokit/auth-oauth-device@8.0.3 OK for: @octokit/auth-oauth-app@9.0.3 want: ^8.0.3
3532 silly placeDep node_modules/openclaw @octokit/oauth-methods@6.0.2 OK for: @octokit/auth-oauth-device@8.0.3 want: ^6.0.2
3533 silly placeDep node_modules/openclaw @octokit/auth-token@6.0.0 OK for: @octokit/core@7.0.6 want: ^6.0.0
3534 silly placeDep node_modules/openclaw @octokit/graphql@9.0.3 OK for: @octokit/core@7.0.6 want: ^9.0.3
3535 silly placeDep node_modules/openclaw before-after-hook@4.0.0 OK for: @octokit/core@7.0.6 want: ^4.0.0
3536 silly placeDep node_modules/openclaw @octokit/oauth-authorization-url@8.0.0 OK for: @octokit/oauth-app@8.0.3 want: ^8.0.0
3537 silly placeDep node_modules/openclaw @types/aws-lambda@8.10.161 OK for: @octokit/oauth-app@8.0.3 want: ^8.10.83
3538 silly placeDep node_modules/openclaw @octokit/endpoint@11.0.3 OK for: @octokit/request@10.0.8 want: ^11.0.3
3539 silly placeDep node_modules/openclaw fast-content-type-parse@3.0.0 OK for: @octokit/request@10.0.8 want: ^3.0.0
3540 silly placeDep node_modules/openclaw json-with-bigint@3.5.7 OK for: @octokit/request@10.0.8 want: ^3.5.3
3541 silly placeDep node_modules/openclaw @octokit/openapi-types@27.0.0 OK for: @octokit/types@16.0.0 want: ^27.0.0
3542 silly placeDep node_modules/openclaw @octokit/openapi-webhooks-types@12.1.0 OK for: @octokit/webhooks@14.2.0 want: 12.1.0
3543 silly placeDep node_modules/openclaw @octokit/webhooks-methods@6.0.0 OK for: @octokit/webhooks@14.2.0 want: ^6.0.0
3544 silly placeDep node_modules/openclaw ee-first@1.1.1 OK for: on-finished@2.4.1 want: 1.1.1
3545 silly placeDep node_modules/openclaw wrappy@1.0.2 OK for: once@1.4.0 want: 1
3546 silly placeDep node_modules/openclaw cli-cursor@5.0.0 OK for: ora@9.3.0 want: ^5.0.0
3547 silly placeDep node_modules/openclaw/node_modules/ora cli-spinners@3.4.0 OK for: ora@9.3.0 want: ^3.2.0
3548 silly placeDep node_modules/openclaw is-interactive@2.0.0 OK for: ora@9.3.0 want: ^2.0.0
3549 silly placeDep node_modules/openclaw stdin-discarder@0.3.1 OK for: ora@9.3.0 want: ^0.3.1
3550 silly placeDep node_modules/openclaw/node_modules/ora string-width@8.2.0 OK for: ora@9.3.0 want: ^8.1.0
3551 silly fetch manifest restore-cursor@^5.0.0
3552 silly packumentCache full:https://registry.npmjs.org/restore-cursor cache-miss
3553 http fetch GET 200 https://registry.npmjs.org/restore-cursor 45ms (cache revalidated)
3554 silly packumentCache full:https://registry.npmjs.org/restore-cursor set size:17895 disposed:false
3555 silly placeDep node_modules/openclaw restore-cursor@5.1.0 OK for: cli-cursor@5.0.0 want: ^5.0.0
3556 silly fetch manifest onetime@^7.0.0
3557 silly packumentCache full:https://registry.npmjs.org/onetime cache-miss
3558 silly fetch manifest signal-exit@^4.1.0
3559 silly packumentCache full:https://registry.npmjs.org/signal-exit cache-hit
3560 http fetch GET 200 https://registry.npmjs.org/onetime 44ms (cache revalidated)
3561 silly packumentCache full:https://registry.npmjs.org/onetime set size:32314 disposed:false
3562 silly placeDep node_modules/openclaw/node_modules/p-queue eventemitter3@4.0.7 OK for: p-queue@6.6.2 want: ^4.0.4
3563 silly placeDep node_modules/openclaw p-timeout@3.2.0 OK for: p-queue@6.6.2 want: ^3.2.0
3564 silly fetch manifest p-finally@^1.0.0
3565 silly packumentCache full:https://registry.npmjs.org/p-finally cache-miss
3566 http fetch GET 200 https://registry.npmjs.org/p-finally 50ms (cache revalidated)
3567 silly packumentCache full:https://registry.npmjs.org/p-finally set size:11668 disposed:false
3568 silly placeDep node_modules/openclaw p-finally@1.0.0 OK for: p-timeout@3.2.0 want: ^1.0.0
3569 silly placeDep node_modules/openclaw/node_modules/parse5-htmlparser2-tree-adapter parse5@6.0.1 OK for: parse5-htmlparser2-tree-adapter@6.0.1 want: ^6.0.1
3570 silly placeDep node_modules/openclaw node-readable-to-web-readable-stream@0.4.2 OK for: pdfjs-dist@5.5.207 want: ^0.4.2
3571 silly placeDep node_modules/openclaw @pinojs/redact@0.4.0 OK for: pino@9.14.0 want: ^0.4.0
3572 silly placeDep node_modules/openclaw atomic-sleep@1.0.0 OK for: pino@9.14.0 want: ^1.0.0
3573 silly placeDep node_modules/openclaw on-exit-leak-free@2.1.2 OK for: pino@9.14.0 want: ^2.1.0
3574 silly placeDep node_modules/openclaw pino-abstract-transport@2.0.0 OK for: pino@9.14.0 want: ^2.0.0
3575 silly placeDep node_modules/openclaw pino-std-serializers@7.1.0 OK for: pino@9.14.0 want: ^7.0.0
3576 silly placeDep node_modules/openclaw process-warning@5.0.0 OK for: pino@9.14.0 want: ^5.0.0
3577 silly placeDep node_modules/openclaw quick-format-unescaped@4.0.4 OK for: pino@9.14.0 want: ^4.0.3
3578 silly placeDep node_modules/openclaw real-require@0.2.0 OK for: pino@9.14.0 want: ^0.2.0
3579 silly placeDep node_modules/openclaw safe-stable-stringify@2.5.0 OK for: pino@9.14.0 want: ^2.3.1
3580 silly placeDep node_modules/openclaw sonic-boom@4.2.1 OK for: pino@9.14.0 want: ^4.0.1
3581 silly placeDep node_modules/openclaw thread-stream@3.1.0 OK for: pino@9.14.0 want: ^3.0.0
3582 silly fetch manifest split2@^4.0.0
3583 silly packumentCache full:https://registry.npmjs.org/split2 cache-miss
3584 http fetch GET 200 https://registry.npmjs.org/split2 49ms (cache revalidated)
3585 silly packumentCache full:https://registry.npmjs.org/split2 set size:47438 disposed:false
3586 silly placeDep node_modules/openclaw split2@4.2.0 OK for: pino-abstract-transport@2.0.0 want: ^4.0.0
3587 silly placeDep node_modules/openclaw parse-ms@4.0.0 OK for: pretty-ms@9.3.0 want: ^4.0.0
3588 silly placeDep node_modules/openclaw/node_modules/proper-lockfile retry@0.12.0 OK for: proper-lockfile@4.1.2 want: ^0.12.0
3589 silly placeDep node_modules/openclaw @protobufjs/aspromise@1.1.2 OK for: protobufjs@7.5.4 want: ^1.1.2
3590 silly placeDep node_modules/openclaw @protobufjs/base64@1.1.2 OK for: protobufjs@7.5.4 want: ^1.1.2
3591 silly placeDep node_modules/openclaw @protobufjs/codegen@2.0.4 OK for: protobufjs@7.5.4 want: ^2.0.4
3592 silly placeDep node_modules/openclaw @protobufjs/eventemitter@1.1.0 OK for: protobufjs@7.5.4 want: ^1.1.0
3593 silly placeDep node_modules/openclaw @protobufjs/fetch@1.1.0 OK for: protobufjs@7.5.4 want: ^1.1.0
3594 silly placeDep node_modules/openclaw @protobufjs/float@1.0.2 OK for: protobufjs@7.5.4 want: ^1.0.2
3595 silly placeDep node_modules/openclaw @protobufjs/inquire@1.1.0 OK for: protobufjs@7.5.4 want: ^1.1.0
3596 silly placeDep node_modules/openclaw @protobufjs/path@1.1.2 OK for: protobufjs@7.5.4 want: ^1.1.2
3597 silly placeDep node_modules/openclaw @protobufjs/pool@1.1.0 OK for: protobufjs@7.5.4 want: ^1.1.0
3598 silly placeDep node_modules/openclaw @protobufjs/utf8@1.1.0 OK for: protobufjs@7.5.4 want: ^1.1.0
3599 silly placeDep node_modules/openclaw forwarded@0.2.0 OK for: proxy-addr@2.0.7 want: 0.2.0
3600 silly placeDep node_modules/openclaw/node_modules/proxy-addr ipaddr.js@1.9.1 OK for: proxy-addr@2.0.7 want: 1.9.1
3601 silly placeDep node_modules/openclaw http-proxy-agent@7.0.2 OK for: proxy-agent@6.5.0 want: ^7.0.1
3602 silly placeDep node_modules/openclaw/node_modules/proxy-agent lru-cache@7.18.3 OK for: proxy-agent@6.5.0 want: ^7.14.1
3603 silly placeDep node_modules/openclaw pac-proxy-agent@7.2.0 OK for: proxy-agent@6.5.0 want: ^7.1.0
3604 silly placeDep node_modules/openclaw socks-proxy-agent@8.0.5 OK for: proxy-agent@6.5.0 want: ^8.0.5
3605 silly fetch manifest @tootallnate/quickjs-emscripten@^0.23.0
3606 silly packumentCache full:https://registry.npmjs.org/@tootallnate%2fquickjs-emscripten cache-miss
3607 silly fetch manifest get-uri@^6.0.1
3608 silly packumentCache full:https://registry.npmjs.org/get-uri cache-miss
3609 silly fetch manifest pac-resolver@^7.0.1
3610 silly packumentCache full:https://registry.npmjs.org/pac-resolver cache-miss
3611 silly fetch manifest socks@^2.8.3
3612 silly packumentCache full:https://registry.npmjs.org/socks cache-miss
3613 http fetch GET 200 https://registry.npmjs.org/pac-resolver 61ms (cache revalidated)
3614 silly packumentCache full:https://registry.npmjs.org/pac-resolver set size:54112 disposed:false
3615 http fetch GET 200 https://registry.npmjs.org/get-uri 63ms (cache revalidated)
3616 silly packumentCache full:https://registry.npmjs.org/get-uri set size:57591 disposed:false
3617 http fetch GET 200 https://registry.npmjs.org/@tootallnate%2fquickjs-emscripten 65ms (cache revalidated)
3618 silly packumentCache full:https://registry.npmjs.org/@tootallnate%2fquickjs-emscripten set size:27622 disposed:false
3619 http fetch GET 200 https://registry.npmjs.org/socks 65ms (cache revalidated)
3620 silly packumentCache full:https://registry.npmjs.org/socks set size:168523 disposed:false
3621 silly placeDep node_modules/openclaw @tootallnate/quickjs-emscripten@0.23.0 OK for: pac-proxy-agent@7.2.0 want: ^0.23.0
3622 silly placeDep node_modules/openclaw get-uri@6.0.5 OK for: pac-proxy-agent@7.2.0 want: ^6.0.1
3623 silly placeDep node_modules/openclaw pac-resolver@7.0.1 OK for: pac-proxy-agent@7.2.0 want: ^7.0.1
3624 silly fetch manifest basic-ftp@^5.0.2
3625 silly packumentCache full:https://registry.npmjs.org/basic-ftp cache-miss
3626 silly fetch manifest data-uri-to-buffer@^6.0.2
3627 silly packumentCache full:https://registry.npmjs.org/data-uri-to-buffer cache-hit
3628 silly fetch manifest degenerator@^5.0.0
3629 silly packumentCache full:https://registry.npmjs.org/degenerator cache-miss
3630 silly fetch manifest netmask@^2.0.2
3631 silly packumentCache full:https://registry.npmjs.org/netmask cache-miss
3632 http fetch GET 200 https://registry.npmjs.org/degenerator 56ms (cache revalidated)
3633 silly packumentCache full:https://registry.npmjs.org/degenerator set size:71179 disposed:false
3634 http fetch GET 200 https://registry.npmjs.org/netmask 58ms (cache revalidated)
3635 silly packumentCache full:https://registry.npmjs.org/netmask set size:21537 disposed:false
3636 http fetch GET 200 https://registry.npmjs.org/basic-ftp 59ms (cache revalidated)
3637 silly packumentCache full:https://registry.npmjs.org/basic-ftp set size:284768 disposed:false
3638 silly placeDep node_modules/openclaw basic-ftp@5.2.0 OK for: get-uri@6.0.5 want: ^5.0.2
3639 silly placeDep node_modules/openclaw data-uri-to-buffer@6.0.2 OK for: get-uri@6.0.5 want: ^6.0.2
3640 silly placeDep node_modules/openclaw degenerator@5.0.1 OK for: pac-resolver@7.0.1 want: ^5.0.0
3641 silly placeDep node_modules/openclaw netmask@2.0.2 OK for: pac-resolver@7.0.1 want: ^2.0.2
3642 silly fetch manifest ast-types@^0.13.4
3643 silly packumentCache full:https://registry.npmjs.org/ast-types cache-miss
3644 silly fetch manifest escodegen@^2.1.0
3645 silly packumentCache full:https://registry.npmjs.org/escodegen cache-miss
3646 silly fetch manifest esprima@^4.0.1
3647 silly packumentCache full:https://registry.npmjs.org/esprima cache-miss
3648 http fetch GET 200 https://registry.npmjs.org/esprima 51ms (cache revalidated)
3649 silly packumentCache full:https://registry.npmjs.org/esprima set size:118410 disposed:false
3650 http fetch GET 200 https://registry.npmjs.org/escodegen 54ms (cache revalidated)
3651 silly packumentCache full:https://registry.npmjs.org/escodegen set size:119723 disposed:false
3652 http fetch GET 200 https://registry.npmjs.org/ast-types 56ms (cache revalidated)
3653 silly packumentCache full:https://registry.npmjs.org/ast-types set size:443020 disposed:false
3654 silly placeDep node_modules/openclaw ast-types@0.13.4 OK for: degenerator@5.0.1 want: ^0.13.4
3655 silly placeDep node_modules/openclaw escodegen@2.1.0 OK for: degenerator@5.0.1 want: ^2.1.0
3656 silly placeDep node_modules/openclaw esprima@4.0.1 OK for: degenerator@5.0.1 want: ^4.0.1
3657 silly fetch manifest estraverse@^5.2.0
3658 silly packumentCache full:https://registry.npmjs.org/estraverse cache-miss
3659 silly fetch manifest esutils@^2.0.2
3660 silly packumentCache full:https://registry.npmjs.org/esutils cache-miss
3661 silly fetch manifest source-map@~0.6.1
3662 silly packumentCache full:https://registry.npmjs.org/source-map cache-hit
3663 http fetch GET 200 https://registry.npmjs.org/esutils 47ms (cache revalidated)
3664 silly packumentCache full:https://registry.npmjs.org/esutils set size:29522 disposed:false
3665 http fetch GET 200 https://registry.npmjs.org/estraverse 50ms (cache revalidated)
3666 silly packumentCache full:https://registry.npmjs.org/estraverse set size:62412 disposed:false
3667 silly placeDep node_modules/openclaw estraverse@5.3.0 OK for: escodegen@2.1.0 want: ^5.2.0
3668 silly placeDep node_modules/openclaw esutils@2.0.3 OK for: escodegen@2.1.0 want: ^2.0.2
3669 silly placeDep node_modules/openclaw source-map@0.6.1 OK for: escodegen@2.1.0 want: ~0.6.1
3670 silly placeDep node_modules/openclaw end-of-stream@1.4.5 OK for: pump@3.0.4 want: ^1.1.0
3671 silly placeDep node_modules/openclaw side-channel@1.1.0 OK for: qs@6.15.0 want: ^1.1.0
3672 silly fetch manifest object-inspect@^1.13.3
3673 silly packumentCache full:https://registry.npmjs.org/object-inspect cache-miss
3674 silly fetch manifest side-channel-list@^1.0.0
3675 silly packumentCache full:https://registry.npmjs.org/side-channel-list cache-miss
3676 silly fetch manifest side-channel-map@^1.0.1
3677 silly packumentCache full:https://registry.npmjs.org/side-channel-map cache-miss
3678 silly fetch manifest side-channel-weakmap@^1.0.2
3679 silly packumentCache full:https://registry.npmjs.org/side-channel-weakmap cache-miss
3680 http fetch GET 200 https://registry.npmjs.org/side-channel-weakmap 47ms (cache revalidated)
3681 silly packumentCache full:https://registry.npmjs.org/side-channel-weakmap set size:12620 disposed:false
3682 http fetch GET 200 https://registry.npmjs.org/side-channel-map 50ms (cache revalidated)
3683 silly packumentCache full:https://registry.npmjs.org/side-channel-map set size:9126 disposed:false
3684 http fetch GET 200 https://registry.npmjs.org/side-channel-list 51ms (cache revalidated)
3685 silly packumentCache full:https://registry.npmjs.org/side-channel-list set size:6005 disposed:false
3686 http fetch GET 200 https://registry.npmjs.org/object-inspect 51ms (cache revalidated)
3687 silly packumentCache full:https://registry.npmjs.org/object-inspect set size:101912 disposed:false
3688 silly placeDep node_modules/openclaw unpipe@1.0.0 OK for: raw-body@3.0.2 want: ~1.0.0
3689 silly placeDep node_modules/openclaw deep-extend@0.6.0 OK for: rc@1.2.8 want: ^0.6.0
3690 silly placeDep node_modules/openclaw ini@1.3.8 OK for: rc@1.2.8 want: ~1.3.0
3691 silly placeDep node_modules/openclaw minimist@1.2.8 OK for: rc@1.2.8 want: ^1.2.0
3692 silly placeDep node_modules/openclaw strip-json-comments@2.0.1 OK for: rc@1.2.8 want: ~2.0.1
3693 silly placeDep node_modules/openclaw core-util-is@1.0.3 OK for: readable-stream@2.3.8 want: ~1.0.0
3694 silly placeDep node_modules/openclaw isarray@1.0.0 OK for: readable-stream@2.3.8 want: ~1.0.0
3695 silly placeDep node_modules/openclaw process-nextick-args@2.0.1 OK for: readable-stream@2.3.8 want: ~2.0.0
3696 silly placeDep node_modules/openclaw/node_modules/readable-stream safe-buffer@5.1.2 OK for: readable-stream@2.3.8 want: ~5.1.1
3697 silly placeDep node_modules/openclaw string_decoder@1.1.1 OK for: readable-stream@2.3.8 want: ~1.1.1
3698 silly placeDep node_modules/openclaw util-deprecate@1.0.2 OK for: readable-stream@2.3.8 want: ~1.0.1
3699 silly fetch manifest safe-buffer@~5.1.0
3700 silly packumentCache full:https://registry.npmjs.org/safe-buffer cache-hit
3701 silly placeDep node_modules/openclaw onetime@7.0.0 OK for: restore-cursor@5.1.0 want: ^7.0.0
3702 silly placeDep node_modules/openclaw/node_modules/restore-cursor signal-exit@4.1.0 OK for: restore-cursor@5.1.0 want: ^4.1.0
3703 silly fetch manifest mimic-function@^5.0.0
3704 silly packumentCache full:https://registry.npmjs.org/mimic-function cache-miss
3705 http fetch GET 200 https://registry.npmjs.org/mimic-function 45ms (cache revalidated)
3706 silly packumentCache full:https://registry.npmjs.org/mimic-function set size:6356 disposed:false
3707 silly placeDep node_modules/openclaw mimic-function@5.0.1 OK for: onetime@7.0.0 want: ^5.0.0
3708 silly placeDep node_modules/openclaw/node_modules/rimraf glob@7.2.3 OK for: rimraf@3.0.2 want: ^7.1.3
3709 silly fetch manifest inflight@^1.0.4
3710 silly packumentCache full:https://registry.npmjs.org/inflight cache-miss
3711 silly fetch manifest minimatch@^3.1.1
3712 silly packumentCache full:https://registry.npmjs.org/minimatch cache-hit
3713 silly fetch manifest fs.realpath@^1.0.0
3714 silly packumentCache full:https://registry.npmjs.org/fs.realpath cache-miss
3715 silly fetch manifest path-is-absolute@^1.0.0
3716 silly packumentCache full:https://registry.npmjs.org/path-is-absolute cache-miss
3717 http fetch GET 200 https://registry.npmjs.org/fs.realpath 49ms (cache revalidated)
3718 silly packumentCache full:https://registry.npmjs.org/fs.realpath set size:4806 disposed:false
3719 http fetch GET 200 https://registry.npmjs.org/inflight 50ms (cache revalidated)
3720 silly packumentCache full:https://registry.npmjs.org/inflight set size:13140 disposed:false
3721 http fetch GET 200 https://registry.npmjs.org/path-is-absolute 55ms (cache revalidated)
3722 silly packumentCache full:https://registry.npmjs.org/path-is-absolute set size:8253 disposed:false
3723 silly placeDep node_modules/openclaw is-promise@4.0.0 OK for: router@2.2.0 want: ^4.0.0
3724 silly placeDep node_modules/openclaw @img/colour@1.1.0 OK for: sharp@0.34.5 want: ^1.0.0
3725 silly placeDep node_modules/openclaw @img/sharp-darwin-arm64@0.34.5 OK for: sharp@0.34.5 want: 0.34.5
3726 silly placeDep node_modules/openclaw @img/sharp-darwin-x64@0.34.5 OK for: sharp@0.34.5 want: 0.34.5
3727 silly placeDep node_modules/openclaw @img/sharp-libvips-darwin-arm64@1.2.4 OK for: sharp@0.34.5 want: 1.2.4
3728 silly placeDep node_modules/openclaw @img/sharp-libvips-darwin-x64@1.2.4 OK for: sharp@0.34.5 want: 1.2.4
3729 silly placeDep node_modules/openclaw @img/sharp-libvips-linux-arm@1.2.4 OK for: sharp@0.34.5 want: 1.2.4
3730 silly placeDep node_modules/openclaw @img/sharp-libvips-linux-arm64@1.2.4 OK for: sharp@0.34.5 want: 1.2.4
3731 silly placeDep node_modules/openclaw @img/sharp-libvips-linux-ppc64@1.2.4 OK for: sharp@0.34.5 want: 1.2.4
3732 silly placeDep node_modules/openclaw @img/sharp-libvips-linux-riscv64@1.2.4 OK for: sharp@0.34.5 want: 1.2.4
3733 silly placeDep node_modules/openclaw @img/sharp-libvips-linux-s390x@1.2.4 OK for: sharp@0.34.5 want: 1.2.4
3734 silly placeDep node_modules/openclaw @img/sharp-libvips-linux-x64@1.2.4 OK for: sharp@0.34.5 want: 1.2.4
3735 silly placeDep node_modules/openclaw @img/sharp-libvips-linuxmusl-arm64@1.2.4 OK for: sharp@0.34.5 want: 1.2.4
3736 silly placeDep node_modules/openclaw @img/sharp-libvips-linuxmusl-x64@1.2.4 OK for: sharp@0.34.5 want: 1.2.4
3737 silly placeDep node_modules/openclaw @img/sharp-linux-arm@0.34.5 OK for: sharp@0.34.5 want: 0.34.5
3738 silly placeDep node_modules/openclaw @img/sharp-linux-arm64@0.34.5 OK for: sharp@0.34.5 want: 0.34.5
3739 silly placeDep node_modules/openclaw @img/sharp-linux-ppc64@0.34.5 OK for: sharp@0.34.5 want: 0.34.5
3740 silly placeDep node_modules/openclaw @img/sharp-linux-riscv64@0.34.5 OK for: sharp@0.34.5 want: 0.34.5
3741 silly placeDep node_modules/openclaw @img/sharp-linux-s390x@0.34.5 OK for: sharp@0.34.5 want: 0.34.5
3742 silly placeDep node_modules/openclaw @img/sharp-linux-x64@0.34.5 OK for: sharp@0.34.5 want: 0.34.5
3743 silly placeDep node_modules/openclaw @img/sharp-linuxmusl-arm64@0.34.5 OK for: sharp@0.34.5 want: 0.34.5
3744 silly placeDep node_modules/openclaw @img/sharp-linuxmusl-x64@0.34.5 OK for: sharp@0.34.5 want: 0.34.5
3745 silly placeDep node_modules/openclaw @img/sharp-wasm32@0.34.5 OK for: sharp@0.34.5 want: 0.34.5
3746 silly placeDep node_modules/openclaw @img/sharp-win32-arm64@0.34.5 OK for: sharp@0.34.5 want: 0.34.5
3747 silly placeDep node_modules/openclaw @img/sharp-win32-ia32@0.34.5 OK for: sharp@0.34.5 want: 0.34.5
3748 silly placeDep node_modules/openclaw @img/sharp-win32-x64@0.34.5 OK for: sharp@0.34.5 want: 0.34.5
3749 silly placeDep node_modules/openclaw shebang-regex@3.0.0 OK for: shebang-command@2.0.0 want: ^3.0.0
3750 silly placeDep node_modules/openclaw object-inspect@1.13.4 OK for: side-channel@1.1.0 want: ^1.13.3
3751 silly placeDep node_modules/openclaw side-channel-list@1.0.0 OK for: side-channel@1.1.0 want: ^1.0.0
3752 silly placeDep node_modules/openclaw side-channel-map@1.0.1 OK for: side-channel@1.1.0 want: ^1.0.1
3753 silly placeDep node_modules/openclaw side-channel-weakmap@1.0.2 OK for: side-channel@1.1.0 want: ^1.0.2
3754 silly fetch manifest call-bound@^1.0.2
3755 silly packumentCache full:https://registry.npmjs.org/call-bound cache-miss
3756 silly fetch manifest call-bound@^1.0.2
3757 silly packumentCache full:https://registry.npmjs.org/call-bound cache-miss
3758 http fetch GET 200 https://registry.npmjs.org/call-bound 51ms (cache revalidated)
3759 silly packumentCache full:https://registry.npmjs.org/call-bound set size:15317 disposed:false
3760 http fetch GET 200 https://registry.npmjs.org/call-bound 51ms (cache revalidated)
3761 silly packumentCache full:https://registry.npmjs.org/call-bound set size:15317 disposed:false
3762 silly packumentCache full:https://registry.npmjs.org/call-bound dispose
3763 silly placeDep node_modules/openclaw call-bound@1.0.4 OK for: side-channel-map@1.0.1 want: ^1.0.2
3764 silly placeDep node_modules/openclaw @kwsites/file-exists@1.1.1 OK for: simple-git@3.32.3 want: ^1.1.1
3765 silly placeDep node_modules/openclaw @kwsites/promise-deferred@1.1.1 OK for: simple-git@3.32.3 want: ^1.1.1
3766 silly placeDep node_modules/openclaw ansi-styles@6.2.3 OK for: slice-ansi@8.0.0 want: ^6.2.3
3767 silly placeDep node_modules/openclaw is-fullwidth-code-point@5.1.0 OK for: slice-ansi@8.0.0 want: ^5.1.0
3768 silly placeDep node_modules/openclaw socks@2.8.7 OK for: socks-proxy-agent@8.0.5 want: ^2.8.3
3769 silly fetch manifest ip-address@^10.0.1
3770 silly packumentCache full:https://registry.npmjs.org/ip-address cache-miss
3771 silly fetch manifest smart-buffer@^4.2.0
3772 silly packumentCache full:https://registry.npmjs.org/smart-buffer cache-miss
3773 http fetch GET 200 https://registry.npmjs.org/ip-address 42ms (cache revalidated)
3774 silly packumentCache full:https://registry.npmjs.org/ip-address set size:135050 disposed:false
3775 http fetch GET 200 https://registry.npmjs.org/smart-buffer 44ms (cache revalidated)
3776 silly packumentCache full:https://registry.npmjs.org/smart-buffer set size:87065 disposed:false
3777 silly placeDep node_modules/openclaw ip-address@10.1.0 OK for: socks@2.8.7 want: ^10.0.1
3778 silly placeDep node_modules/openclaw smart-buffer@4.2.0 OK for: socks@2.8.7 want: ^4.2.0
3779 silly placeDep node_modules/openclaw buffer-from@1.1.2 OK for: source-map-support@0.5.21 want: ^1.0.0
3780 silly placeDep node_modules/openclaw sqlite-vec-darwin-arm64@0.1.7-alpha.2 OK for: sqlite-vec@0.1.7-alpha.2 want: 0.1.7-alpha.2
3781 silly placeDep node_modules/openclaw sqlite-vec-darwin-x64@0.1.7-alpha.2 OK for: sqlite-vec@0.1.7-alpha.2 want: 0.1.7-alpha.2
3782 silly placeDep node_modules/openclaw sqlite-vec-linux-arm64@0.1.7-alpha.2 OK for: sqlite-vec@0.1.7-alpha.2 want: 0.1.7-alpha.2
3783 silly placeDep node_modules/openclaw sqlite-vec-linux-x64@0.1.7-alpha.2 OK for: sqlite-vec@0.1.7-alpha.2 want: 0.1.7-alpha.2
3784 silly placeDep node_modules/openclaw sqlite-vec-windows-x64@0.1.7-alpha.2 OK for: sqlite-vec@0.1.7-alpha.2 want: 0.1.7-alpha.2
3785 silly placeDep node_modules/openclaw ansi-escapes@6.2.1 OK for: stdout-update@4.0.1 want: ^6.2.0
3786 silly placeDep node_modules/openclaw/node_modules/stdout-update string-width@7.2.0 OK for: stdout-update@4.0.1 want: ^7.1.0
3787 silly fetch manifest emoji-regex@^10.3.0
3788 silly packumentCache full:https://registry.npmjs.org/emoji-regex cache-hit
3789 silly placeDep node_modules/openclaw/node_modules/string_decoder safe-buffer@5.1.2 OK for: string_decoder@1.1.1 want: ~5.1.0
3790 silly placeDep node_modules/openclaw emoji-regex@8.0.0 OK for: string-width@4.2.3 want: ^8.0.0
3791 silly placeDep node_modules/openclaw/node_modules/string-width is-fullwidth-code-point@3.0.0 OK for: string-width@4.2.3 want: ^3.0.0
3792 silly placeDep node_modules/openclaw/node_modules/string-width strip-ansi@6.0.1 OK for: string-width@4.2.3 want: ^6.0.1
3793 silly placeDep node_modules/openclaw ansi-regex@6.2.2 OK for: strip-ansi@7.2.0 want: ^6.2.2
3794 silly placeDep node_modules/openclaw @isaacs/fs-minipass@4.0.1 OK for: tar@7.5.9 want: ^4.0.0
3795 silly placeDep node_modules/openclaw chownr@3.0.0 OK for: tar@7.5.9 want: ^3.0.0
3796 silly placeDep node_modules/openclaw minizlib@3.1.0 OK for: tar@7.5.9 want: ^3.1.0
3797 silly placeDep node_modules/openclaw yallist@5.0.0 OK for: tar@7.5.9 want: ^5.0.0
3798 silly placeDep node_modules/openclaw thenify@3.3.1 OK for: thenify-all@1.6.0 want: >= 3.1.0 < 4
3799 silly placeDep node_modules/openclaw ieee754@1.2.1 OK for: token-types@6.1.2 want: ^1.2.1
3800 silly placeDep node_modules/openclaw tr46@0.0.3 OK for: whatwg-url@5.0.0 want: ~0.0.3
3801 silly placeDep node_modules/openclaw webidl-conversions@3.0.1 OK for: whatwg-url@5.0.0 want: ^3.0.0
3802 silly placeDep node_modules/openclaw isexe@4.0.0 OK for: which@6.0.1 want: ^4.0.0
3803 silly placeDep node_modules/openclaw cliui@7.0.4 OK for: yargs@16.2.0 want: ^7.0.2
3804 silly placeDep node_modules/openclaw escalade@3.2.0 OK for: yargs@16.2.0 want: ^3.1.1
3805 silly placeDep node_modules/openclaw get-caller-file@2.0.5 OK for: yargs@16.2.0 want: ^2.0.5
3806 silly placeDep node_modules/openclaw require-directory@2.1.1 OK for: yargs@16.2.0 want: ^2.1.1
3807 silly placeDep node_modules/openclaw y18n@5.0.8 OK for: yargs@16.2.0 want: ^5.0.5
3808 silly placeDep node_modules/openclaw yargs-parser@20.2.9 OK for: yargs@16.2.0 want: ^20.2.2
3809 silly fetch manifest wrap-ansi@^7.0.0
3810 silly packumentCache full:https://registry.npmjs.org/wrap-ansi cache-miss
3811 silly fetch manifest strip-ansi@^6.0.0
3812 silly packumentCache full:https://registry.npmjs.org/strip-ansi cache-hit
3813 http fetch GET 200 https://registry.npmjs.org/wrap-ansi 52ms (cache revalidated)
3814 silly packumentCache full:https://registry.npmjs.org/wrap-ansi set size:55299 disposed:false
3815 silly placeDep node_modules/openclaw/node_modules/cliui strip-ansi@6.0.1 OK for: cliui@7.0.4 want: ^6.0.0
3816 silly placeDep node_modules/openclaw wrap-ansi@7.0.0 OK for: cliui@7.0.4 want: ^7.0.0
3817 silly fetch manifest ansi-styles@^4.0.0
3818 silly packumentCache full:https://registry.npmjs.org/ansi-styles cache-hit
3819 silly placeDep node_modules/openclaw/node_modules/wrap-ansi ansi-styles@4.3.0 OK for: wrap-ansi@7.0.0 want: ^4.0.0
3820 silly placeDep node_modules/openclaw/node_modules/wrap-ansi strip-ansi@6.0.1 OK for: wrap-ansi@7.0.0 want: ^6.0.0
3821 silly fetch manifest color-convert@^2.0.1
3822 silly packumentCache full:https://registry.npmjs.org/color-convert cache-miss
3823 http fetch GET 200 https://registry.npmjs.org/color-convert 54ms (cache revalidated)
3824 silly packumentCache full:https://registry.npmjs.org/color-convert set size:72663 disposed:false
3825 silly placeDep node_modules/openclaw buffer-crc32@0.2.13 OK for: yauzl@2.10.0 want: ~0.2.3
3826 silly placeDep node_modules/openclaw fd-slicer@1.1.0 OK for: yauzl@2.10.0 want: ~1.1.0
3827 silly fetch manifest pend@~1.2.0
3828 silly packumentCache full:https://registry.npmjs.org/pend cache-miss
3829 http fetch GET 200 https://registry.npmjs.org/pend 46ms (cache revalidated)
3830 silly packumentCache full:https://registry.npmjs.org/pend set size:8066 disposed:false
3831 silly placeDep node_modules/openclaw pend@1.2.0 OK for: fd-slicer@1.1.0 want: ~1.2.0
3832 silly placeDep node_modules/openclaw/node_modules/@aws-crypto/sha256-browser @smithy/util-buffer-from@2.2.0 OK for: @smithy/util-utf8@2.3.0 want: ^2.2.0
3833 silly fetch manifest @smithy/is-array-buffer@^2.2.0
3834 silly packumentCache full:https://registry.npmjs.org/@smithy%2fis-array-buffer cache-hit
3835 silly placeDep node_modules/openclaw/node_modules/@aws-crypto/sha256-browser @smithy/is-array-buffer@2.2.0 OK for: @smithy/util-buffer-from@2.2.0 want: ^2.2.0
3836 silly placeDep node_modules/openclaw/node_modules/@aws-crypto/util @smithy/util-buffer-from@2.2.0 OK for: @smithy/util-utf8@2.3.0 want: ^2.2.0
3837 silly placeDep node_modules/openclaw/node_modules/@aws-crypto/util @smithy/is-array-buffer@2.2.0 OK for: @smithy/util-buffer-from@2.2.0 want: ^2.2.0
3838 silly placeDep node_modules/openclaw/node_modules/@discordjs/node-pre-gyp agent-base@6.0.2 OK for: https-proxy-agent@5.0.1 want: 6
3839 silly placeDep node_modules/openclaw/node_modules/@discordjs/node-pre-gyp chownr@2.0.0 OK for: tar@6.2.1 want: ^2.0.0
3840 silly placeDep node_modules/openclaw fs-minipass@2.1.0 OK for: tar@6.2.1 want: ^2.0.0
3841 silly placeDep node_modules/openclaw/node_modules/@discordjs/node-pre-gyp minipass@5.0.0 OK for: tar@6.2.1 want: ^5.0.0
3842 silly placeDep node_modules/openclaw/node_modules/@discordjs/node-pre-gyp minizlib@2.1.2 OK for: tar@6.2.1 want: ^2.1.1
3843 silly placeDep node_modules/openclaw mkdirp@1.0.4 OK for: tar@6.2.1 want: ^1.0.3
3844 silly placeDep node_modules/openclaw/node_modules/@discordjs/node-pre-gyp yallist@4.0.0 OK for: tar@6.2.1 want: ^4.0.0
3845 silly fetch manifest minipass@^3.0.0
3846 silly packumentCache full:https://registry.npmjs.org/minipass cache-hit
3847 silly fetch manifest minipass@^3.0.0
3848 silly packumentCache full:https://registry.npmjs.org/minipass cache-hit
3849 silly placeDep node_modules/openclaw/node_modules/fs-minipass minipass@3.3.6 OK for: fs-minipass@2.1.0 want: ^3.0.0
3850 silly placeDep node_modules/openclaw/node_modules/@discordjs/node-pre-gyp/node_modules/minizlib minipass@3.3.6 OK for: minizlib@2.1.2 want: ^3.0.0
3851 silly placeDep node_modules/openclaw/node_modules/@line/bot-sdk undici-types@7.16.0 OK for: @types/node@24.11.0 want: ~7.16.0
3852 silly placeDep node_modules/openclaw/node_modules/@whiskeysockets/baileys p-timeout@7.0.1 OK for: p-queue@9.1.0 want: ^7.0.0
3853 silly placeDep node_modules/openclaw/node_modules/cli-highlight ansi-styles@4.3.0 OK for: chalk@4.1.2 want: ^4.1.0
3854 silly placeDep node_modules/openclaw supports-color@7.2.0 OK for: chalk@4.1.2 want: ^7.1.0
3855 silly fetch manifest has-flag@^4.0.0
3856 silly packumentCache full:https://registry.npmjs.org/has-flag cache-miss
3857 http fetch GET 200 https://registry.npmjs.org/has-flag 48ms (cache revalidated)
3858 silly packumentCache full:https://registry.npmjs.org/has-flag set size:15180 disposed:false
3859 silly placeDep node_modules/openclaw has-flag@4.0.0 OK for: supports-color@7.2.0 want: ^4.0.0
3860 silly placeDep node_modules/openclaw color-convert@2.0.1 OK for: ansi-styles@4.3.0 want: ^2.0.1
3861 silly fetch manifest color-name@~1.1.4
3862 silly packumentCache full:https://registry.npmjs.org/color-name cache-miss
3863 http fetch GET 200 https://registry.npmjs.org/color-name 51ms (cache revalidated)
3864 silly packumentCache full:https://registry.npmjs.org/color-name set size:19467 disposed:false
3865 silly placeDep node_modules/openclaw color-name@1.1.4 OK for: color-convert@2.0.1 want: ~1.1.4
3866 silly placeDep node_modules/openclaw/node_modules/cliui ansi-regex@5.0.1 OK for: strip-ansi@6.0.1 want: ^5.0.1
3867 silly placeDep node_modules/openclaw/node_modules/cmake-js cliui@8.0.1 OK for: yargs@17.7.2 want: ^8.0.1
3868 silly placeDep node_modules/openclaw/node_modules/cmake-js yargs-parser@21.1.1 OK for: yargs@17.7.2 want: ^21.1.1
3869 silly placeDep node_modules/openclaw/node_modules/cmake-js strip-ansi@6.0.1 OK for: cliui@8.0.1 want: ^6.0.1
3870 silly placeDep node_modules/openclaw/node_modules/cmake-js ansi-regex@5.0.1 OK for: strip-ansi@6.0.1 want: ^5.0.1
3871 silly placeDep node_modules/openclaw/node_modules/cross-spawn isexe@2.0.0 OK for: which@2.0.2 want: ^2.0.0
3872 silly placeDep node_modules/openclaw/node_modules/form-data mime-db@1.52.0 OK for: mime-types@2.1.35 want: 1.52.0
3873 silly placeDep node_modules/openclaw/node_modules/fs-minipass yallist@4.0.0 OK for: minipass@3.3.6 want: ^4.0.0
3874 silly placeDep node_modules/openclaw/node_modules/gauge ansi-regex@5.0.1 OK for: strip-ansi@6.0.1 want: ^5.0.1
3875 silly placeDep node_modules/openclaw/node_modules/gaxios data-uri-to-buffer@4.0.1 OK for: node-fetch@3.3.2 want: ^4.0.0
3876 silly placeDep node_modules/openclaw fetch-blob@3.2.0 OK for: node-fetch@3.3.2 want: ^3.1.4
3877 silly placeDep node_modules/openclaw formdata-polyfill@4.0.10 OK for: node-fetch@3.3.2 want: ^4.0.10
3878 silly fetch manifest web-streams-polyfill@^3.0.3
3879 silly packumentCache full:https://registry.npmjs.org/web-streams-polyfill cache-miss
3880 http fetch GET 200 https://registry.npmjs.org/web-streams-polyfill 41ms (cache revalidated)
3881 silly packumentCache full:https://registry.npmjs.org/web-streams-polyfill set size:136634 disposed:false
3882 silly placeDep node_modules/openclaw web-streams-polyfill@3.3.3 OK for: fetch-blob@3.2.0 want: ^3.0.3
3883 silly placeDep node_modules/openclaw/node_modules/gaxios glob@10.5.0 OK for: rimraf@5.0.10 want: ^10.3.7
3884 silly fetch manifest jackspeak@^3.1.2
3885 silly packumentCache full:https://registry.npmjs.org/jackspeak cache-miss
3886 silly fetch manifest minimatch@^9.0.4
3887 silly packumentCache full:https://registry.npmjs.org/minimatch cache-hit
3888 silly fetch manifest path-scurry@^1.11.1
3889 silly packumentCache full:https://registry.npmjs.org/path-scurry cache-hit
3890 silly fetch manifest foreground-child@^3.1.0
3891 silly packumentCache full:https://registry.npmjs.org/foreground-child cache-miss
3892 silly fetch manifest package-json-from-dist@^1.0.0
3893 silly packumentCache full:https://registry.npmjs.org/package-json-from-dist cache-miss
3894 http fetch GET 200 https://registry.npmjs.org/jackspeak 48ms (cache revalidated)
3895 silly packumentCache full:https://registry.npmjs.org/jackspeak set size:204267 disposed:false
3896 http fetch GET 200 https://registry.npmjs.org/package-json-from-dist 53ms (cache revalidated)
3897 silly packumentCache full:https://registry.npmjs.org/package-json-from-dist set size:8854 disposed:false
3898 http fetch GET 200 https://registry.npmjs.org/foreground-child 61ms (cache revalidated)
3899 silly packumentCache full:https://registry.npmjs.org/foreground-child set size:71503 disposed:false
3900 silly placeDep node_modules/openclaw foreground-child@3.3.1 OK for: glob@10.5.0 want: ^3.1.0
3901 silly placeDep node_modules/openclaw jackspeak@3.4.3 OK for: glob@10.5.0 want: ^3.1.2
3902 silly placeDep node_modules/openclaw/node_modules/gaxios minimatch@9.0.9 OK for: glob@10.5.0 want: ^9.0.4
3903 silly placeDep node_modules/openclaw package-json-from-dist@1.0.1 OK for: glob@10.5.0 want: ^1.0.0
3904 silly placeDep node_modules/openclaw/node_modules/gaxios path-scurry@1.11.1 OK for: glob@10.5.0 want: ^1.11.1
3905 silly fetch manifest signal-exit@^4.0.1
3906 silly packumentCache full:https://registry.npmjs.org/signal-exit cache-hit
3907 silly fetch manifest @isaacs/cliui@^8.0.2
3908 silly packumentCache full:https://registry.npmjs.org/@isaacs%2fcliui cache-miss
3909 silly fetch manifest @pkgjs/parseargs@^0.11.0
3910 silly packumentCache full:https://registry.npmjs.org/@pkgjs%2fparseargs cache-miss
3911 silly fetch manifest brace-expansion@^2.0.2
3912 silly packumentCache full:https://registry.npmjs.org/brace-expansion cache-hit
3913 silly fetch manifest lru-cache@^10.2.0
3914 silly packumentCache full:https://registry.npmjs.org/lru-cache cache-hit
3915 http fetch GET 200 https://registry.npmjs.org/@pkgjs%2fparseargs 66ms (cache revalidated)
3916 silly packumentCache full:https://registry.npmjs.org/@pkgjs%2fparseargs set size:51085 disposed:false
3917 http fetch GET 200 https://registry.npmjs.org/@isaacs%2fcliui 69ms (cache revalidated)
3918 silly packumentCache full:https://registry.npmjs.org/@isaacs%2fcliui set size:12263 disposed:false
3919 silly placeDep node_modules/openclaw/node_modules/foreground-child signal-exit@4.1.0 OK for: foreground-child@3.3.1 want: ^4.0.1
3920 silly placeDep node_modules/openclaw @isaacs/cliui@8.0.2 OK for: jackspeak@3.4.3 want: ^8.0.2
3921 silly placeDep node_modules/openclaw @pkgjs/parseargs@0.11.0 OK for: jackspeak@3.4.3 want: ^0.11.0
3922 silly fetch manifest wrap-ansi@^8.1.0
3923 silly packumentCache full:https://registry.npmjs.org/wrap-ansi cache-hit
3924 silly fetch manifest string-width@^5.1.2
3925 silly packumentCache full:https://registry.npmjs.org/string-width cache-hit
3926 silly fetch manifest wrap-ansi-cjs@npm:wrap-ansi@^7.0.0
3927 silly packumentCache full:https://registry.npmjs.org/wrap-ansi cache-hit
3928 silly fetch manifest strip-ansi-cjs@npm:strip-ansi@^6.0.1
3929 silly packumentCache full:https://registry.npmjs.org/strip-ansi cache-hit
3930 silly fetch manifest string-width-cjs@npm:string-width@^4.2.0
3931 silly packumentCache full:https://registry.npmjs.org/string-width cache-hit
3932 silly placeDep node_modules/openclaw/node_modules/@isaacs/cliui string-width@5.1.2 OK for: @isaacs/cliui@8.0.2 want: ^5.1.2
3933 silly placeDep node_modules/openclaw string-width-cjs@4.2.3 OK for: @isaacs/cliui@8.0.2 want: npm:string-width@^4.2.0
3934 silly placeDep node_modules/openclaw strip-ansi-cjs@6.0.1 OK for: @isaacs/cliui@8.0.2 want: npm:strip-ansi@^6.0.1
3935 silly placeDep node_modules/openclaw/node_modules/@isaacs/cliui wrap-ansi@8.1.0 OK for: @isaacs/cliui@8.0.2 want: ^8.1.0
3936 silly placeDep node_modules/openclaw wrap-ansi-cjs@7.0.0 OK for: @isaacs/cliui@8.0.2 want: npm:wrap-ansi@^7.0.0
3937 silly fetch manifest emoji-regex@^9.2.2
3938 silly packumentCache full:https://registry.npmjs.org/emoji-regex cache-hit
3939 silly fetch manifest eastasianwidth@^0.2.0
3940 silly packumentCache full:https://registry.npmjs.org/eastasianwidth cache-miss
3941 http fetch GET 200 https://registry.npmjs.org/eastasianwidth 47ms (cache revalidated)
3942 silly packumentCache full:https://registry.npmjs.org/eastasianwidth set size:7890 disposed:false
3943 silly placeDep node_modules/openclaw/node_modules/string-width-cjs is-fullwidth-code-point@3.0.0 OK for: string-width@4.2.3 want: ^3.0.0
3944 silly placeDep node_modules/openclaw/node_modules/string-width-cjs strip-ansi@6.0.1 OK for: string-width@4.2.3 want: ^6.0.1
3945 silly placeDep node_modules/openclaw/node_modules/strip-ansi-cjs ansi-regex@5.0.1 OK for: strip-ansi@6.0.1 want: ^5.0.1
3946 silly placeDep node_modules/openclaw/node_modules/wrap-ansi-cjs ansi-styles@4.3.0 OK for: wrap-ansi@7.0.0 want: ^4.0.0
3947 silly placeDep node_modules/openclaw/node_modules/wrap-ansi-cjs strip-ansi@6.0.1 OK for: wrap-ansi@7.0.0 want: ^6.0.0
3948 silly placeDep node_modules/openclaw eastasianwidth@0.2.0 OK for: string-width@5.1.2 want: ^0.2.0
3949 silly placeDep node_modules/openclaw/node_modules/@isaacs/cliui emoji-regex@9.2.2 OK for: string-width@5.1.2 want: ^9.2.2
3950 silly placeDep node_modules/openclaw/node_modules/gaxios brace-expansion@2.0.2 OK for: minimatch@9.0.9 want: ^2.0.2
3951 silly fetch manifest balanced-match@^1.0.0
3952 silly packumentCache full:https://registry.npmjs.org/balanced-match cache-hit
3953 silly placeDep node_modules/openclaw/node_modules/gaxios balanced-match@1.0.2 OK for: brace-expansion@2.0.2 want: ^1.0.0
3954 silly placeDep node_modules/openclaw/node_modules/gaxios lru-cache@10.4.3 OK for: path-scurry@1.11.1 want: ^10.2.0
3955 silly placeDep node_modules/openclaw/node_modules/ipull parse-ms@3.0.0 OK for: pretty-ms@8.0.0 want: ^3.0.0
3956 silly placeDep node_modules/openclaw @types/long@4.0.2 OK for: protobufjs@6.8.8 want: ^4.0.0
3957 silly placeDep node_modules/openclaw/node_modules/libsignal @types/node@10.17.60 OK for: protobufjs@6.8.8 want: ^10.1.0
3958 silly placeDep node_modules/openclaw/node_modules/libsignal long@4.0.0 OK for: protobufjs@6.8.8 want: ^4.0.0
3959 silly placeDep node_modules/openclaw/node_modules/node-edge-tts cliui@8.0.1 OK for: yargs@17.7.2 want: ^8.0.1
3960 silly placeDep node_modules/openclaw/node_modules/node-edge-tts yargs-parser@21.1.1 OK for: yargs@17.7.2 want: ^21.1.1
3961 silly placeDep node_modules/openclaw/node_modules/node-edge-tts strip-ansi@6.0.1 OK for: cliui@8.0.1 want: ^6.0.1
3962 silly placeDep node_modules/openclaw/node_modules/node-edge-tts ansi-regex@5.0.1 OK for: strip-ansi@6.0.1 want: ^5.0.1
3963 silly placeDep node_modules/openclaw/node_modules/node-llama-cpp cliui@8.0.1 OK for: yargs@17.7.2 want: ^8.0.1
3964 silly placeDep node_modules/openclaw/node_modules/node-llama-cpp yargs-parser@21.1.1 OK for: yargs@17.7.2 want: ^21.1.1
3965 silly placeDep node_modules/openclaw/node_modules/node-llama-cpp/node_modules/cliui strip-ansi@6.0.1 OK for: cliui@8.0.1 want: ^6.0.1
3966 silly placeDep node_modules/openclaw fs.realpath@1.0.0 OK for: glob@7.2.3 want: ^1.0.0
3967 silly placeDep node_modules/openclaw inflight@1.0.6 OK for: glob@7.2.3 want: ^1.0.4
3968 silly placeDep node_modules/openclaw/node_modules/rimraf minimatch@3.1.5 OK for: glob@7.2.3 want: ^3.1.1
3969 silly placeDep node_modules/openclaw path-is-absolute@1.0.1 OK for: glob@7.2.3 want: ^1.0.0
3970 silly fetch manifest brace-expansion@^1.1.7
3971 silly packumentCache full:https://registry.npmjs.org/brace-expansion cache-hit
3972 silly placeDep node_modules/openclaw/node_modules/rimraf brace-expansion@1.1.12 OK for: minimatch@3.1.5 want: ^1.1.7
3973 silly fetch manifest concat-map@0.0.1
3974 silly packumentCache full:https://registry.npmjs.org/concat-map cache-miss
3975 http fetch GET 200 https://registry.npmjs.org/concat-map 40ms (cache revalidated)
3976 silly packumentCache full:https://registry.npmjs.org/concat-map set size:9290 disposed:false
3977 silly placeDep node_modules/openclaw/node_modules/rimraf balanced-match@1.0.2 OK for: brace-expansion@1.1.12 want: ^1.0.0
3978 silly placeDep node_modules/openclaw concat-map@0.0.1 OK for: brace-expansion@1.1.12 want: 0.0.1
3979 silly placeDep node_modules/openclaw/node_modules/stdout-update emoji-regex@10.6.0 OK for: string-width@7.2.0 want: ^10.3.0
3980 silly placeDep node_modules/openclaw/node_modules/string-width-cjs ansi-regex@5.0.1 OK for: strip-ansi@6.0.1 want: ^5.0.1
3981 silly placeDep node_modules/openclaw/node_modules/string-width ansi-regex@5.0.1 OK for: strip-ansi@6.0.1 want: ^5.0.1
3982 silly placeDep node_modules/openclaw/node_modules/wrap-ansi-cjs ansi-regex@5.0.1 OK for: strip-ansi@6.0.1 want: ^5.0.1
3983 silly placeDep node_modules/openclaw/node_modules/wrap-ansi ansi-regex@5.0.1 OK for: strip-ansi@6.0.1 want: ^5.0.1
3984 silly placeDep node_modules/openclaw/node_modules/node-llama-cpp ansi-regex@5.0.1 OK for: strip-ansi@6.0.1 want: ^5.0.1
3985 silly reify mark retired [
3985 silly reify   '/Users/tomasdiez/.nvm/versions/node/v25.7.0/lib/node_modules/openclaw',
3985 silly reify   '/Users/tomasdiez/.nvm/versions/node/v25.7.0/bin/openclaw'
3985 silly reify ]
3986 silly reify moves {
3986 silly reify   '/Users/tomasdiez/.nvm/versions/node/v25.7.0/lib/node_modules/openclaw': '/Users/tomasdiez/.nvm/versions/node/v25.7.0/lib/node_modules/.openclaw-5S7O2M2V',
3986 silly reify   '/Users/tomasdiez/.nvm/versions/node/v25.7.0/bin/openclaw': '/Users/tomasdiez/.nvm/versions/node/v25.7.0/bin/.openclaw-cupRrWjf'
3986 silly reify }
3987 verbose stack Error: EACCES: permission denied, rename '/Users/tomasdiez/.nvm/versions/node/v25.7.0/lib/node_modules/openclaw' -> '/Users/tomasdiez/.nvm/versions/node/v25.7.0/lib/node_modules/.openclaw-5S7O2M2V'
3987 verbose stack     at async Object.rename (node:internal/fs/promises:781:10)
3987 verbose stack     at async moveFile (/Users/tomasdiez/.nvm/versions/node/v25.7.0/lib/node_modules/npm/node_modules/@npmcli/fs/lib/move-file.js:30:5)
3987 verbose stack     at async Promise.allSettled (index 0)
3987 verbose stack     at async #reifyPackages (/Users/tomasdiez/.nvm/versions/node/v25.7.0/lib/node_modules/npm/node_modules/@npmcli/arborist/lib/arborist/reify.js:309:11)
3987 verbose stack     at async Arborist.reify (/Users/tomasdiez/.nvm/versions/node/v25.7.0/lib/node_modules/npm/node_modules/@npmcli/arborist/lib/arborist/reify.js:121:5)
3987 verbose stack     at async Install.exec (/Users/tomasdiez/.nvm/versions/node/v25.7.0/lib/node_modules/npm/lib/commands/install.js:152:5)
3987 verbose stack     at async Npm.exec (/Users/tomasdiez/.nvm/versions/node/v25.7.0/lib/node_modules/npm/lib/npm.js:209:9)
3987 verbose stack     at async module.exports (/Users/tomasdiez/.nvm/versions/node/v25.7.0/lib/node_modules/npm/lib/cli/entry.js:67:5)
3988 error code EACCES
3989 error syscall rename
3990 error path /Users/tomasdiez/.nvm/versions/node/v25.7.0/lib/node_modules/openclaw
3991 error dest /Users/tomasdiez/.nvm/versions/node/v25.7.0/lib/node_modules/.openclaw-5S7O2M2V
3992 error errno -13
3993 error Error: EACCES: permission denied, rename '/Users/tomasdiez/.nvm/versions/node/v25.7.0/lib/node_modules/openclaw' -> '/Users/tomasdiez/.nvm/versions/node/v25.7.0/lib/node_modules/.openclaw-5S7O2M2V'
3993 error     at async Object.rename (node:internal/fs/promises:781:10)
3993 error     at async moveFile (/Users/tomasdiez/.nvm/versions/node/v25.7.0/lib/node_modules/npm/node_modules/@npmcli/fs/lib/move-file.js:30:5)
3993 error     at async Promise.allSettled (index 0)
3993 error     at async #reifyPackages (/Users/tomasdiez/.nvm/versions/node/v25.7.0/lib/node_modules/npm/node_modules/@npmcli/arborist/lib/arborist/reify.js:309:11)
3993 error     at async Arborist.reify (/Users/tomasdiez/.nvm/versions/node/v25.7.0/lib/node_modules/npm/node_modules/@npmcli/arborist/lib/arborist/reify.js:121:5)
3993 error     at async Install.exec (/Users/tomasdiez/.nvm/versions/node/v25.7.0/lib/node_modules/npm/lib/commands/install.js:152:5)
3993 error     at async Npm.exec (/Users/tomasdiez/.nvm/versions/node/v25.7.0/lib/node_modules/npm/lib/npm.js:209:9)
3993 error     at async module.exports (/Users/tomasdiez/.nvm/versions/node/v25.7.0/lib/node_modules/npm/lib/cli/entry.js:67:5) {
3993 error   errno: -13,
3993 error   code: 'EACCES',
3993 error   syscall: 'rename',
3993 error   path: '/Users/tomasdiez/.nvm/versions/node/v25.7.0/lib/node_modules/openclaw',
3993 error   dest: '/Users/tomasdiez/.nvm/versions/node/v25.7.0/lib/node_modules/.openclaw-5S7O2M2V'
3993 error }
3994 error
3994 error The operation was rejected by your operating system.
3994 error It is likely you do not have the permissions to access this file as the current user
3994 error
3994 error If you believe this might be a permissions issue, please double-check the
3994 error permissions of the file and its containing directories, or try running
3994 error the command again as root/Administrator.
3995 silly unfinished npm timer reify 1772461318925
3996 silly unfinished npm timer reify:retireShallow 1772461348188
3997 verbose cwd /Users/tomasdiez/.nvm/versions/node/v25.7.0/lib/node_modules/openclaw
3998 verbose os Darwin 25.2.0
3999 verbose node v25.7.0
4000 verbose npm  v11.10.1
4001 verbose exit -13
4002 verbose code -13
4003 error A complete log of this run can be found in: /Users/tomasdiez/Web/fablabs.io/.npm-local-cache/_logs/2026-03-02T14_21_58_671Z-debug-0.log
